Target cleaned images per label: 1500
Labels: bicycle, boat, bus, car, helicopter, minibus, motorcycle, taxi, train, truck
Sources: google,naver,duckduckgo
Batch size: 300

Before round 1
------------------------------------------------------------------------
label              raw   cleaned   missing      status
bicycle            255         0      1500   NEED_MORE
boat                39         0      1500   NEED_MORE
bus                  0         0      1500   NEED_MORE
car                  4         4      1496   NEED_MORE
helicopter           0         0      1500   NEED_MORE
minibus              0         0      1500   NEED_MORE
motorcycle           0         0      1500   NEED_MORE
taxi                 0         0      1500   NEED_MORE
train                0         0      1500   NEED_MORE
truck                0         0      1500   NEED_MORE

[Crawl] label=bicycle, current_raw=255, next_raw_goal=555

$ C:\Users\Admin\AppData\Local\Programs\Python\Python310\python.exe scripts/crawl_images.py --labels bicycle --sources google,naver,duckduckgo --limit-per-label 555
_________________________________
Current web-browser version:	148.0.7778.168
Current chrome-driver version:	148.0.7778.167
_________________________________
Collecting links... bicycle on road from naver
Scrolling down
Scraping links
[Exception occurred while collecting links from naver] 'NoneType' object is not subscriptable
[Exception occurred while collecting links from naver] Message: no such window: target window already closed
from unknown error: web view not found
  (Session info: chrome=148.0.7778.168)
Stacktrace:
	chromedriver!GetHandleVerifier [0xe27123+10a23]
	chromedriver!GetHandleVerifier [0xe27254+10b54]
	chromedriver!(No symbol) [0xc41e90]
	chromedriver!(No symbol) [0xc20923]
	chromedriver!(No symbol) [0xcb3afb]
	chromedriver!(No symbol) [0xcca2a9]
	chromedriver!(No symbol) [0xcad526]
	chromedriver!(No symbol) [0xc808f9]
	chromedriver!(No symbol) [0xc816b4]
	chromedriver!GetHandleVerifier [0x10c1ac4+2ab3c4]
	chromedriver!GetHandleVerifier [0x10bd0ed+2a69ed]
	chromedriver!GetHandleVerifier [0x10de4f5+2c7df5]
	chromedriver!GetHandleVerifier [0xe41128+2aa28]
	chromedriver!GetHandleVerifier [0xe48bbd+324bd]
	chromedriver!GetHandleVerifier [0xe2fb28+19428]
	chromedriver!GetHandleVerifier [0xe2fcd5+195d5]
	chromedriver!GetHandleVerifier [0xe191cf+2acf]
	KERNEL32!BaseThreadInitThunk [0x75765d49+19]
	ntdll!RtlInitializeExceptionChain [0x77abd83b+6b]
	ntdll!RtlGetAppContainerNamedObjectPath [0x77abd7c1+231]

[Exception occurred while collecting links from naver] Message: no such window: target window already closed
from unknown error: web view not found
  (Session info: chrome=148.0.7778.168)
Stacktrace:
	chromedriver!GetHandleVerifier [0xe27123+10a23]
	chromedriver!GetHandleVerifier [0xe27254+10b54]
	chromedriver!(No symbol) [0xc41e90]
	chromedriver!(No symbol) [0xc20923]
	chromedriver!(No symbol) [0xcb3afb]
	chromedriver!(No symbol) [0xcca2a9]
	chromedriver!(No symbol) [0xcad526]
	chromedriver!(No symbol) [0xc808f9]
	chromedriver!(No symbol) [0xc816b4]
	chromedriver!GetHandleVerifier [0x10c1ac4+2ab3c4]
	chromedriver!GetHandleVerifier [0x10bd0ed+2a69ed]
	chromedriver!GetHandleVerifier [0x10de4f5+2c7df5]
	chromedriver!GetHandleVerifier [0xe41128+2aa28]
	chromedriver!GetHandleVerifier [0xe48bbd+324bd]
	chromedriver!GetHandleVerifier [0xe2fb28+19428]
	chromedriver!GetHandleVerifier [0xe2fcd5+195d5]
	chromedriver!GetHandleVerifier [0xe191cf+2acf]
	KERNEL32!BaseThreadInitThunk [0x75765d49+19]
	ntdll!RtlInitializeExceptionChain [0x77abd83b+6b]
	ntdll!RtlGetAppContainerNamedObjectPath [0x77abd7c1+231]

[Exception occurred while collecting links from naver] Message: no such window: target window already closed
from unknown error: web view not found
  (Session info: chrome=148.0.7778.168)
Stacktrace:
	chromedriver!GetHandleVerifier [0xe27123+10a23]
	chromedriver!GetHandleVerifier [0xe27254+10b54]
	chromedriver!(No symbol) [0xc41e90]
	chromedriver!(No symbol) [0xc20923]
	chromedriver!(No symbol) [0xcb3afb]
	chromedriver!(No symbol) [0xcca2a9]
	chromedriver!(No symbol) [0xcad526]
	chromedriver!(No symbol) [0xc808f9]
	chromedriver!(No symbol) [0xc816b4]
	chromedriver!GetHandleVerifier [0x10c1ac4+2ab3c4]
	chromedriver!GetHandleVerifier [0x10bd0ed+2a69ed]
	chromedriver!GetHandleVerifier [0x10de4f5+2c7df5]
	chromedriver!GetHandleVerifier [0xe41128+2aa28]
	chromedriver!GetHandleVerifier [0xe48bbd+324bd]
	chromedriver!GetHandleVerifier [0xe2fb28+19428]
	chromedriver!GetHandleVerifier [0xe2fcd5+195d5]
	chromedriver!GetHandleVerifier [0xe191cf+2acf]
	KERNEL32!BaseThreadInitThunk [0x75765d49+19]
	ntdll!RtlInitializeExceptionChain [0x77abd83b+6b]
	ntdll!RtlGetAppContainerNamedObjectPath [0x77abd7c1+231]

[Exception occurred while collecting links from naver] Message: no such window: target window already closed
from unknown error: web view not found
  (Session info: chrome=148.0.7778.168)
Stacktrace:
	chromedriver!GetHandleVerifier [0xe27123+10a23]
	chromedriver!GetHandleVerifier [0xe27254+10b54]
	chromedriver!(No symbol) [0xc41e90]
	chromedriver!(No symbol) [0xc20923]
	chromedriver!(No symbol) [0xcb3afb]
	chromedriver!(No symbol) [0xcca2a9]
	chromedriver!(No symbol) [0xcad526]
	chromedriver!(No symbol) [0xc808f9]
	chromedriver!(No symbol) [0xc816b4]
	chromedriver!GetHandleVerifier [0x10c1ac4+2ab3c4]
	chromedriver!GetHandleVerifier [0x10bd0ed+2a69ed]
	chromedriver!GetHandleVerifier [0x10de4f5+2c7df5]
	chromedriver!GetHandleVerifier [0xe41128+2aa28]
	chromedriver!GetHandleVerifier [0xe48bbd+324bd]
	chromedriver!GetHandleVerifier [0xe2fb28+19428]
	chromedriver!GetHandleVerifier [0xe2fcd5+195d5]
	chromedriver!GetHandleVerifier [0xe191cf+2acf]
	KERNEL32!BaseThreadInitThunk [0x75765d49+19]
	ntdll!RtlInitializeExceptionChain [0x77abd83b+6b]
	ntdll!RtlGetAppContainerNamedObjectPath [0x77abd7c1+231]

[Exception occurred while collecting links from naver] Message: no such window: target window already closed
from unknown error: web view not found
  (Session info: chrome=148.0.7778.168)
Stacktrace:
	chromedriver!GetHandleVerifier [0xe27123+10a23]
	chromedriver!GetHandleVerifier [0xe27254+10b54]
	chromedriver!(No symbol) [0xc41e90]
	chromedriver!(No symbol) [0xc20923]
	chromedriver!(No symbol) [0xcb3afb]
	chromedriver!(No symbol) [0xcca2a9]
	chromedriver!(No symbol) [0xcad526]
	chromedriver!(No symbol) [0xc808f9]
	chromedriver!(No symbol) [0xc816b4]
	chromedriver!GetHandleVerifier [0x10c1ac4+2ab3c4]
	chromedriver!GetHandleVerifier [0x10bd0ed+2a69ed]
	chromedriver!GetHandleVerifier [0x10de4f5+2c7df5]
	chromedriver!GetHandleVerifier [0xe41128+2aa28]
	chromedriver!GetHandleVerifier [0xe48bbd+324bd]
	chromedriver!GetHandleVerifier [0xe2fb28+19428]
	chromedriver!GetHandleVerifier [0xe2fcd5+195d5]
	chromedriver!GetHandleVerifier [0xe191cf+2acf]
	KERNEL32!BaseThreadInitThunk [0x75765d49+19]
	ntdll!RtlInitializeExceptionChain [0x77abd83b+6b]
	ntdll!RtlGetAppContainerNamedObjectPath [0x77abd7c1+231]

[Exception occurred while collecting links from naver] Message: no such window: target window already closed
from unknown error: web view not found
  (Session info: chrome=148.0.7778.168)
Stacktrace:
	chromedriver!GetHandleVerifier [0xe27123+10a23]
	chromedriver!GetHandleVerifier [0xe27254+10b54]
	chromedriver!(No symbol) [0xc41e90]
	chromedriver!(No symbol) [0xc20923]
	chromedriver!(No symbol) [0xcb3afb]
	chromedriver!(No symbol) [0xcca2a9]
	chromedriver!(No symbol) [0xcad526]
	chromedriver!(No symbol) [0xc808f9]
	chromedriver!(No symbol) [0xc816b4]
	chromedriver!GetHandleVerifier [0x10c1ac4+2ab3c4]
	chromedriver!GetHandleVerifier [0x10bd0ed+2a69ed]
	chromedriver!GetHandleVerifier [0x10de4f5+2c7df5]
	chromedriver!GetHandleVerifier [0xe41128+2aa28]
	chromedriver!GetHandleVerifier [0xe48bbd+324bd]
	chromedriver!GetHandleVerifier [0xe2fb28+19428]
	chromedriver!GetHandleVerifier [0xe2fcd5+195d5]
	chromedriver!GetHandleVerifier [0xe191cf+2acf]
	KERNEL32!BaseThreadInitThunk [0x75765d49+19]
	ntdll!RtlInitializeExceptionChain [0x77abd83b+6b]
	ntdll!RtlGetAppContainerNamedObjectPath [0x77abd7c1+231]

[Exception occurred while collecting links from naver] Message: no such window: target window already closed
from unknown error: web view not found
  (Session info: chrome=148.0.7778.168)
Stacktrace:
	chromedriver!GetHandleVerifier [0xe27123+10a23]
	chromedriver!GetHandleVerifier [0xe27254+10b54]
	chromedriver!(No symbol) [0xc41e90]
	chromedriver!(No symbol) [0xc20923]
	chromedriver!(No symbol) [0xcb3afb]
	chromedriver!(No symbol) [0xcca2a9]
	chromedriver!(No symbol) [0xcad526]
	chromedriver!(No symbol) [0xc808f9]
	chromedriver!(No symbol) [0xc816b4]
	chromedriver!GetHandleVerifier [0x10c1ac4+2ab3c4]
	chromedriver!GetHandleVerifier [0x10bd0ed+2a69ed]
	chromedriver!GetHandleVerifier [0x10de4f5+2c7df5]
	chromedriver!GetHandleVerifier [0xe41128+2aa28]
	chromedriver!GetHandleVerifier [0xe48bbd+324bd]
	chromedriver!GetHandleVerifier [0xe2fb28+19428]
	chromedriver!GetHandleVerifier [0xe2fcd5+195d5]
	chromedriver!GetHandleVerifier [0xe191cf+2acf]
	KERNEL32!BaseThreadInitThunk [0x75765d49+19]
	ntdll!RtlInitializeExceptionChain [0x77abd83b+6b]
	ntdll!RtlGetAppContainerNamedObjectPath [0x77abd7c1+231]

[Exception occurred while collecting links from naver] Message: no such window: target window already closed
from unknown error: web view not found
  (Session info: chrome=148.0.7778.168)
Stacktrace:
	chromedriver!GetHandleVerifier [0xe27123+10a23]
	chromedriver!GetHandleVerifier [0xe27254+10b54]
	chromedriver!(No symbol) [0xc41e90]
	chromedriver!(No symbol) [0xc20923]
	chromedriver!(No symbol) [0xcb3afb]
	chromedriver!(No symbol) [0xcca2a9]
	chromedriver!(No symbol) [0xcad526]
	chromedriver!(No symbol) [0xc808f9]
	chromedriver!(No symbol) [0xc816b4]
	chromedriver!GetHandleVerifier [0x10c1ac4+2ab3c4]
	chromedriver!GetHandleVerifier [0x10bd0ed+2a69ed]
	chromedriver!GetHandleVerifier [0x10de4f5+2c7df5]
	chromedriver!GetHandleVerifier [0xe41128+2aa28]
	chromedriver!GetHandleVerifier [0xe48bbd+324bd]
	chromedriver!GetHandleVerifier [0xe2fb28+19428]
	chromedriver!GetHandleVerifier [0xe2fcd5+195d5]
	chromedriver!GetHandleVerifier [0xe191cf+2acf]
	KERNEL32!BaseThreadInitThunk [0x75765d49+19]
	ntdll!RtlInitializeExceptionChain [0x77abd83b+6b]
	ntdll!RtlGetAppContainerNamedObjectPath [0x77abd7c1+231]

[Exception occurred while collecting links from naver] Message: no such window: target window already closed
from unknown error: web view not found
  (Session info: chrome=148.0.7778.168)
Stacktrace:
	chromedriver!GetHandleVerifier [0xe27123+10a23]
	chromedriver!GetHandleVerifier [0xe27254+10b54]
	chromedriver!(No symbol) [0xc41e90]
	chromedriver!(No symbol) [0xc20923]
	chromedriver!(No symbol) [0xcb3afb]
	chromedriver!(No symbol) [0xcca2a9]
	chromedriver!(No symbol) [0xcad526]
	chromedriver!(No symbol) [0xc808f9]
	chromedriver!(No symbol) [0xc816b4]
	chromedriver!GetHandleVerifier [0x10c1ac4+2ab3c4]
	chromedriver!GetHandleVerifier [0x10bd0ed+2a69ed]
	chromedriver!GetHandleVerifier [0x10de4f5+2c7df5]
	chromedriver!GetHandleVerifier [0xe41128+2aa28]
	chromedriver!GetHandleVerifier [0xe48bbd+324bd]
	chromedriver!GetHandleVerifier [0xe2fb28+19428]
	chromedriver!GetHandleVerifier [0xe2fcd5+195d5]
	chromedriver!GetHandleVerifier [0xe191cf+2acf]
	KERNEL32!BaseThreadInitThunk [0x75765d49+19]
	ntdll!RtlInitializeExceptionChain [0x77abd83b+6b]
	ntdll!RtlGetAppContainerNamedObjectPath [0x77abd7c1+231]

[Exception occurred while collecting links from naver] Message: no such window: target window already closed
from unknown error: web view not found
  (Session info: chrome=148.0.7778.168)
Stacktrace:
	chromedriver!GetHandleVerifier [0xe27123+10a23]
	chromedriver!GetHandleVerifier [0xe27254+10b54]
	chromedriver!(No symbol) [0xc41e90]
	chromedriver!(No symbol) [0xc20923]
	chromedriver!(No symbol) [0xcb3afb]
	chromedriver!(No symbol) [0xcca2a9]
	chromedriver!(No symbol) [0xcad526]
	chromedriver!(No symbol) [0xc808f9]
	chromedriver!(No symbol) [0xc816b4]
	chromedriver!GetHandleVerifier [0x10c1ac4+2ab3c4]
	chromedriver!GetHandleVerifier [0x10bd0ed+2a69ed]
	chromedriver!GetHandleVerifier [0x10de4f5+2c7df5]
	chromedriver!GetHandleVerifier [0xe41128+2aa28]
	chromedriver!GetHandleVerifier [0xe48bbd+324bd]
	chromedriver!GetHandleVerifier [0xe2fb28+19428]
	chromedriver!GetHandleVerifier [0xe2fcd5+195d5]
	chromedriver!GetHandleVerifier [0xe191cf+2acf]
	KERNEL32!BaseThreadInitThunk [0x75765d49+19]
	ntdll!RtlInitializeExceptionChain [0x77abd83b+6b]
	ntdll!RtlGetAppContainerNamedObjectPath [0x77abd7c1+231]

[Exception occurred while collecting links from naver] Message: no such window: target window already closed
from unknown error: web view not found
  (Session info: chrome=148.0.7778.168)
Stacktrace:
	chromedriver!GetHandleVerifier [0xe27123+10a23]
	chromedriver!GetHandleVerifier [0xe27254+10b54]
	chromedriver!(No symbol) [0xc41e90]
	chromedriver!(No symbol) [0xc20923]
	chromedriver!(No symbol) [0xcb3afb]
	chromedriver!(No symbol) [0xcca2a9]
	chromedriver!(No symbol) [0xcad526]
	chromedriver!(No symbol) [0xc808f9]
	chromedriver!(No symbol) [0xc816b4]
	chromedriver!GetHandleVerifier [0x10c1ac4+2ab3c4]
	chromedriver!GetHandleVerifier [0x10bd0ed+2a69ed]
	chromedriver!GetHandleVerifier [0x10de4f5+2c7df5]
	chromedriver!GetHandleVerifier [0xe41128+2aa28]
	chromedriver!GetHandleVerifier [0xe48bbd+324bd]
	chromedriver!GetHandleVerifier [0xe2fb28+19428]
	chromedriver!GetHandleVerifier [0xe2fcd5+195d5]
	chromedriver!GetHandleVerifier [0xe191cf+2acf]
	KERNEL32!BaseThreadInitThunk [0x75765d49+19]
	ntdll!RtlInitializeExceptionChain [0x77abd83b+6b]
	ntdll!RtlGetAppContainerNamedObjectPath [0x77abd7c1+231]

[Exception occurred while collecting links from naver] Message: no such window: target window already closed
from unknown error: web view not found
  (Session info: chrome=148.0.7778.168)
Stacktrace:
	chromedriver!GetHandleVerifier [0xe27123+10a23]
	chromedriver!GetHandleVerifier [0xe27254+10b54]
	chromedriver!(No symbol) [0xc41e90]
	chromedriver!(No symbol) [0xc20923]
	chromedriver!(No symbol) [0xcb3afb]
	chromedriver!(No symbol) [0xcca2a9]
	chromedriver!(No symbol) [0xcad526]
	chromedriver!(No symbol) [0xc808f9]
	chromedriver!(No symbol) [0xc816b4]
	chromedriver!GetHandleVerifier [0x10c1ac4+2ab3c4]
	chromedriver!GetHandleVerifier [0x10bd0ed+2a69ed]
	chromedriver!GetHandleVerifier [0x10de4f5+2c7df5]
	chromedriver!GetHandleVerifier [0xe41128+2aa28]
	chromedriver!GetHandleVerifier [0xe48bbd+324bd]
	chromedriver!GetHandleVerifier [0xe2fb28+19428]
	chromedriver!GetHandleVerifier [0xe2fcd5+195d5]
	chromedriver!GetHandleVerifier [0xe191cf+2acf]
	KERNEL32!BaseThreadInitThunk [0x75765d49+19]
	ntdll!RtlInitializeExceptionChain [0x77abd83b+6b]
	ntdll!RtlGetAppContainerNamedObjectPath [0x77abd7c1+231]

[Exception occurred while collecting links from naver] Message: no such window: target window already closed
from unknown error: web view not found
  (Session info: chrome=148.0.7778.168)
Stacktrace:
	chromedriver!GetHandleVerifier [0xe27123+10a23]
	chromedriver!GetHandleVerifier [0xe27254+10b54]
	chromedriver!(No symbol) [0xc41e90]
	chromedriver!(No symbol) [0xc20923]
	chromedriver!(No symbol) [0xcb3afb]
	chromedriver!(No symbol) [0xcca2a9]
	chromedriver!(No symbol) [0xcad526]
	chromedriver!(No symbol) [0xc808f9]
	chromedriver!(No symbol) [0xc816b4]
	chromedriver!GetHandleVerifier [0x10c1ac4+2ab3c4]
	chromedriver!GetHandleVerifier [0x10bd0ed+2a69ed]
	chromedriver!GetHandleVerifier [0x10de4f5+2c7df5]
	chromedriver!GetHandleVerifier [0xe41128+2aa28]
	chromedriver!GetHandleVerifier [0xe48bbd+324bd]
	chromedriver!GetHandleVerifier [0xe2fb28+19428]
	chromedriver!GetHandleVerifier [0xe2fcd5+195d5]
	chromedriver!GetHandleVerifier [0xe191cf+2acf]
	KERNEL32!BaseThreadInitThunk [0x75765d49+19]
	ntdll!RtlInitializeExceptionChain [0x77abd83b+6b]
	ntdll!RtlGetAppContainerNamedObjectPath [0x77abd7c1+231]

[Exception occurred while collecting links from naver] Message: no such window: target window already closed
from unknown error: web view not found
  (Session info: chrome=148.0.7778.168)
Stacktrace:
	chromedriver!GetHandleVerifier [0xe27123+10a23]
	chromedriver!GetHandleVerifier [0xe27254+10b54]
	chromedriver!(No symbol) [0xc41e90]
	chromedriver!(No symbol) [0xc20923]
	chromedriver!(No symbol) [0xcb3afb]
	chromedriver!(No symbol) [0xcca2a9]
	chromedriver!(No symbol) [0xcad526]
	chromedriver!(No symbol) [0xc808f9]
	chromedriver!(No symbol) [0xc816b4]
	chromedriver!GetHandleVerifier [0x10c1ac4+2ab3c4]
	chromedriver!GetHandleVerifier [0x10bd0ed+2a69ed]
	chromedriver!GetHandleVerifier [0x10de4f5+2c7df5]
	chromedriver!GetHandleVerifier [0xe41128+2aa28]
	chromedriver!GetHandleVerifier [0xe48bbd+324bd]
	chromedriver!GetHandleVerifier [0xe2fb28+19428]
	chromedriver!GetHandleVerifier [0xe2fcd5+195d5]
	chromedriver!GetHandleVerifier [0xe191cf+2acf]
	KERNEL32!BaseThreadInitThunk [0x75765d49+19]
	ntdll!RtlInitializeExceptionChain [0x77abd83b+6b]
	ntdll!RtlGetAppContainerNamedObjectPath [0x77abd7c1+231]

[Exception occurred while collecting links from naver] Message: no such window: target window already closed
from unknown error: web view not found
  (Session info: chrome=148.0.7778.168)
Stacktrace:
	chromedriver!GetHandleVerifier [0xe27123+10a23]
	chromedriver!GetHandleVerifier [0xe27254+10b54]
	chromedriver!(No symbol) [0xc41e90]
	chromedriver!(No symbol) [0xc20923]
	chromedriver!(No symbol) [0xcb3afb]
	chromedriver!(No symbol) [0xcca2a9]
	chromedriver!(No symbol) [0xcad526]
	chromedriver!(No symbol) [0xc808f9]
	chromedriver!(No symbol) [0xc816b4]
	chromedriver!GetHandleVerifier [0x10c1ac4+2ab3c4]
	chromedriver!GetHandleVerifier [0x10bd0ed+2a69ed]
	chromedriver!GetHandleVerifier [0x10de4f5+2c7df5]
	chromedriver!GetHandleVerifier [0xe41128+2aa28]
	chromedriver!GetHandleVerifier [0xe48bbd+324bd]
	chromedriver!GetHandleVerifier [0xe2fb28+19428]
	chromedriver!GetHandleVerifier [0xe2fcd5+195d5]
	chromedriver!GetHandleVerifier [0xe191cf+2acf]
	KERNEL32!BaseThreadInitThunk [0x75765d49+19]
	ntdll!RtlInitializeExceptionChain [0x77abd83b+6b]
	ntdll!RtlGetAppContainerNamedObjectPath [0x77abd7c1+231]

[Exception occurred while collecting links from naver] Message: no such window: target window already closed
from unknown error: web view not found
  (Session info: chrome=148.0.7778.168)
Stacktrace:
	chromedriver!GetHandleVerifier [0xe27123+10a23]
	chromedriver!GetHandleVerifier [0xe27254+10b54]
	chromedriver!(No symbol) [0xc41e90]
	chromedriver!(No symbol) [0xc20923]
	chromedriver!(No symbol) [0xcb3afb]
	chromedriver!(No symbol) [0xcca2a9]
	chromedriver!(No symbol) [0xcad526]
	chromedriver!(No symbol) [0xc808f9]
	chromedriver!(No symbol) [0xc816b4]
	chromedriver!GetHandleVerifier [0x10c1ac4+2ab3c4]
	chromedriver!GetHandleVerifier [0x10bd0ed+2a69ed]
	chromedriver!GetHandleVerifier [0x10de4f5+2c7df5]
	chromedriver!GetHandleVerifier [0xe41128+2aa28]
	chromedriver!GetHandleVerifier [0xe48bbd+324bd]
	chromedriver!GetHandleVerifier [0xe2fb28+19428]
	chromedriver!GetHandleVerifier [0xe2fcd5+195d5]
	chromedriver!GetHandleVerifier [0xe191cf+2acf]
	KERNEL32!BaseThreadInitThunk [0x75765d49+19]
	ntdll!RtlInitializeExceptionChain [0x77abd83b+6b]
	ntdll!RtlGetAppContainerNamedObjectPath [0x77abd7c1+231]

[Exception occurred while collecting links from naver] Message: no such window: target window already closed
from unknown error: web view not found
  (Session info: chrome=148.0.7778.168)
Stacktrace:
	chromedriver!GetHandleVerifier [0xe27123+10a23]
	chromedriver!GetHandleVerifier [0xe27254+10b54]
	chromedriver!(No symbol) [0xc41e90]
	chromedriver!(No symbol) [0xc20923]
	chromedriver!(No symbol) [0xcb3afb]
	chromedriver!(No symbol) [0xcca2a9]
	chromedriver!(No symbol) [0xcad526]
	chromedriver!(No symbol) [0xc808f9]
	chromedriver!(No symbol) [0xc816b4]
	chromedriver!GetHandleVerifier [0x10c1ac4+2ab3c4]
	chromedriver!GetHandleVerifier [0x10bd0ed+2a69ed]
	chromedriver!GetHandleVerifier [0x10de4f5+2c7df5]
	chromedriver!GetHandleVerifier [0xe41128+2aa28]
	chromedriver!GetHandleVerifier [0xe48bbd+324bd]
	chromedriver!GetHandleVerifier [0xe2fb28+19428]
	chromedriver!GetHandleVerifier [0xe2fcd5+195d5]
	chromedriver!GetHandleVerifier [0xe191cf+2acf]
	KERNEL32!BaseThreadInitThunk [0x75765d49+19]
	ntdll!RtlInitializeExceptionChain [0x77abd83b+6b]
	ntdll!RtlGetAppContainerNamedObjectPath [0x77abd7c1+231]

[Exception occurred while collecting links from naver] Message: no such window: target window already closed
from unknown error: web view not found
  (Session info: chrome=148.0.7778.168)
Stacktrace:
	chromedriver!GetHandleVerifier [0xe27123+10a23]
	chromedriver!GetHandleVerifier [0xe27254+10b54]
	chromedriver!(No symbol) [0xc41e90]
	chromedriver!(No symbol) [0xc20923]
	chromedriver!(No symbol) [0xcb3afb]
	chromedriver!(No symbol) [0xcca2a9]
	chromedriver!(No symbol) [0xcad526]
	chromedriver!(No symbol) [0xc808f9]
	chromedriver!(No symbol) [0xc816b4]
	chromedriver!GetHandleVerifier [0x10c1ac4+2ab3c4]
	chromedriver!GetHandleVerifier [0x10bd0ed+2a69ed]
	chromedriver!GetHandleVerifier [0x10de4f5+2c7df5]
	chromedriver!GetHandleVerifier [0xe41128+2aa28]
	chromedriver!GetHandleVerifier [0xe48bbd+324bd]
	chromedriver!GetHandleVerifier [0xe2fb28+19428]
	chromedriver!GetHandleVerifier [0xe2fcd5+195d5]
	chromedriver!GetHandleVerifier [0xe191cf+2acf]
	KERNEL32!BaseThreadInitThunk [0x75765d49+19]
	ntdll!RtlInitializeExceptionChain [0x77abd83b+6b]
	ntdll!RtlGetAppContainerNamedObjectPath [0x77abd7c1+231]

[Exception occurred while collecting links from naver] Message: no such window: target window already closed
from unknown error: web view not found
  (Session info: chrome=148.0.7778.168)
Stacktrace:
	chromedriver!GetHandleVerifier [0xe27123+10a23]
	chromedriver!GetHandleVerifier [0xe27254+10b54]
	chromedriver!(No symbol) [0xc41e90]
	chromedriver!(No symbol) [0xc20923]
	chromedriver!(No symbol) [0xcb3afb]
	chromedriver!(No symbol) [0xcca2a9]
	chromedriver!(No symbol) [0xcad526]
	chromedriver!(No symbol) [0xc808f9]
	chromedriver!(No symbol) [0xc816b4]
	chromedriver!GetHandleVerifier [0x10c1ac4+2ab3c4]
	chromedriver!GetHandleVerifier [0x10bd0ed+2a69ed]
	chromedriver!GetHandleVerifier [0x10de4f5+2c7df5]
	chromedriver!GetHandleVerifier [0xe41128+2aa28]
	chromedriver!GetHandleVerifier [0xe48bbd+324bd]
	chromedriver!GetHandleVerifier [0xe2fb28+19428]
	chromedriver!GetHandleVerifier [0xe2fcd5+195d5]
	chromedriver!GetHandleVerifier [0xe191cf+2acf]
	KERNEL32!BaseThreadInitThunk [0x75765d49+19]
	ntdll!RtlInitializeExceptionChain [0x77abd83b+6b]
	ntdll!RtlGetAppContainerNamedObjectPath [0x77abd7c1+231]

[Exception occurred while collecting links from naver] Message: no such window: target window already closed
from unknown error: web view not found
  (Session info: chrome=148.0.7778.168)
Stacktrace:
	chromedriver!GetHandleVerifier [0xe27123+10a23]
	chromedriver!GetHandleVerifier [0xe27254+10b54]
	chromedriver!(No symbol) [0xc41e90]
	chromedriver!(No symbol) [0xc20923]
	chromedriver!(No symbol) [0xcb3afb]
	chromedriver!(No symbol) [0xcca2a9]
	chromedriver!(No symbol) [0xcad526]
	chromedriver!(No symbol) [0xc808f9]
	chromedriver!(No symbol) [0xc816b4]
	chromedriver!GetHandleVerifier [0x10c1ac4+2ab3c4]
	chromedriver!GetHandleVerifier [0x10bd0ed+2a69ed]
	chromedriver!GetHandleVerifier [0x10de4f5+2c7df5]
	chromedriver!GetHandleVerifier [0xe41128+2aa28]
	chromedriver!GetHandleVerifier [0xe48bbd+324bd]
	chromedriver!GetHandleVerifier [0xe2fb28+19428]
	chromedriver!GetHandleVerifier [0xe2fcd5+195d5]
	chromedriver!GetHandleVerifier [0xe191cf+2acf]
	KERNEL32!BaseThreadInitThunk [0x75765d49+19]
	ntdll!RtlInitializeExceptionChain [0x77abd83b+6b]
	ntdll!RtlGetAppContainerNamedObjectPath [0x77abd7c1+231]

[Exception occurred while collecting links from naver] Message: no such window: target window already closed
from unknown error: web view not found
  (Session info: chrome=148.0.7778.168)
Stacktrace:
	chromedriver!GetHandleVerifier [0xe27123+10a23]
	chromedriver!GetHandleVerifier [0xe27254+10b54]
	chromedriver!(No symbol) [0xc41e90]
	chromedriver!(No symbol) [0xc20923]
	chromedriver!(No symbol) [0xcb3afb]
	chromedriver!(No symbol) [0xcca2a9]
	chromedriver!(No symbol) [0xcad526]
	chromedriver!(No symbol) [0xc808f9]
	chromedriver!(No symbol) [0xc816b4]
	chromedriver!GetHandleVerifier [0x10c1ac4+2ab3c4]
	chromedriver!GetHandleVerifier [0x10bd0ed+2a69ed]
	chromedriver!GetHandleVerifier [0x10de4f5+2c7df5]
	chromedriver!GetHandleVerifier [0xe41128+2aa28]
	chromedriver!GetHandleVerifier [0xe48bbd+324bd]
	chromedriver!GetHandleVerifier [0xe2fb28+19428]
	chromedriver!GetHandleVerifier [0xe2fcd5+195d5]
	chromedriver!GetHandleVerifier [0xe191cf+2acf]
	KERNEL32!BaseThreadInitThunk [0x75765d49+19]
	ntdll!RtlInitializeExceptionChain [0x77abd83b+6b]
	ntdll!RtlGetAppContainerNamedObjectPath [0x77abd7c1+231]

[Exception occurred while collecting links from naver] Message: no such window: target window already closed
from unknown error: web view not found
  (Session info: chrome=148.0.7778.168)
Stacktrace:
	chromedriver!GetHandleVerifier [0xe27123+10a23]
	chromedriver!GetHandleVerifier [0xe27254+10b54]
	chromedriver!(No symbol) [0xc41e90]
	chromedriver!(No symbol) [0xc20923]
	chromedriver!(No symbol) [0xcb3afb]
	chromedriver!(No symbol) [0xcca2a9]
	chromedriver!(No symbol) [0xcad526]
	chromedriver!(No symbol) [0xc808f9]
	chromedriver!(No symbol) [0xc816b4]
	chromedriver!GetHandleVerifier [0x10c1ac4+2ab3c4]
	chromedriver!GetHandleVerifier [0x10bd0ed+2a69ed]
	chromedriver!GetHandleVerifier [0x10de4f5+2c7df5]
	chromedriver!GetHandleVerifier [0xe41128+2aa28]
	chromedriver!GetHandleVerifier [0xe48bbd+324bd]
	chromedriver!GetHandleVerifier [0xe2fb28+19428]
	chromedriver!GetHandleVerifier [0xe2fcd5+195d5]
	chromedriver!GetHandleVerifier [0xe191cf+2acf]
	KERNEL32!BaseThreadInitThunk [0x75765d49+19]
	ntdll!RtlInitializeExceptionChain [0x77abd83b+6b]
	ntdll!RtlGetAppContainerNamedObjectPath [0x77abd7c1+231]

[Exception occurred while collecting links from naver] Message: no such window: target window already closed
from unknown error: web view not found
  (Session info: chrome=148.0.7778.168)
Stacktrace:
	chromedriver!GetHandleVerifier [0xe27123+10a23]
	chromedriver!GetHandleVerifier [0xe27254+10b54]
	chromedriver!(No symbol) [0xc41e90]
	chromedriver!(No symbol) [0xc20923]
	chromedriver!(No symbol) [0xcb3afb]
	chromedriver!(No symbol) [0xcca2a9]
	chromedriver!(No symbol) [0xcad526]
	chromedriver!(No symbol) [0xc808f9]
	chromedriver!(No symbol) [0xc816b4]
	chromedriver!GetHandleVerifier [0x10c1ac4+2ab3c4]
	chromedriver!GetHandleVerifier [0x10bd0ed+2a69ed]
	chromedriver!GetHandleVerifier [0x10de4f5+2c7df5]
	chromedriver!GetHandleVerifier [0xe41128+2aa28]
	chromedriver!GetHandleVerifier [0xe48bbd+324bd]
	chromedriver!GetHandleVerifier [0xe2fb28+19428]
	chromedriver!GetHandleVerifier [0xe2fcd5+195d5]
	chromedriver!GetHandleVerifier [0xe191cf+2acf]
	KERNEL32!BaseThreadInitThunk [0x75765d49+19]
	ntdll!RtlInitializeExceptionChain [0x77abd83b+6b]
	ntdll!RtlGetAppContainerNamedObjectPath [0x77abd7c1+231]

[Exception occurred while collecting links from naver] Message: no such window: target window already closed
from unknown error: web view not found
  (Session info: chrome=148.0.7778.168)
Stacktrace:
	chromedriver!GetHandleVerifier [0xe27123+10a23]
	chromedriver!GetHandleVerifier [0xe27254+10b54]
	chromedriver!(No symbol) [0xc41e90]
	chromedriver!(No symbol) [0xc20923]
	chromedriver!(No symbol) [0xcb3afb]
	chromedriver!(No symbol) [0xcca2a9]
	chromedriver!(No symbol) [0xcad526]
	chromedriver!(No symbol) [0xc808f9]
	chromedriver!(No symbol) [0xc816b4]
	chromedriver!GetHandleVerifier [0x10c1ac4+2ab3c4]
	chromedriver!GetHandleVerifier [0x10bd0ed+2a69ed]
	chromedriver!GetHandleVerifier [0x10de4f5+2c7df5]
	chromedriver!GetHandleVerifier [0xe41128+2aa28]
	chromedriver!GetHandleVerifier [0xe48bbd+324bd]
	chromedriver!GetHandleVerifier [0xe2fb28+19428]
	chromedriver!GetHandleVerifier [0xe2fcd5+195d5]
	chromedriver!GetHandleVerifier [0xe191cf+2acf]
	KERNEL32!BaseThreadInitThunk [0x75765d49+19]
	ntdll!RtlInitializeExceptionChain [0x77abd83b+6b]
	ntdll!RtlGetAppContainerNamedObjectPath [0x77abd7c1+231]

[Exception occurred while collecting links from naver] Message: no such window: target window already closed
from unknown error: web view not found
  (Session info: chrome=148.0.7778.168)
Stacktrace:
	chromedriver!GetHandleVerifier [0xe27123+10a23]
	chromedriver!GetHandleVerifier [0xe27254+10b54]
	chromedriver!(No symbol) [0xc41e90]
	chromedriver!(No symbol) [0xc20923]
	chromedriver!(No symbol) [0xcb3afb]
	chromedriver!(No symbol) [0xcca2a9]
	chromedriver!(No symbol) [0xcad526]
	chromedriver!(No symbol) [0xc808f9]
	chromedriver!(No symbol) [0xc816b4]
	chromedriver!GetHandleVerifier [0x10c1ac4+2ab3c4]
	chromedriver!GetHandleVerifier [0x10bd0ed+2a69ed]
	chromedriver!GetHandleVerifier [0x10de4f5+2c7df5]
	chromedriver!GetHandleVerifier [0xe41128+2aa28]
	chromedriver!GetHandleVerifier [0xe48bbd+324bd]
	chromedriver!GetHandleVerifier [0xe2fb28+19428]
	chromedriver!GetHandleVerifier [0xe2fcd5+195d5]
	chromedriver!GetHandleVerifier [0xe191cf+2acf]
	KERNEL32!BaseThreadInitThunk [0x75765d49+19]
	ntdll!RtlInitializeExceptionChain [0x77abd83b+6b]
	ntdll!RtlGetAppContainerNamedObjectPath [0x77abd7c1+231]

[Exception occurred while collecting links from naver] Message: no such window: target window already closed
from unknown error: web view not found
  (Session info: chrome=148.0.7778.168)
Stacktrace:
	chromedriver!GetHandleVerifier [0xe27123+10a23]
	chromedriver!GetHandleVerifier [0xe27254+10b54]
	chromedriver!(No symbol) [0xc41e90]
	chromedriver!(No symbol) [0xc20923]
	chromedriver!(No symbol) [0xcb3afb]
	chromedriver!(No symbol) [0xcca2a9]
	chromedriver!(No symbol) [0xcad526]
	chromedriver!(No symbol) [0xc808f9]
	chromedriver!(No symbol) [0xc816b4]
	chromedriver!GetHandleVerifier [0x10c1ac4+2ab3c4]
	chromedriver!GetHandleVerifier [0x10bd0ed+2a69ed]
	chromedriver!GetHandleVerifier [0x10de4f5+2c7df5]
	chromedriver!GetHandleVerifier [0xe41128+2aa28]
	chromedriver!GetHandleVerifier [0xe48bbd+324bd]
	chromedriver!GetHandleVerifier [0xe2fb28+19428]
	chromedriver!GetHandleVerifier [0xe2fcd5+195d5]
	chromedriver!GetHandleVerifier [0xe191cf+2acf]
	KERNEL32!BaseThreadInitThunk [0x75765d49+19]
	ntdll!RtlInitializeExceptionChain [0x77abd83b+6b]
	ntdll!RtlGetAppContainerNamedObjectPath [0x77abd7c1+231]

[Exception occurred while collecting links from naver] Message: no such window: target window already closed
from unknown error: web view not found
  (Session info: chrome=148.0.7778.168)
Stacktrace:
	chromedriver!GetHandleVerifier [0xe27123+10a23]
	chromedriver!GetHandleVerifier [0xe27254+10b54]
	chromedriver!(No symbol) [0xc41e90]
	chromedriver!(No symbol) [0xc20923]
	chromedriver!(No symbol) [0xcb3afb]
	chromedriver!(No symbol) [0xcca2a9]
	chromedriver!(No symbol) [0xcad526]
	chromedriver!(No symbol) [0xc808f9]
	chromedriver!(No symbol) [0xc816b4]
	chromedriver!GetHandleVerifier [0x10c1ac4+2ab3c4]
	chromedriver!GetHandleVerifier [0x10bd0ed+2a69ed]
	chromedriver!GetHandleVerifier [0x10de4f5+2c7df5]
	chromedriver!GetHandleVerifier [0xe41128+2aa28]
	chromedriver!GetHandleVerifier [0xe48bbd+324bd]
	chromedriver!GetHandleVerifier [0xe2fb28+19428]
	chromedriver!GetHandleVerifier [0xe2fcd5+195d5]
	chromedriver!GetHandleVerifier [0xe191cf+2acf]
	KERNEL32!BaseThreadInitThunk [0x75765d49+19]
	ntdll!RtlInitializeExceptionChain [0x77abd83b+6b]
	ntdll!RtlGetAppContainerNamedObjectPath [0x77abd7c1+231]

[Exception occurred while collecting links from naver] Message: no such window: target window already closed
from unknown error: web view not found
  (Session info: chrome=148.0.7778.168)
Stacktrace:
	chromedriver!GetHandleVerifier [0xe27123+10a23]
	chromedriver!GetHandleVerifier [0xe27254+10b54]
	chromedriver!(No symbol) [0xc41e90]
	chromedriver!(No symbol) [0xc20923]
	chromedriver!(No symbol) [0xcb3afb]
	chromedriver!(No symbol) [0xcca2a9]
	chromedriver!(No symbol) [0xcad526]
	chromedriver!(No symbol) [0xc808f9]
	chromedriver!(No symbol) [0xc816b4]
	chromedriver!GetHandleVerifier [0x10c1ac4+2ab3c4]
	chromedriver!GetHandleVerifier [0x10bd0ed+2a69ed]
	chromedriver!GetHandleVerifier [0x10de4f5+2c7df5]
	chromedriver!GetHandleVerifier [0xe41128+2aa28]
	chromedriver!GetHandleVerifier [0xe48bbd+324bd]
	chromedriver!GetHandleVerifier [0xe2fb28+19428]
	chromedriver!GetHandleVerifier [0xe2fcd5+195d5]
	chromedriver!GetHandleVerifier [0xe191cf+2acf]
	KERNEL32!BaseThreadInitThunk [0x75765d49+19]
	ntdll!RtlInitializeExceptionChain [0x77abd83b+6b]
	ntdll!RtlGetAppContainerNamedObjectPath [0x77abd7c1+231]

[Exception occurred while collecting links from naver] Message: no such window: target window already closed
from unknown error: web view not found
  (Session info: chrome=148.0.7778.168)
Stacktrace:
	chromedriver!GetHandleVerifier [0xe27123+10a23]
	chromedriver!GetHandleVerifier [0xe27254+10b54]
	chromedriver!(No symbol) [0xc41e90]
	chromedriver!(No symbol) [0xc20923]
	chromedriver!(No symbol) [0xcb3afb]
	chromedriver!(No symbol) [0xcca2a9]
	chromedriver!(No symbol) [0xcad526]
	chromedriver!(No symbol) [0xc808f9]
	chromedriver!(No symbol) [0xc816b4]
	chromedriver!GetHandleVerifier [0x10c1ac4+2ab3c4]
	chromedriver!GetHandleVerifier [0x10bd0ed+2a69ed]
	chromedriver!GetHandleVerifier [0x10de4f5+2c7df5]
	chromedriver!GetHandleVerifier [0xe41128+2aa28]
	chromedriver!GetHandleVerifier [0xe48bbd+324bd]
	chromedriver!GetHandleVerifier [0xe2fb28+19428]
	chromedriver!GetHandleVerifier [0xe2fcd5+195d5]
	chromedriver!GetHandleVerifier [0xe191cf+2acf]
	KERNEL32!BaseThreadInitThunk [0x75765d49+19]
	ntdll!RtlInitializeExceptionChain [0x77abd83b+6b]
	ntdll!RtlGetAppContainerNamedObjectPath [0x77abd7c1+231]

[Exception occurred while collecting links from naver] Message: no such window: target window already closed
from unknown error: web view not found
  (Session info: chrome=148.0.7778.168)
Stacktrace:
	chromedriver!GetHandleVerifier [0xe27123+10a23]
	chromedriver!GetHandleVerifier [0xe27254+10b54]
	chromedriver!(No symbol) [0xc41e90]
	chromedriver!(No symbol) [0xc20923]
	chromedriver!(No symbol) [0xcb3afb]
	chromedriver!(No symbol) [0xcca2a9]
	chromedriver!(No symbol) [0xcad526]
	chromedriver!(No symbol) [0xc808f9]
	chromedriver!(No symbol) [0xc816b4]
	chromedriver!GetHandleVerifier [0x10c1ac4+2ab3c4]
	chromedriver!GetHandleVerifier [0x10bd0ed+2a69ed]
	chromedriver!GetHandleVerifier [0x10de4f5+2c7df5]
	chromedriver!GetHandleVerifier [0xe41128+2aa28]
	chromedriver!GetHandleVerifier [0xe48bbd+324bd]
	chromedriver!GetHandleVerifier [0xe2fb28+19428]
	chromedriver!GetHandleVerifier [0xe2fcd5+195d5]
	chromedriver!GetHandleVerifier [0xe191cf+2acf]
	KERNEL32!BaseThreadInitThunk [0x75765d49+19]
	ntdll!RtlInitializeExceptionChain [0x77abd83b+6b]
	ntdll!RtlGetAppContainerNamedObjectPath [0x77abd7c1+231]

[Exception occurred while collecting links from naver] Message: no such window: target window already closed
from unknown error: web view not found
  (Session info: chrome=148.0.7778.168)
Stacktrace:
	chromedriver!GetHandleVerifier [0xe27123+10a23]
	chromedriver!GetHandleVerifier [0xe27254+10b54]
	chromedriver!(No symbol) [0xc41e90]
	chromedriver!(No symbol) [0xc20923]
	chromedriver!(No symbol) [0xcb3afb]
	chromedriver!(No symbol) [0xcca2a9]
	chromedriver!(No symbol) [0xcad526]
	chromedriver!(No symbol) [0xc808f9]
	chromedriver!(No symbol) [0xc816b4]
	chromedriver!GetHandleVerifier [0x10c1ac4+2ab3c4]
	chromedriver!GetHandleVerifier [0x10bd0ed+2a69ed]
	chromedriver!GetHandleVerifier [0x10de4f5+2c7df5]
	chromedriver!GetHandleVerifier [0xe41128+2aa28]
	chromedriver!GetHandleVerifier [0xe48bbd+324bd]
	chromedriver!GetHandleVerifier [0xe2fb28+19428]
	chromedriver!GetHandleVerifier [0xe2fcd5+195d5]
	chromedriver!GetHandleVerifier [0xe191cf+2acf]
	KERNEL32!BaseThreadInitThunk [0x75765d49+19]
	ntdll!RtlInitializeExceptionChain [0x77abd83b+6b]
	ntdll!RtlGetAppContainerNamedObjectPath [0x77abd7c1+231]

[Exception occurred while collecting links from naver] Message: no such window: target window already closed
from unknown error: web view not found
  (Session info: chrome=148.0.7778.168)
Stacktrace:
	chromedriver!GetHandleVerifier [0xe27123+10a23]
	chromedriver!GetHandleVerifier [0xe27254+10b54]
	chromedriver!(No symbol) [0xc41e90]
	chromedriver!(No symbol) [0xc20923]
	chromedriver!(No symbol) [0xcb3afb]
	chromedriver!(No symbol) [0xcca2a9]
	chromedriver!(No symbol) [0xcad526]
	chromedriver!(No symbol) [0xc808f9]
	chromedriver!(No symbol) [0xc816b4]
	chromedriver!GetHandleVerifier [0x10c1ac4+2ab3c4]
	chromedriver!GetHandleVerifier [0x10bd0ed+2a69ed]
	chromedriver!GetHandleVerifier [0x10de4f5+2c7df5]
	chromedriver!GetHandleVerifier [0xe41128+2aa28]
	chromedriver!GetHandleVerifier [0xe48bbd+324bd]
	chromedriver!GetHandleVerifier [0xe2fb28+19428]
	chromedriver!GetHandleVerifier [0xe2fcd5+195d5]
	chromedriver!GetHandleVerifier [0xe191cf+2acf]
	KERNEL32!BaseThreadInitThunk [0x75765d49+19]
	ntdll!RtlInitializeExceptionChain [0x77abd83b+6b]
	ntdll!RtlGetAppContainerNamedObjectPath [0x77abd7c1+231]

[Exception occurred while collecting links from naver] Message: no such window: target window already closed
from unknown error: web view not found
  (Session info: chrome=148.0.7778.168)
Stacktrace:
	chromedriver!GetHandleVerifier [0xe27123+10a23]
	chromedriver!GetHandleVerifier [0xe27254+10b54]
	chromedriver!(No symbol) [0xc41e90]
	chromedriver!(No symbol) [0xc20923]
	chromedriver!(No symbol) [0xcb3afb]
	chromedriver!(No symbol) [0xcca2a9]
	chromedriver!(No symbol) [0xcad526]
	chromedriver!(No symbol) [0xc808f9]
	chromedriver!(No symbol) [0xc816b4]
	chromedriver!GetHandleVerifier [0x10c1ac4+2ab3c4]
	chromedriver!GetHandleVerifier [0x10bd0ed+2a69ed]
	chromedriver!GetHandleVerifier [0x10de4f5+2c7df5]
	chromedriver!GetHandleVerifier [0xe41128+2aa28]
	chromedriver!GetHandleVerifier [0xe48bbd+324bd]
	chromedriver!GetHandleVerifier [0xe2fb28+19428]
	chromedriver!GetHandleVerifier [0xe2fcd5+195d5]
	chromedriver!GetHandleVerifier [0xe191cf+2acf]
	KERNEL32!BaseThreadInitThunk [0x75765d49+19]
	ntdll!RtlInitializeExceptionChain [0x77abd83b+6b]
	ntdll!RtlGetAppContainerNamedObjectPath [0x77abd7c1+231]

[Exception occurred while collecting links from naver] Message: no such window: target window already closed
from unknown error: web view not found
  (Session info: chrome=148.0.7778.168)
Stacktrace:
	chromedriver!GetHandleVerifier [0xe27123+10a23]
	chromedriver!GetHandleVerifier [0xe27254+10b54]
	chromedriver!(No symbol) [0xc41e90]
	chromedriver!(No symbol) [0xc20923]
	chromedriver!(No symbol) [0xcb3afb]
	chromedriver!(No symbol) [0xcca2a9]
	chromedriver!(No symbol) [0xcad526]
	chromedriver!(No symbol) [0xc808f9]
	chromedriver!(No symbol) [0xc816b4]
	chromedriver!GetHandleVerifier [0x10c1ac4+2ab3c4]
	chromedriver!GetHandleVerifier [0x10bd0ed+2a69ed]
	chromedriver!GetHandleVerifier [0x10de4f5+2c7df5]
	chromedriver!GetHandleVerifier [0xe41128+2aa28]
	chromedriver!GetHandleVerifier [0xe48bbd+324bd]
	chromedriver!GetHandleVerifier [0xe2fb28+19428]
	chromedriver!GetHandleVerifier [0xe2fcd5+195d5]
	chromedriver!GetHandleVerifier [0xe191cf+2acf]
	KERNEL32!BaseThreadInitThunk [0x75765d49+19]
	ntdll!RtlInitializeExceptionChain [0x77abd83b+6b]
	ntdll!RtlGetAppContainerNamedObjectPath [0x77abd7c1+231]

[Exception occurred while collecting links from naver] Message: no such window: target window already closed
from unknown error: web view not found
  (Session info: chrome=148.0.7778.168)
Stacktrace:
	chromedriver!GetHandleVerifier [0xe27123+10a23]
	chromedriver!GetHandleVerifier [0xe27254+10b54]
	chromedriver!(No symbol) [0xc41e90]
	chromedriver!(No symbol) [0xc20923]
	chromedriver!(No symbol) [0xcb3afb]
	chromedriver!(No symbol) [0xcca2a9]
	chromedriver!(No symbol) [0xcad526]
	chromedriver!(No symbol) [0xc808f9]
	chromedriver!(No symbol) [0xc816b4]
	chromedriver!GetHandleVerifier [0x10c1ac4+2ab3c4]
	chromedriver!GetHandleVerifier [0x10bd0ed+2a69ed]
	chromedriver!GetHandleVerifier [0x10de4f5+2c7df5]
	chromedriver!GetHandleVerifier [0xe41128+2aa28]
	chromedriver!GetHandleVerifier [0xe48bbd+324bd]
	chromedriver!GetHandleVerifier [0xe2fb28+19428]
	chromedriver!GetHandleVerifier [0xe2fcd5+195d5]
	chromedriver!GetHandleVerifier [0xe191cf+2acf]
	KERNEL32!BaseThreadInitThunk [0x75765d49+19]
	ntdll!RtlInitializeExceptionChain [0x77abd83b+6b]
	ntdll!RtlGetAppContainerNamedObjectPath [0x77abd7c1+231]

[Exception occurred while collecting links from naver] Message: no such window: target window already closed
from unknown error: web view not found
  (Session info: chrome=148.0.7778.168)
Stacktrace:
	chromedriver!GetHandleVerifier [0xe27123+10a23]
	chromedriver!GetHandleVerifier [0xe27254+10b54]
	chromedriver!(No symbol) [0xc41e90]
	chromedriver!(No symbol) [0xc20923]
	chromedriver!(No symbol) [0xcb3afb]
	chromedriver!(No symbol) [0xcca2a9]
	chromedriver!(No symbol) [0xcad526]
	chromedriver!(No symbol) [0xc808f9]
	chromedriver!(No symbol) [0xc816b4]
	chromedriver!GetHandleVerifier [0x10c1ac4+2ab3c4]
	chromedriver!GetHandleVerifier [0x10bd0ed+2a69ed]
	chromedriver!GetHandleVerifier [0x10de4f5+2c7df5]
	chromedriver!GetHandleVerifier [0xe41128+2aa28]
	chromedriver!GetHandleVerifier [0xe48bbd+324bd]
	chromedriver!GetHandleVerifier [0xe2fb28+19428]
	chromedriver!GetHandleVerifier [0xe2fcd5+195d5]
	chromedriver!GetHandleVerifier [0xe191cf+2acf]
	KERNEL32!BaseThreadInitThunk [0x75765d49+19]
	ntdll!RtlInitializeExceptionChain [0x77abd83b+6b]
	ntdll!RtlGetAppContainerNamedObjectPath [0x77abd7c1+231]

[Exception occurred while collecting links from naver] Message: no such window: target window already closed
from unknown error: web view not found
  (Session info: chrome=148.0.7778.168)
Stacktrace:
	chromedriver!GetHandleVerifier [0xe27123+10a23]
	chromedriver!GetHandleVerifier [0xe27254+10b54]
	chromedriver!(No symbol) [0xc41e90]
	chromedriver!(No symbol) [0xc20923]
	chromedriver!(No symbol) [0xcb3afb]
	chromedriver!(No symbol) [0xcca2a9]
	chromedriver!(No symbol) [0xcad526]
	chromedriver!(No symbol) [0xc808f9]
	chromedriver!(No symbol) [0xc816b4]
	chromedriver!GetHandleVerifier [0x10c1ac4+2ab3c4]
	chromedriver!GetHandleVerifier [0x10bd0ed+2a69ed]
	chromedriver!GetHandleVerifier [0x10de4f5+2c7df5]
	chromedriver!GetHandleVerifier [0xe41128+2aa28]
	chromedriver!GetHandleVerifier [0xe48bbd+324bd]
	chromedriver!GetHandleVerifier [0xe2fb28+19428]
	chromedriver!GetHandleVerifier [0xe2fcd5+195d5]
	chromedriver!GetHandleVerifier [0xe191cf+2acf]
	KERNEL32!BaseThreadInitThunk [0x75765d49+19]
	ntdll!RtlInitializeExceptionChain [0x77abd83b+6b]
	ntdll!RtlGetAppContainerNamedObjectPath [0x77abd7c1+231]

[Exception occurred while collecting links from naver] Message: no such window: target window already closed
from unknown error: web view not found
  (Session info: chrome=148.0.7778.168)
Stacktrace:
	chromedriver!GetHandleVerifier [0xe27123+10a23]
	chromedriver!GetHandleVerifier [0xe27254+10b54]
	chromedriver!(No symbol) [0xc41e90]
	chromedriver!(No symbol) [0xc20923]
	chromedriver!(No symbol) [0xcb3afb]
	chromedriver!(No symbol) [0xcca2a9]
	chromedriver!(No symbol) [0xcad526]
	chromedriver!(No symbol) [0xc808f9]
	chromedriver!(No symbol) [0xc816b4]
	chromedriver!GetHandleVerifier [0x10c1ac4+2ab3c4]
	chromedriver!GetHandleVerifier [0x10bd0ed+2a69ed]
	chromedriver!GetHandleVerifier [0x10de4f5+2c7df5]
	chromedriver!GetHandleVerifier [0xe41128+2aa28]
	chromedriver!GetHandleVerifier [0xe48bbd+324bd]
	chromedriver!GetHandleVerifier [0xe2fb28+19428]
	chromedriver!GetHandleVerifier [0xe2fcd5+195d5]
	chromedriver!GetHandleVerifier [0xe191cf+2acf]
	KERNEL32!BaseThreadInitThunk [0x75765d49+19]
	ntdll!RtlInitializeExceptionChain [0x77abd83b+6b]
	ntdll!RtlGetAppContainerNamedObjectPath [0x77abd7c1+231]

[Exception occurred while collecting links from naver] Message: no such window: target window already closed
from unknown error: web view not found
  (Session info: chrome=148.0.7778.168)
Stacktrace:
	chromedriver!GetHandleVerifier [0xe27123+10a23]
	chromedriver!GetHandleVerifier [0xe27254+10b54]
	chromedriver!(No symbol) [0xc41e90]
	chromedriver!(No symbol) [0xc20923]
	chromedriver!(No symbol) [0xcb3afb]
	chromedriver!(No symbol) [0xcca2a9]
	chromedriver!(No symbol) [0xcad526]
	chromedriver!(No symbol) [0xc808f9]
	chromedriver!(No symbol) [0xc816b4]
	chromedriver!GetHandleVerifier [0x10c1ac4+2ab3c4]
	chromedriver!GetHandleVerifier [0x10bd0ed+2a69ed]
	chromedriver!GetHandleVerifier [0x10de4f5+2c7df5]
	chromedriver!GetHandleVerifier [0xe41128+2aa28]
	chromedriver!GetHandleVerifier [0xe48bbd+324bd]
	chromedriver!GetHandleVerifier [0xe2fb28+19428]
	chromedriver!GetHandleVerifier [0xe2fcd5+195d5]
	chromedriver!GetHandleVerifier [0xe191cf+2acf]
	KERNEL32!BaseThreadInitThunk [0x75765d49+19]
	ntdll!RtlInitializeExceptionChain [0x77abd83b+6b]
	ntdll!RtlGetAppContainerNamedObjectPath [0x77abd7c1+231]

[Exception occurred while collecting links from naver] Message: no such window: target window already closed
from unknown error: web view not found
  (Session info: chrome=148.0.7778.168)
Stacktrace:
	chromedriver!GetHandleVerifier [0xe27123+10a23]
	chromedriver!GetHandleVerifier [0xe27254+10b54]
	chromedriver!(No symbol) [0xc41e90]
	chromedriver!(No symbol) [0xc20923]
	chromedriver!(No symbol) [0xcb3afb]
	chromedriver!(No symbol) [0xcca2a9]
	chromedriver!(No symbol) [0xcad526]
	chromedriver!(No symbol) [0xc808f9]
	chromedriver!(No symbol) [0xc816b4]
	chromedriver!GetHandleVerifier [0x10c1ac4+2ab3c4]
	chromedriver!GetHandleVerifier [0x10bd0ed+2a69ed]
	chromedriver!GetHandleVerifier [0x10de4f5+2c7df5]
	chromedriver!GetHandleVerifier [0xe41128+2aa28]
	chromedriver!GetHandleVerifier [0xe48bbd+324bd]
	chromedriver!GetHandleVerifier [0xe2fb28+19428]
	chromedriver!GetHandleVerifier [0xe2fcd5+195d5]
	chromedriver!GetHandleVerifier [0xe191cf+2acf]
	KERNEL32!BaseThreadInitThunk [0x75765d49+19]
	ntdll!RtlInitializeExceptionChain [0x77abd83b+6b]
	ntdll!RtlGetAppContainerNamedObjectPath [0x77abd7c1+231]

[Exception occurred while collecting links from naver] Message: no such window: target window already closed
from unknown error: web view not found
  (Session info: chrome=148.0.7778.168)
Stacktrace:
	chromedriver!GetHandleVerifier [0xe27123+10a23]
	chromedriver!GetHandleVerifier [0xe27254+10b54]
	chromedriver!(No symbol) [0xc41e90]
	chromedriver!(No symbol) [0xc20923]
	chromedriver!(No symbol) [0xcb3afb]
	chromedriver!(No symbol) [0xcca2a9]
	chromedriver!(No symbol) [0xcad526]
	chromedriver!(No symbol) [0xc808f9]
	chromedriver!(No symbol) [0xc816b4]
	chromedriver!GetHandleVerifier [0x10c1ac4+2ab3c4]
	chromedriver!GetHandleVerifier [0x10bd0ed+2a69ed]
	chromedriver!GetHandleVerifier [0x10de4f5+2c7df5]
	chromedriver!GetHandleVerifier [0xe41128+2aa28]
	chromedriver!GetHandleVerifier [0xe48bbd+324bd]
	chromedriver!GetHandleVerifier [0xe2fb28+19428]
	chromedriver!GetHandleVerifier [0xe2fcd5+195d5]
	chromedriver!GetHandleVerifier [0xe191cf+2acf]
	KERNEL32!BaseThreadInitThunk [0x75765d49+19]
	ntdll!RtlInitializeExceptionChain [0x77abd83b+6b]
	ntdll!RtlGetAppContainerNamedObjectPath [0x77abd7c1+231]

[Exception occurred while collecting links from naver] Message: no such window: target window already closed
from unknown error: web view not found
  (Session info: chrome=148.0.7778.168)
Stacktrace:
	chromedriver!GetHandleVerifier [0xe27123+10a23]
	chromedriver!GetHandleVerifier [0xe27254+10b54]
	chromedriver!(No symbol) [0xc41e90]
	chromedriver!(No symbol) [0xc20923]
	chromedriver!(No symbol) [0xcb3afb]
	chromedriver!(No symbol) [0xcca2a9]
	chromedriver!(No symbol) [0xcad526]
	chromedriver!(No symbol) [0xc808f9]
	chromedriver!(No symbol) [0xc816b4]
	chromedriver!GetHandleVerifier [0x10c1ac4+2ab3c4]
	chromedriver!GetHandleVerifier [0x10bd0ed+2a69ed]
	chromedriver!GetHandleVerifier [0x10de4f5+2c7df5]
	chromedriver!GetHandleVerifier [0xe41128+2aa28]
	chromedriver!GetHandleVerifier [0xe48bbd+324bd]
	chromedriver!GetHandleVerifier [0xe2fb28+19428]
	chromedriver!GetHandleVerifier [0xe2fcd5+195d5]
	chromedriver!GetHandleVerifier [0xe191cf+2acf]
	KERNEL32!BaseThreadInitThunk [0x75765d49+19]
	ntdll!RtlInitializeExceptionChain [0x77abd83b+6b]
	ntdll!RtlGetAppContainerNamedObjectPath [0x77abd7c1+231]

[Exception occurred while collecting links from naver] Message: no such window: target window already closed
from unknown error: web view not found
  (Session info: chrome=148.0.7778.168)
Stacktrace:
	chromedriver!GetHandleVerifier [0xe27123+10a23]
	chromedriver!GetHandleVerifier [0xe27254+10b54]
	chromedriver!(No symbol) [0xc41e90]
	chromedriver!(No symbol) [0xc20923]
	chromedriver!(No symbol) [0xcb3afb]
	chromedriver!(No symbol) [0xcca2a9]
	chromedriver!(No symbol) [0xcad526]
	chromedriver!(No symbol) [0xc808f9]
	chromedriver!(No symbol) [0xc816b4]
	chromedriver!GetHandleVerifier [0x10c1ac4+2ab3c4]
	chromedriver!GetHandleVerifier [0x10bd0ed+2a69ed]
	chromedriver!GetHandleVerifier [0x10de4f5+2c7df5]
	chromedriver!GetHandleVerifier [0xe41128+2aa28]
	chromedriver!GetHandleVerifier [0xe48bbd+324bd]
	chromedriver!GetHandleVerifier [0xe2fb28+19428]
	chromedriver!GetHandleVerifier [0xe2fcd5+195d5]
	chromedriver!GetHandleVerifier [0xe191cf+2acf]
	KERNEL32!BaseThreadInitThunk [0x75765d49+19]
	ntdll!RtlInitializeExceptionChain [0x77abd83b+6b]
	ntdll!RtlGetAppContainerNamedObjectPath [0x77abd7c1+231]

[Exception occurred while collecting links from naver] Message: no such window: target window already closed
from unknown error: web view not found
  (Session info: chrome=148.0.7778.168)
Stacktrace:
	chromedriver!GetHandleVerifier [0xe27123+10a23]
	chromedriver!GetHandleVerifier [0xe27254+10b54]
	chromedriver!(No symbol) [0xc41e90]
	chromedriver!(No symbol) [0xc20923]
	chromedriver!(No symbol) [0xcb3afb]
	chromedriver!(No symbol) [0xcca2a9]
	chromedriver!(No symbol) [0xcad526]
	chromedriver!(No symbol) [0xc808f9]
	chromedriver!(No symbol) [0xc816b4]
	chromedriver!GetHandleVerifier [0x10c1ac4+2ab3c4]
	chromedriver!GetHandleVerifier [0x10bd0ed+2a69ed]
	chromedriver!GetHandleVerifier [0x10de4f5+2c7df5]
	chromedriver!GetHandleVerifier [0xe41128+2aa28]
	chromedriver!GetHandleVerifier [0xe48bbd+324bd]
	chromedriver!GetHandleVerifier [0xe2fb28+19428]
	chromedriver!GetHandleVerifier [0xe2fcd5+195d5]
	chromedriver!GetHandleVerifier [0xe191cf+2acf]
	KERNEL32!BaseThreadInitThunk [0x75765d49+19]
	ntdll!RtlInitializeExceptionChain [0x77abd83b+6b]
	ntdll!RtlGetAppContainerNamedObjectPath [0x77abd7c1+231]

[Exception occurred while collecting links from naver] Message: no such window: target window already closed
from unknown error: web view not found
  (Session info: chrome=148.0.7778.168)
Stacktrace:
	chromedriver!GetHandleVerifier [0xe27123+10a23]
	chromedriver!GetHandleVerifier [0xe27254+10b54]
	chromedriver!(No symbol) [0xc41e90]
	chromedriver!(No symbol) [0xc20923]
	chromedriver!(No symbol) [0xcb3afb]
	chromedriver!(No symbol) [0xcca2a9]
	chromedriver!(No symbol) [0xcad526]
	chromedriver!(No symbol) [0xc808f9]
	chromedriver!(No symbol) [0xc816b4]
	chromedriver!GetHandleVerifier [0x10c1ac4+2ab3c4]
	chromedriver!GetHandleVerifier [0x10bd0ed+2a69ed]
	chromedriver!GetHandleVerifier [0x10de4f5+2c7df5]
	chromedriver!GetHandleVerifier [0xe41128+2aa28]
	chromedriver!GetHandleVerifier [0xe48bbd+324bd]
	chromedriver!GetHandleVerifier [0xe2fb28+19428]
	chromedriver!GetHandleVerifier [0xe2fcd5+195d5]
	chromedriver!GetHandleVerifier [0xe191cf+2acf]
	KERNEL32!BaseThreadInitThunk [0x75765d49+19]
	ntdll!RtlInitializeExceptionChain [0x77abd83b+6b]
	ntdll!RtlGetAppContainerNamedObjectPath [0x77abd7c1+231]

[Exception occurred while collecting links from naver] Message: no such window: target window already closed
from unknown error: web view not found
  (Session info: chrome=148.0.7778.168)
Stacktrace:
	chromedriver!GetHandleVerifier [0xe27123+10a23]
	chromedriver!GetHandleVerifier [0xe27254+10b54]
	chromedriver!(No symbol) [0xc41e90]
	chromedriver!(No symbol) [0xc20923]
	chromedriver!(No symbol) [0xcb3afb]
	chromedriver!(No symbol) [0xcca2a9]
	chromedriver!(No symbol) [0xcad526]
	chromedriver!(No symbol) [0xc808f9]
	chromedriver!(No symbol) [0xc816b4]
	chromedriver!GetHandleVerifier [0x10c1ac4+2ab3c4]
	chromedriver!GetHandleVerifier [0x10bd0ed+2a69ed]
	chromedriver!GetHandleVerifier [0x10de4f5+2c7df5]
	chromedriver!GetHandleVerifier [0xe41128+2aa28]
	chromedriver!GetHandleVerifier [0xe48bbd+324bd]
	chromedriver!GetHandleVerifier [0xe2fb28+19428]
	chromedriver!GetHandleVerifier [0xe2fcd5+195d5]
	chromedriver!GetHandleVerifier [0xe191cf+2acf]
	KERNEL32!BaseThreadInitThunk [0x75765d49+19]
	ntdll!RtlInitializeExceptionChain [0x77abd83b+6b]
	ntdll!RtlGetAppContainerNamedObjectPath [0x77abd7c1+231]

[Exception occurred while collecting links from naver] Message: no such window: target window already closed
from unknown error: web view not found
  (Session info: chrome=148.0.7778.168)
Stacktrace:
	chromedriver!GetHandleVerifier [0xe27123+10a23]
	chromedriver!GetHandleVerifier [0xe27254+10b54]
	chromedriver!(No symbol) [0xc41e90]
	chromedriver!(No symbol) [0xc20923]
	chromedriver!(No symbol) [0xcb3afb]
	chromedriver!(No symbol) [0xcca2a9]
	chromedriver!(No symbol) [0xcad526]
	chromedriver!(No symbol) [0xc808f9]
	chromedriver!(No symbol) [0xc816b4]
	chromedriver!GetHandleVerifier [0x10c1ac4+2ab3c4]
	chromedriver!GetHandleVerifier [0x10bd0ed+2a69ed]
	chromedriver!GetHandleVerifier [0x10de4f5+2c7df5]
	chromedriver!GetHandleVerifier [0xe41128+2aa28]
	chromedriver!GetHandleVerifier [0xe48bbd+324bd]
	chromedriver!GetHandleVerifier [0xe2fb28+19428]
	chromedriver!GetHandleVerifier [0xe2fcd5+195d5]
	chromedriver!GetHandleVerifier [0xe191cf+2acf]
	KERNEL32!BaseThreadInitThunk [0x75765d49+19]
	ntdll!RtlInitializeExceptionChain [0x77abd83b+6b]
	ntdll!RtlGetAppContainerNamedObjectPath [0x77abd7c1+231]

[Exception occurred while collecting links from naver] Message: no such window: target window already closed
from unknown error: web view not found
  (Session info: chrome=148.0.7778.168)
Stacktrace:
	chromedriver!GetHandleVerifier [0xe27123+10a23]
	chromedriver!GetHandleVerifier [0xe27254+10b54]
	chromedriver!(No symbol) [0xc41e90]
	chromedriver!(No symbol) [0xc20923]
	chromedriver!(No symbol) [0xcb3afb]
	chromedriver!(No symbol) [0xcca2a9]
	chromedriver!(No symbol) [0xcad526]
	chromedriver!(No symbol) [0xc808f9]
	chromedriver!(No symbol) [0xc816b4]
	chromedriver!GetHandleVerifier [0x10c1ac4+2ab3c4]
	chromedriver!GetHandleVerifier [0x10bd0ed+2a69ed]
	chromedriver!GetHandleVerifier [0x10de4f5+2c7df5]
	chromedriver!GetHandleVerifier [0xe41128+2aa28]
	chromedriver!GetHandleVerifier [0xe48bbd+324bd]
	chromedriver!GetHandleVerifier [0xe2fb28+19428]
	chromedriver!GetHandleVerifier [0xe2fcd5+195d5]
	chromedriver!GetHandleVerifier [0xe191cf+2acf]
	KERNEL32!BaseThreadInitThunk [0x75765d49+19]
	ntdll!RtlInitializeExceptionChain [0x77abd83b+6b]
	ntdll!RtlGetAppContainerNamedObjectPath [0x77abd7c1+231]

[Exception occurred while collecting links from naver] Message: no such window: target window already closed
from unknown error: web view not found
  (Session info: chrome=148.0.7778.168)
Stacktrace:
	chromedriver!GetHandleVerifier [0xe27123+10a23]
	chromedriver!GetHandleVerifier [0xe27254+10b54]
	chromedriver!(No symbol) [0xc41e90]
	chromedriver!(No symbol) [0xc20923]
	chromedriver!(No symbol) [0xcb3afb]
	chromedriver!(No symbol) [0xcca2a9]
	chromedriver!(No symbol) [0xcad526]
	chromedriver!(No symbol) [0xc808f9]
	chromedriver!(No symbol) [0xc816b4]
	chromedriver!GetHandleVerifier [0x10c1ac4+2ab3c4]
	chromedriver!GetHandleVerifier [0x10bd0ed+2a69ed]
	chromedriver!GetHandleVerifier [0x10de4f5+2c7df5]
	chromedriver!GetHandleVerifier [0xe41128+2aa28]
	chromedriver!GetHandleVerifier [0xe48bbd+324bd]
	chromedriver!GetHandleVerifier [0xe2fb28+19428]
	chromedriver!GetHandleVerifier [0xe2fcd5+195d5]
	chromedriver!GetHandleVerifier [0xe191cf+2acf]
	KERNEL32!BaseThreadInitThunk [0x75765d49+19]
	ntdll!RtlInitializeExceptionChain [0x77abd83b+6b]
	ntdll!RtlGetAppContainerNamedObjectPath [0x77abd7c1+231]

[Exception occurred while collecting links from naver] Message: no such window: target window already closed
from unknown error: web view not found
  (Session info: chrome=148.0.7778.168)
Stacktrace:
	chromedriver!GetHandleVerifier [0xe27123+10a23]
	chromedriver!GetHandleVerifier [0xe27254+10b54]
	chromedriver!(No symbol) [0xc41e90]
	chromedriver!(No symbol) [0xc20923]
	chromedriver!(No symbol) [0xcb3afb]
	chromedriver!(No symbol) [0xcca2a9]
	chromedriver!(No symbol) [0xcad526]
	chromedriver!(No symbol) [0xc808f9]
	chromedriver!(No symbol) [0xc816b4]
	chromedriver!GetHandleVerifier [0x10c1ac4+2ab3c4]
	chromedriver!GetHandleVerifier [0x10bd0ed+2a69ed]
	chromedriver!GetHandleVerifier [0x10de4f5+2c7df5]
	chromedriver!GetHandleVerifier [0xe41128+2aa28]
	chromedriver!GetHandleVerifier [0xe48bbd+324bd]
	chromedriver!GetHandleVerifier [0xe2fb28+19428]
	chromedriver!GetHandleVerifier [0xe2fcd5+195d5]
	chromedriver!GetHandleVerifier [0xe191cf+2acf]
	KERNEL32!BaseThreadInitThunk [0x75765d49+19]
	ntdll!RtlInitializeExceptionChain [0x77abd83b+6b]
	ntdll!RtlGetAppContainerNamedObjectPath [0x77abd7c1+231]

[Exception occurred while collecting links from naver] Message: no such window: target window already closed
from unknown error: web view not found
  (Session info: chrome=148.0.7778.168)
Stacktrace:
	chromedriver!GetHandleVerifier [0xe27123+10a23]
	chromedriver!GetHandleVerifier [0xe27254+10b54]
	chromedriver!(No symbol) [0xc41e90]
	chromedriver!(No symbol) [0xc20923]
	chromedriver!(No symbol) [0xcb3afb]
	chromedriver!(No symbol) [0xcca2a9]
	chromedriver!(No symbol) [0xcad526]
	chromedriver!(No symbol) [0xc808f9]
	chromedriver!(No symbol) [0xc816b4]
	chromedriver!GetHandleVerifier [0x10c1ac4+2ab3c4]
	chromedriver!GetHandleVerifier [0x10bd0ed+2a69ed]
	chromedriver!GetHandleVerifier [0x10de4f5+2c7df5]
	chromedriver!GetHandleVerifier [0xe41128+2aa28]
	chromedriver!GetHandleVerifier [0xe48bbd+324bd]
	chromedriver!GetHandleVerifier [0xe2fb28+19428]
	chromedriver!GetHandleVerifier [0xe2fcd5+195d5]
	chromedriver!GetHandleVerifier [0xe191cf+2acf]
	KERNEL32!BaseThreadInitThunk [0x75765d49+19]
	ntdll!RtlInitializeExceptionChain [0x77abd83b+6b]
	ntdll!RtlGetAppContainerNamedObjectPath [0x77abd7c1+231]

[Exception occurred while collecting links from naver] Message: no such window: target window already closed
from unknown error: web view not found
  (Session info: chrome=148.0.7778.168)
Stacktrace:
	chromedriver!GetHandleVerifier [0xe27123+10a23]
	chromedriver!GetHandleVerifier [0xe27254+10b54]
	chromedriver!(No symbol) [0xc41e90]
	chromedriver!(No symbol) [0xc20923]
	chromedriver!(No symbol) [0xcb3afb]
	chromedriver!(No symbol) [0xcca2a9]
	chromedriver!(No symbol) [0xcad526]
	chromedriver!(No symbol) [0xc808f9]
	chromedriver!(No symbol) [0xc816b4]
	chromedriver!GetHandleVerifier [0x10c1ac4+2ab3c4]
	chromedriver!GetHandleVerifier [0x10bd0ed+2a69ed]
	chromedriver!GetHandleVerifier [0x10de4f5+2c7df5]
	chromedriver!GetHandleVerifier [0xe41128+2aa28]
	chromedriver!GetHandleVerifier [0xe48bbd+324bd]
	chromedriver!GetHandleVerifier [0xe2fb28+19428]
	chromedriver!GetHandleVerifier [0xe2fcd5+195d5]
	chromedriver!GetHandleVerifier [0xe191cf+2acf]
	KERNEL32!BaseThreadInitThunk [0x75765d49+19]
	ntdll!RtlInitializeExceptionChain [0x77abd83b+6b]
	ntdll!RtlGetAppContainerNamedObjectPath [0x77abd7c1+231]

[Exception occurred while collecting links from naver] Message: no such window: target window already closed
from unknown error: web view not found
  (Session info: chrome=148.0.7778.168)
Stacktrace:
	chromedriver!GetHandleVerifier [0xe27123+10a23]
	chromedriver!GetHandleVerifier [0xe27254+10b54]
	chromedriver!(No symbol) [0xc41e90]
	chromedriver!(No symbol) [0xc20923]
	chromedriver!(No symbol) [0xcb3afb]
	chromedriver!(No symbol) [0xcca2a9]
	chromedriver!(No symbol) [0xcad526]
	chromedriver!(No symbol) [0xc808f9]
	chromedriver!(No symbol) [0xc816b4]
	chromedriver!GetHandleVerifier [0x10c1ac4+2ab3c4]
	chromedriver!GetHandleVerifier [0x10bd0ed+2a69ed]
	chromedriver!GetHandleVerifier [0x10de4f5+2c7df5]
	chromedriver!GetHandleVerifier [0xe41128+2aa28]
	chromedriver!GetHandleVerifier [0xe48bbd+324bd]
	chromedriver!GetHandleVerifier [0xe2fb28+19428]
	chromedriver!GetHandleVerifier [0xe2fcd5+195d5]
	chromedriver!GetHandleVerifier [0xe191cf+2acf]
	KERNEL32!BaseThreadInitThunk [0x75765d49+19]
	ntdll!RtlInitializeExceptionChain [0x77abd83b+6b]
	ntdll!RtlGetAppContainerNamedObjectPath [0x77abd7c1+231]

[Exception occurred while collecting links from naver] Message: no such window: target window already closed
from unknown error: web view not found
  (Session info: chrome=148.0.7778.168)
Stacktrace:
	chromedriver!GetHandleVerifier [0xe27123+10a23]
	chromedriver!GetHandleVerifier [0xe27254+10b54]
	chromedriver!(No symbol) [0xc41e90]
	chromedriver!(No symbol) [0xc20923]
	chromedriver!(No symbol) [0xcb3afb]
	chromedriver!(No symbol) [0xcca2a9]
	chromedriver!(No symbol) [0xcad526]
	chromedriver!(No symbol) [0xc808f9]
	chromedriver!(No symbol) [0xc816b4]
	chromedriver!GetHandleVerifier [0x10c1ac4+2ab3c4]
	chromedriver!GetHandleVerifier [0x10bd0ed+2a69ed]
	chromedriver!GetHandleVerifier [0x10de4f5+2c7df5]
	chromedriver!GetHandleVerifier [0xe41128+2aa28]
	chromedriver!GetHandleVerifier [0xe48bbd+324bd]
	chromedriver!GetHandleVerifier [0xe2fb28+19428]
	chromedriver!GetHandleVerifier [0xe2fcd5+195d5]
	chromedriver!GetHandleVerifier [0xe191cf+2acf]
	KERNEL32!BaseThreadInitThunk [0x75765d49+19]
	ntdll!RtlInitializeExceptionChain [0x77abd83b+6b]
	ntdll!RtlGetAppContainerNamedObjectPath [0x77abd7c1+231]

[Exception occurred while collecting links from naver] Message: no such window: target window already closed
from unknown error: web view not found
  (Session info: chrome=148.0.7778.168)
Stacktrace:
	chromedriver!GetHandleVerifier [0xe27123+10a23]
	chromedriver!GetHandleVerifier [0xe27254+10b54]
	chromedriver!(No symbol) [0xc41e90]
	chromedriver!(No symbol) [0xc20923]
	chromedriver!(No symbol) [0xcb3afb]
	chromedriver!(No symbol) [0xcca2a9]
	chromedriver!(No symbol) [0xcad526]
	chromedriver!(No symbol) [0xc808f9]
	chromedriver!(No symbol) [0xc816b4]
	chromedriver!GetHandleVerifier [0x10c1ac4+2ab3c4]
	chromedriver!GetHandleVerifier [0x10bd0ed+2a69ed]
	chromedriver!GetHandleVerifier [0x10de4f5+2c7df5]
	chromedriver!GetHandleVerifier [0xe41128+2aa28]
	chromedriver!GetHandleVerifier [0xe48bbd+324bd]
	chromedriver!GetHandleVerifier [0xe2fb28+19428]
	chromedriver!GetHandleVerifier [0xe2fcd5+195d5]
	chromedriver!GetHandleVerifier [0xe191cf+2acf]
	KERNEL32!BaseThreadInitThunk [0x75765d49+19]
	ntdll!RtlInitializeExceptionChain [0x77abd83b+6b]
	ntdll!RtlGetAppContainerNamedObjectPath [0x77abd7c1+231]

[Exception occurred while collecting links from naver] Message: no such window: target window already closed
from unknown error: web view not found
  (Session info: chrome=148.0.7778.168)
Stacktrace:
	chromedriver!GetHandleVerifier [0xe27123+10a23]
	chromedriver!GetHandleVerifier [0xe27254+10b54]
	chromedriver!(No symbol) [0xc41e90]
	chromedriver!(No symbol) [0xc20923]
	chromedriver!(No symbol) [0xcb3afb]
	chromedriver!(No symbol) [0xcca2a9]
	chromedriver!(No symbol) [0xcad526]
	chromedriver!(No symbol) [0xc808f9]
	chromedriver!(No symbol) [0xc816b4]
	chromedriver!GetHandleVerifier [0x10c1ac4+2ab3c4]
	chromedriver!GetHandleVerifier [0x10bd0ed+2a69ed]
	chromedriver!GetHandleVerifier [0x10de4f5+2c7df5]
	chromedriver!GetHandleVerifier [0xe41128+2aa28]
	chromedriver!GetHandleVerifier [0xe48bbd+324bd]
	chromedriver!GetHandleVerifier [0xe2fb28+19428]
	chromedriver!GetHandleVerifier [0xe2fcd5+195d5]
	chromedriver!GetHandleVerifier [0xe191cf+2acf]
	KERNEL32!BaseThreadInitThunk [0x75765d49+19]
	ntdll!RtlInitializeExceptionChain [0x77abd83b+6b]
	ntdll!RtlGetAppContainerNamedObjectPath [0x77abd7c1+231]

[Exception occurred while collecting links from naver] Message: no such window: target window already closed
from unknown error: web view not found
  (Session info: chrome=148.0.7778.168)
Stacktrace:
	chromedriver!GetHandleVerifier [0xe27123+10a23]
	chromedriver!GetHandleVerifier [0xe27254+10b54]
	chromedriver!(No symbol) [0xc41e90]
	chromedriver!(No symbol) [0xc20923]
	chromedriver!(No symbol) [0xcb3afb]
	chromedriver!(No symbol) [0xcca2a9]
	chromedriver!(No symbol) [0xcad526]
	chromedriver!(No symbol) [0xc808f9]
	chromedriver!(No symbol) [0xc816b4]
	chromedriver!GetHandleVerifier [0x10c1ac4+2ab3c4]
	chromedriver!GetHandleVerifier [0x10bd0ed+2a69ed]
	chromedriver!GetHandleVerifier [0x10de4f5+2c7df5]
	chromedriver!GetHandleVerifier [0xe41128+2aa28]
	chromedriver!GetHandleVerifier [0xe48bbd+324bd]
	chromedriver!GetHandleVerifier [0xe2fb28+19428]
	chromedriver!GetHandleVerifier [0xe2fcd5+195d5]
	chromedriver!GetHandleVerifier [0xe191cf+2acf]
	KERNEL32!BaseThreadInitThunk [0x75765d49+19]
	ntdll!RtlInitializeExceptionChain [0x77abd83b+6b]
	ntdll!RtlGetAppContainerNamedObjectPath [0x77abd7c1+231]

[Exception occurred while collecting links from naver] Message: no such window: target window already closed
from unknown error: web view not found
  (Session info: chrome=148.0.7778.168)
Stacktrace:
	chromedriver!GetHandleVerifier [0xe27123+10a23]
	chromedriver!GetHandleVerifier [0xe27254+10b54]
	chromedriver!(No symbol) [0xc41e90]
	chromedriver!(No symbol) [0xc20923]
	chromedriver!(No symbol) [0xcb3afb]
	chromedriver!(No symbol) [0xcca2a9]
	chromedriver!(No symbol) [0xcad526]
	chromedriver!(No symbol) [0xc808f9]
	chromedriver!(No symbol) [0xc816b4]
	chromedriver!GetHandleVerifier [0x10c1ac4+2ab3c4]
	chromedriver!GetHandleVerifier [0x10bd0ed+2a69ed]
	chromedriver!GetHandleVerifier [0x10de4f5+2c7df5]
	chromedriver!GetHandleVerifier [0xe41128+2aa28]
	chromedriver!GetHandleVerifier [0xe48bbd+324bd]
	chromedriver!GetHandleVerifier [0xe2fb28+19428]
	chromedriver!GetHandleVerifier [0xe2fcd5+195d5]
	chromedriver!GetHandleVerifier [0xe191cf+2acf]
	KERNEL32!BaseThreadInitThunk [0x75765d49+19]
	ntdll!RtlInitializeExceptionChain [0x77abd83b+6b]
	ntdll!RtlGetAppContainerNamedObjectPath [0x77abd7c1+231]

[Exception occurred while collecting links from naver] Message: no such window: target window already closed
from unknown error: web view not found
  (Session info: chrome=148.0.7778.168)
Stacktrace:
	chromedriver!GetHandleVerifier [0xe27123+10a23]
	chromedriver!GetHandleVerifier [0xe27254+10b54]
	chromedriver!(No symbol) [0xc41e90]
	chromedriver!(No symbol) [0xc20923]
	chromedriver!(No symbol) [0xcb3afb]
	chromedriver!(No symbol) [0xcca2a9]
	chromedriver!(No symbol) [0xcad526]
	chromedriver!(No symbol) [0xc808f9]
	chromedriver!(No symbol) [0xc816b4]
	chromedriver!GetHandleVerifier [0x10c1ac4+2ab3c4]
	chromedriver!GetHandleVerifier [0x10bd0ed+2a69ed]
	chromedriver!GetHandleVerifier [0x10de4f5+2c7df5]
	chromedriver!GetHandleVerifier [0xe41128+2aa28]
	chromedriver!GetHandleVerifier [0xe48bbd+324bd]
	chromedriver!GetHandleVerifier [0xe2fb28+19428]
	chromedriver!GetHandleVerifier [0xe2fcd5+195d5]
	chromedriver!GetHandleVerifier [0xe191cf+2acf]
	KERNEL32!BaseThreadInitThunk [0x75765d49+19]
	ntdll!RtlInitializeExceptionChain [0x77abd83b+6b]
	ntdll!RtlGetAppContainerNamedObjectPath [0x77abd7c1+231]

[Exception occurred while collecting links from naver] Message: no such window: target window already closed
from unknown error: web view not found
  (Session info: chrome=148.0.7778.168)
Stacktrace:
	chromedriver!GetHandleVerifier [0xe27123+10a23]
	chromedriver!GetHandleVerifier [0xe27254+10b54]
	chromedriver!(No symbol) [0xc41e90]
	chromedriver!(No symbol) [0xc20923]
	chromedriver!(No symbol) [0xcb3afb]
	chromedriver!(No symbol) [0xcca2a9]
	chromedriver!(No symbol) [0xcad526]
	chromedriver!(No symbol) [0xc808f9]
	chromedriver!(No symbol) [0xc816b4]
	chromedriver!GetHandleVerifier [0x10c1ac4+2ab3c4]
	chromedriver!GetHandleVerifier [0x10bd0ed+2a69ed]
	chromedriver!GetHandleVerifier [0x10de4f5+2c7df5]
	chromedriver!GetHandleVerifier [0xe41128+2aa28]
	chromedriver!GetHandleVerifier [0xe48bbd+324bd]
	chromedriver!GetHandleVerifier [0xe2fb28+19428]
	chromedriver!GetHandleVerifier [0xe2fcd5+195d5]
	chromedriver!GetHandleVerifier [0xe191cf+2acf]
	KERNEL32!BaseThreadInitThunk [0x75765d49+19]
	ntdll!RtlInitializeExceptionChain [0x77abd83b+6b]
	ntdll!RtlGetAppContainerNamedObjectPath [0x77abd7c1+231]

[Exception occurred while collecting links from naver] Message: no such window: target window already closed
from unknown error: web view not found
  (Session info: chrome=148.0.7778.168)
Stacktrace:
	chromedriver!GetHandleVerifier [0xe27123+10a23]
	chromedriver!GetHandleVerifier [0xe27254+10b54]
	chromedriver!(No symbol) [0xc41e90]
	chromedriver!(No symbol) [0xc20923]
	chromedriver!(No symbol) [0xcb3afb]
	chromedriver!(No symbol) [0xcca2a9]
	chromedriver!(No symbol) [0xcad526]
	chromedriver!(No symbol) [0xc808f9]
	chromedriver!(No symbol) [0xc816b4]
	chromedriver!GetHandleVerifier [0x10c1ac4+2ab3c4]
	chromedriver!GetHandleVerifier [0x10bd0ed+2a69ed]
	chromedriver!GetHandleVerifier [0x10de4f5+2c7df5]
	chromedriver!GetHandleVerifier [0xe41128+2aa28]
	chromedriver!GetHandleVerifier [0xe48bbd+324bd]
	chromedriver!GetHandleVerifier [0xe2fb28+19428]
	chromedriver!GetHandleVerifier [0xe2fcd5+195d5]
	chromedriver!GetHandleVerifier [0xe191cf+2acf]
	KERNEL32!BaseThreadInitThunk [0x75765d49+19]
	ntdll!RtlInitializeExceptionChain [0x77abd83b+6b]
	ntdll!RtlGetAppContainerNamedObjectPath [0x77abd7c1+231]

[Exception occurred while collecting links from naver] Message: no such window: target window already closed
from unknown error: web view not found
  (Session info: chrome=148.0.7778.168)
Stacktrace:
	chromedriver!GetHandleVerifier [0xe27123+10a23]
	chromedriver!GetHandleVerifier [0xe27254+10b54]
	chromedriver!(No symbol) [0xc41e90]
	chromedriver!(No symbol) [0xc20923]
	chromedriver!(No symbol) [0xcb3afb]
	chromedriver!(No symbol) [0xcca2a9]
	chromedriver!(No symbol) [0xcad526]
	chromedriver!(No symbol) [0xc808f9]
	chromedriver!(No symbol) [0xc816b4]
	chromedriver!GetHandleVerifier [0x10c1ac4+2ab3c4]
	chromedriver!GetHandleVerifier [0x10bd0ed+2a69ed]
	chromedriver!GetHandleVerifier [0x10de4f5+2c7df5]
	chromedriver!GetHandleVerifier [0xe41128+2aa28]
	chromedriver!GetHandleVerifier [0xe48bbd+324bd]
	chromedriver!GetHandleVerifier [0xe2fb28+19428]
	chromedriver!GetHandleVerifier [0xe2fcd5+195d5]
	chromedriver!GetHandleVerifier [0xe191cf+2acf]
	KERNEL32!BaseThreadInitThunk [0x75765d49+19]
	ntdll!RtlInitializeExceptionChain [0x77abd83b+6b]
	ntdll!RtlGetAppContainerNamedObjectPath [0x77abd7c1+231]

[Exception occurred while collecting links from naver] Message: no such window: target window already closed
from unknown error: web view not found
  (Session info: chrome=148.0.7778.168)
Stacktrace:
	chromedriver!GetHandleVerifier [0xe27123+10a23]
	chromedriver!GetHandleVerifier [0xe27254+10b54]
	chromedriver!(No symbol) [0xc41e90]
	chromedriver!(No symbol) [0xc20923]
	chromedriver!(No symbol) [0xcb3afb]
	chromedriver!(No symbol) [0xcca2a9]
	chromedriver!(No symbol) [0xcad526]
	chromedriver!(No symbol) [0xc808f9]
	chromedriver!(No symbol) [0xc816b4]
	chromedriver!GetHandleVerifier [0x10c1ac4+2ab3c4]
	chromedriver!GetHandleVerifier [0x10bd0ed+2a69ed]
	chromedriver!GetHandleVerifier [0x10de4f5+2c7df5]
	chromedriver!GetHandleVerifier [0xe41128+2aa28]
	chromedriver!GetHandleVerifier [0xe48bbd+324bd]
	chromedriver!GetHandleVerifier [0xe2fb28+19428]
	chromedriver!GetHandleVerifier [0xe2fcd5+195d5]
	chromedriver!GetHandleVerifier [0xe191cf+2acf]
	KERNEL32!BaseThreadInitThunk [0x75765d49+19]
	ntdll!RtlInitializeExceptionChain [0x77abd83b+6b]
	ntdll!RtlGetAppContainerNamedObjectPath [0x77abd7c1+231]

[Exception occurred while collecting links from naver] Message: no such window: target window already closed
from unknown error: web view not found
  (Session info: chrome=148.0.7778.168)
Stacktrace:
	chromedriver!GetHandleVerifier [0xe27123+10a23]
	chromedriver!GetHandleVerifier [0xe27254+10b54]
	chromedriver!(No symbol) [0xc41e90]
	chromedriver!(No symbol) [0xc20923]
	chromedriver!(No symbol) [0xcb3afb]
	chromedriver!(No symbol) [0xcca2a9]
	chromedriver!(No symbol) [0xcad526]
	chromedriver!(No symbol) [0xc808f9]
	chromedriver!(No symbol) [0xc816b4]
	chromedriver!GetHandleVerifier [0x10c1ac4+2ab3c4]
	chromedriver!GetHandleVerifier [0x10bd0ed+2a69ed]
	chromedriver!GetHandleVerifier [0x10de4f5+2c7df5]
	chromedriver!GetHandleVerifier [0xe41128+2aa28]
	chromedriver!GetHandleVerifier [0xe48bbd+324bd]
	chromedriver!GetHandleVerifier [0xe2fb28+19428]
	chromedriver!GetHandleVerifier [0xe2fcd5+195d5]
	chromedriver!GetHandleVerifier [0xe191cf+2acf]
	KERNEL32!BaseThreadInitThunk [0x75765d49+19]
	ntdll!RtlInitializeExceptionChain [0x77abd83b+6b]
	ntdll!RtlGetAppContainerNamedObjectPath [0x77abd7c1+231]

[Exception occurred while collecting links from naver] Message: no such window: target window already closed
from unknown error: web view not found
  (Session info: chrome=148.0.7778.168)
Stacktrace:
	chromedriver!GetHandleVerifier [0xe27123+10a23]
	chromedriver!GetHandleVerifier [0xe27254+10b54]
	chromedriver!(No symbol) [0xc41e90]
	chromedriver!(No symbol) [0xc20923]
	chromedriver!(No symbol) [0xcb3afb]
	chromedriver!(No symbol) [0xcca2a9]
	chromedriver!(No symbol) [0xcad526]
	chromedriver!(No symbol) [0xc808f9]
	chromedriver!(No symbol) [0xc816b4]
	chromedriver!GetHandleVerifier [0x10c1ac4+2ab3c4]
	chromedriver!GetHandleVerifier [0x10bd0ed+2a69ed]
	chromedriver!GetHandleVerifier [0x10de4f5+2c7df5]
	chromedriver!GetHandleVerifier [0xe41128+2aa28]
	chromedriver!GetHandleVerifier [0xe48bbd+324bd]
	chromedriver!GetHandleVerifier [0xe2fb28+19428]
	chromedriver!GetHandleVerifier [0xe2fcd5+195d5]
	chromedriver!GetHandleVerifier [0xe191cf+2acf]
	KERNEL32!BaseThreadInitThunk [0x75765d49+19]
	ntdll!RtlInitializeExceptionChain [0x77abd83b+6b]
	ntdll!RtlGetAppContainerNamedObjectPath [0x77abd7c1+231]

[Exception occurred while collecting links from naver] Message: no such window: target window already closed
from unknown error: web view not found
  (Session info: chrome=148.0.7778.168)
Stacktrace:
	chromedriver!GetHandleVerifier [0xe27123+10a23]
	chromedriver!GetHandleVerifier [0xe27254+10b54]
	chromedriver!(No symbol) [0xc41e90]
	chromedriver!(No symbol) [0xc20923]
	chromedriver!(No symbol) [0xcb3afb]
	chromedriver!(No symbol) [0xcca2a9]
	chromedriver!(No symbol) [0xcad526]
	chromedriver!(No symbol) [0xc808f9]
	chromedriver!(No symbol) [0xc816b4]
	chromedriver!GetHandleVerifier [0x10c1ac4+2ab3c4]
	chromedriver!GetHandleVerifier [0x10bd0ed+2a69ed]
	chromedriver!GetHandleVerifier [0x10de4f5+2c7df5]
	chromedriver!GetHandleVerifier [0xe41128+2aa28]
	chromedriver!GetHandleVerifier [0xe48bbd+324bd]
	chromedriver!GetHandleVerifier [0xe2fb28+19428]
	chromedriver!GetHandleVerifier [0xe2fcd5+195d5]
	chromedriver!GetHandleVerifier [0xe191cf+2acf]
	KERNEL32!BaseThreadInitThunk [0x75765d49+19]
	ntdll!RtlInitializeExceptionChain [0x77abd83b+6b]
	ntdll!RtlGetAppContainerNamedObjectPath [0x77abd7c1+231]

[Exception occurred while collecting links from naver] Message: no such window: target window already closed
from unknown error: web view not found
  (Session info: chrome=148.0.7778.168)
Stacktrace:
	chromedriver!GetHandleVerifier [0xe27123+10a23]
	chromedriver!GetHandleVerifier [0xe27254+10b54]
	chromedriver!(No symbol) [0xc41e90]
	chromedriver!(No symbol) [0xc20923]
	chromedriver!(No symbol) [0xcb3afb]
	chromedriver!(No symbol) [0xcca2a9]
	chromedriver!(No symbol) [0xcad526]
	chromedriver!(No symbol) [0xc808f9]
	chromedriver!(No symbol) [0xc816b4]
	chromedriver!GetHandleVerifier [0x10c1ac4+2ab3c4]
	chromedriver!GetHandleVerifier [0x10bd0ed+2a69ed]
	chromedriver!GetHandleVerifier [0x10de4f5+2c7df5]
	chromedriver!GetHandleVerifier [0xe41128+2aa28]
	chromedriver!GetHandleVerifier [0xe48bbd+324bd]
	chromedriver!GetHandleVerifier [0xe2fb28+19428]
	chromedriver!GetHandleVerifier [0xe2fcd5+195d5]
	chromedriver!GetHandleVerifier [0xe191cf+2acf]
	KERNEL32!BaseThreadInitThunk [0x75765d49+19]
	ntdll!RtlInitializeExceptionChain [0x77abd83b+6b]
	ntdll!RtlGetAppContainerNamedObjectPath [0x77abd7c1+231]

[Exception occurred while collecting links from naver] Message: no such window: target window already closed
from unknown error: web view not found
  (Session info: chrome=148.0.7778.168)
Stacktrace:
	chromedriver!GetHandleVerifier [0xe27123+10a23]
	chromedriver!GetHandleVerifier [0xe27254+10b54]
	chromedriver!(No symbol) [0xc41e90]
	chromedriver!(No symbol) [0xc20923]
	chromedriver!(No symbol) [0xcb3afb]
	chromedriver!(No symbol) [0xcca2a9]
	chromedriver!(No symbol) [0xcad526]
	chromedriver!(No symbol) [0xc808f9]
	chromedriver!(No symbol) [0xc816b4]
	chromedriver!GetHandleVerifier [0x10c1ac4+2ab3c4]
	chromedriver!GetHandleVerifier [0x10bd0ed+2a69ed]
	chromedriver!GetHandleVerifier [0x10de4f5+2c7df5]
	chromedriver!GetHandleVerifier [0xe41128+2aa28]
	chromedriver!GetHandleVerifier [0xe48bbd+324bd]
	chromedriver!GetHandleVerifier [0xe2fb28+19428]
	chromedriver!GetHandleVerifier [0xe2fcd5+195d5]
	chromedriver!GetHandleVerifier [0xe191cf+2acf]
	KERNEL32!BaseThreadInitThunk [0x75765d49+19]
	ntdll!RtlInitializeExceptionChain [0x77abd83b+6b]
	ntdll!RtlGetAppContainerNamedObjectPath [0x77abd7c1+231]

[Exception occurred while collecting links from naver] Message: no such window: target window already closed
from unknown error: web view not found
  (Session info: chrome=148.0.7778.168)
Stacktrace:
	chromedriver!GetHandleVerifier [0xe27123+10a23]
	chromedriver!GetHandleVerifier [0xe27254+10b54]
	chromedriver!(No symbol) [0xc41e90]
	chromedriver!(No symbol) [0xc20923]
	chromedriver!(No symbol) [0xcb3afb]
	chromedriver!(No symbol) [0xcca2a9]
	chromedriver!(No symbol) [0xcad526]
	chromedriver!(No symbol) [0xc808f9]
	chromedriver!(No symbol) [0xc816b4]
	chromedriver!GetHandleVerifier [0x10c1ac4+2ab3c4]
	chromedriver!GetHandleVerifier [0x10bd0ed+2a69ed]
	chromedriver!GetHandleVerifier [0x10de4f5+2c7df5]
	chromedriver!GetHandleVerifier [0xe41128+2aa28]
	chromedriver!GetHandleVerifier [0xe48bbd+324bd]
	chromedriver!GetHandleVerifier [0xe2fb28+19428]
	chromedriver!GetHandleVerifier [0xe2fcd5+195d5]
	chromedriver!GetHandleVerifier [0xe191cf+2acf]
	KERNEL32!BaseThreadInitThunk [0x75765d49+19]
	ntdll!RtlInitializeExceptionChain [0x77abd83b+6b]
	ntdll!RtlGetAppContainerNamedObjectPath [0x77abd7c1+231]

[Exception occurred while collecting links from naver] Message: no such window: target window already closed
from unknown error: web view not found
  (Session info: chrome=148.0.7778.168)
Stacktrace:
	chromedriver!GetHandleVerifier [0xe27123+10a23]
	chromedriver!GetHandleVerifier [0xe27254+10b54]
	chromedriver!(No symbol) [0xc41e90]
	chromedriver!(No symbol) [0xc20923]
	chromedriver!(No symbol) [0xcb3afb]
	chromedriver!(No symbol) [0xcca2a9]
	chromedriver!(No symbol) [0xcad526]
	chromedriver!(No symbol) [0xc808f9]
	chromedriver!(No symbol) [0xc816b4]
	chromedriver!GetHandleVerifier [0x10c1ac4+2ab3c4]
	chromedriver!GetHandleVerifier [0x10bd0ed+2a69ed]
	chromedriver!GetHandleVerifier [0x10de4f5+2c7df5]
	chromedriver!GetHandleVerifier [0xe41128+2aa28]
	chromedriver!GetHandleVerifier [0xe48bbd+324bd]
	chromedriver!GetHandleVerifier [0xe2fb28+19428]
	chromedriver!GetHandleVerifier [0xe2fcd5+195d5]
	chromedriver!GetHandleVerifier [0xe191cf+2acf]
	KERNEL32!BaseThreadInitThunk [0x75765d49+19]
	ntdll!RtlInitializeExceptionChain [0x77abd83b+6b]
	ntdll!RtlGetAppContainerNamedObjectPath [0x77abd7c1+231]

[Exception occurred while collecting links from naver] Message: no such window: target window already closed
from unknown error: web view not found
  (Session info: chrome=148.0.7778.168)
Stacktrace:
	chromedriver!GetHandleVerifier [0xe27123+10a23]
	chromedriver!GetHandleVerifier [0xe27254+10b54]
	chromedriver!(No symbol) [0xc41e90]
	chromedriver!(No symbol) [0xc20923]
	chromedriver!(No symbol) [0xcb3afb]
	chromedriver!(No symbol) [0xcca2a9]
	chromedriver!(No symbol) [0xcad526]
	chromedriver!(No symbol) [0xc808f9]
	chromedriver!(No symbol) [0xc816b4]
	chromedriver!GetHandleVerifier [0x10c1ac4+2ab3c4]
	chromedriver!GetHandleVerifier [0x10bd0ed+2a69ed]
	chromedriver!GetHandleVerifier [0x10de4f5+2c7df5]
	chromedriver!GetHandleVerifier [0xe41128+2aa28]
	chromedriver!GetHandleVerifier [0xe48bbd+324bd]
	chromedriver!GetHandleVerifier [0xe2fb28+19428]
	chromedriver!GetHandleVerifier [0xe2fcd5+195d5]
	chromedriver!GetHandleVerifier [0xe191cf+2acf]
	KERNEL32!BaseThreadInitThunk [0x75765d49+19]
	ntdll!RtlInitializeExceptionChain [0x77abd83b+6b]
	ntdll!RtlGetAppContainerNamedObjectPath [0x77abd7c1+231]

[Exception occurred while collecting links from naver] Message: no such window: target window already closed
from unknown error: web view not found
  (Session info: chrome=148.0.7778.168)
Stacktrace:
	chromedriver!GetHandleVerifier [0xe27123+10a23]
	chromedriver!GetHandleVerifier [0xe27254+10b54]
	chromedriver!(No symbol) [0xc41e90]
	chromedriver!(No symbol) [0xc20923]
	chromedriver!(No symbol) [0xcb3afb]
	chromedriver!(No symbol) [0xcca2a9]
	chromedriver!(No symbol) [0xcad526]
	chromedriver!(No symbol) [0xc808f9]
	chromedriver!(No symbol) [0xc816b4]
	chromedriver!GetHandleVerifier [0x10c1ac4+2ab3c4]
	chromedriver!GetHandleVerifier [0x10bd0ed+2a69ed]
	chromedriver!GetHandleVerifier [0x10de4f5+2c7df5]
	chromedriver!GetHandleVerifier [0xe41128+2aa28]
	chromedriver!GetHandleVerifier [0xe48bbd+324bd]
	chromedriver!GetHandleVerifier [0xe2fb28+19428]
	chromedriver!GetHandleVerifier [0xe2fcd5+195d5]
	chromedriver!GetHandleVerifier [0xe191cf+2acf]
	KERNEL32!BaseThreadInitThunk [0x75765d49+19]
	ntdll!RtlInitializeExceptionChain [0x77abd83b+6b]
	ntdll!RtlGetAppContainerNamedObjectPath [0x77abd7c1+231]

[Exception occurred while collecting links from naver] Message: no such window: target window already closed
from unknown error: web view not found
  (Session info: chrome=148.0.7778.168)
Stacktrace:
	chromedriver!GetHandleVerifier [0xe27123+10a23]
	chromedriver!GetHandleVerifier [0xe27254+10b54]
	chromedriver!(No symbol) [0xc41e90]
	chromedriver!(No symbol) [0xc20923]
	chromedriver!(No symbol) [0xcb3afb]
	chromedriver!(No symbol) [0xcca2a9]
	chromedriver!(No symbol) [0xcad526]
	chromedriver!(No symbol) [0xc808f9]
	chromedriver!(No symbol) [0xc816b4]
	chromedriver!GetHandleVerifier [0x10c1ac4+2ab3c4]
	chromedriver!GetHandleVerifier [0x10bd0ed+2a69ed]
	chromedriver!GetHandleVerifier [0x10de4f5+2c7df5]
	chromedriver!GetHandleVerifier [0xe41128+2aa28]
	chromedriver!GetHandleVerifier [0xe48bbd+324bd]
	chromedriver!GetHandleVerifier [0xe2fb28+19428]
	chromedriver!GetHandleVerifier [0xe2fcd5+195d5]
	chromedriver!GetHandleVerifier [0xe191cf+2acf]
	KERNEL32!BaseThreadInitThunk [0x75765d49+19]
	ntdll!RtlInitializeExceptionChain [0x77abd83b+6b]
	ntdll!RtlGetAppContainerNamedObjectPath [0x77abd7c1+231]

[Exception occurred while collecting links from naver] Message: no such window: target window already closed
from unknown error: web view not found
  (Session info: chrome=148.0.7778.168)
Stacktrace:
	chromedriver!GetHandleVerifier [0xe27123+10a23]
	chromedriver!GetHandleVerifier [0xe27254+10b54]
	chromedriver!(No symbol) [0xc41e90]
	chromedriver!(No symbol) [0xc20923]
	chromedriver!(No symbol) [0xcb3afb]
	chromedriver!(No symbol) [0xcca2a9]
	chromedriver!(No symbol) [0xcad526]
	chromedriver!(No symbol) [0xc808f9]
	chromedriver!(No symbol) [0xc816b4]
	chromedriver!GetHandleVerifier [0x10c1ac4+2ab3c4]
	chromedriver!GetHandleVerifier [0x10bd0ed+2a69ed]
	chromedriver!GetHandleVerifier [0x10de4f5+2c7df5]
	chromedriver!GetHandleVerifier [0xe41128+2aa28]
	chromedriver!GetHandleVerifier [0xe48bbd+324bd]
	chromedriver!GetHandleVerifier [0xe2fb28+19428]
	chromedriver!GetHandleVerifier [0xe2fcd5+195d5]
	chromedriver!GetHandleVerifier [0xe191cf+2acf]
	KERNEL32!BaseThreadInitThunk [0x75765d49+19]
	ntdll!RtlInitializeExceptionChain [0x77abd83b+6b]
	ntdll!RtlGetAppContainerNamedObjectPath [0x77abd7c1+231]

[Exception occurred while collecting links from naver] Message: no such window: target window already closed
from unknown error: web view not found
  (Session info: chrome=148.0.7778.168)
Stacktrace:
	chromedriver!GetHandleVerifier [0xe27123+10a23]
	chromedriver!GetHandleVerifier [0xe27254+10b54]
	chromedriver!(No symbol) [0xc41e90]
	chromedriver!(No symbol) [0xc20923]
	chromedriver!(No symbol) [0xcb3afb]
	chromedriver!(No symbol) [0xcca2a9]
	chromedriver!(No symbol) [0xcad526]
	chromedriver!(No symbol) [0xc808f9]
	chromedriver!(No symbol) [0xc816b4]
	chromedriver!GetHandleVerifier [0x10c1ac4+2ab3c4]
	chromedriver!GetHandleVerifier [0x10bd0ed+2a69ed]
	chromedriver!GetHandleVerifier [0x10de4f5+2c7df5]
	chromedriver!GetHandleVerifier [0xe41128+2aa28]
	chromedriver!GetHandleVerifier [0xe48bbd+324bd]
	chromedriver!GetHandleVerifier [0xe2fb28+19428]
	chromedriver!GetHandleVerifier [0xe2fcd5+195d5]
	chromedriver!GetHandleVerifier [0xe191cf+2acf]
	KERNEL32!BaseThreadInitThunk [0x75765d49+19]
	ntdll!RtlInitializeExceptionChain [0x77abd83b+6b]
	ntdll!RtlGetAppContainerNamedObjectPath [0x77abd7c1+231]

[Exception occurred while collecting links from naver] Message: no such window: target window already closed
from unknown error: web view not found
  (Session info: chrome=148.0.7778.168)
Stacktrace:
	chromedriver!GetHandleVerifier [0xe27123+10a23]
	chromedriver!GetHandleVerifier [0xe27254+10b54]
	chromedriver!(No symbol) [0xc41e90]
	chromedriver!(No symbol) [0xc20923]
	chromedriver!(No symbol) [0xcb3afb]
	chromedriver!(No symbol) [0xcca2a9]
	chromedriver!(No symbol) [0xcad526]
	chromedriver!(No symbol) [0xc808f9]
	chromedriver!(No symbol) [0xc816b4]
	chromedriver!GetHandleVerifier [0x10c1ac4+2ab3c4]
	chromedriver!GetHandleVerifier [0x10bd0ed+2a69ed]
	chromedriver!GetHandleVerifier [0x10de4f5+2c7df5]
	chromedriver!GetHandleVerifier [0xe41128+2aa28]
	chromedriver!GetHandleVerifier [0xe48bbd+324bd]
	chromedriver!GetHandleVerifier [0xe2fb28+19428]
	chromedriver!GetHandleVerifier [0xe2fcd5+195d5]
	chromedriver!GetHandleVerifier [0xe191cf+2acf]
	KERNEL32!BaseThreadInitThunk [0x75765d49+19]
	ntdll!RtlInitializeExceptionChain [0x77abd83b+6b]
	ntdll!RtlGetAppContainerNamedObjectPath [0x77abd7c1+231]

[Exception occurred while collecting links from naver] Message: no such window: target window already closed
from unknown error: web view not found
  (Session info: chrome=148.0.7778.168)
Stacktrace:
	chromedriver!GetHandleVerifier [0xe27123+10a23]
	chromedriver!GetHandleVerifier [0xe27254+10b54]
	chromedriver!(No symbol) [0xc41e90]
	chromedriver!(No symbol) [0xc20923]
	chromedriver!(No symbol) [0xcb3afb]
	chromedriver!(No symbol) [0xcca2a9]
	chromedriver!(No symbol) [0xcad526]
	chromedriver!(No symbol) [0xc808f9]
	chromedriver!(No symbol) [0xc816b4]
	chromedriver!GetHandleVerifier [0x10c1ac4+2ab3c4]
	chromedriver!GetHandleVerifier [0x10bd0ed+2a69ed]
	chromedriver!GetHandleVerifier [0x10de4f5+2c7df5]
	chromedriver!GetHandleVerifier [0xe41128+2aa28]
	chromedriver!GetHandleVerifier [0xe48bbd+324bd]
	chromedriver!GetHandleVerifier [0xe2fb28+19428]
	chromedriver!GetHandleVerifier [0xe2fcd5+195d5]
	chromedriver!GetHandleVerifier [0xe191cf+2acf]
	KERNEL32!BaseThreadInitThunk [0x75765d49+19]
	ntdll!RtlInitializeExceptionChain [0x77abd83b+6b]
	ntdll!RtlGetAppContainerNamedObjectPath [0x77abd7c1+231]

[Exception occurred while collecting links from naver] Message: no such window: target window already closed
from unknown error: web view not found
  (Session info: chrome=148.0.7778.168)
Stacktrace:
	chromedriver!GetHandleVerifier [0xe27123+10a23]
	chromedriver!GetHandleVerifier [0xe27254+10b54]
	chromedriver!(No symbol) [0xc41e90]
	chromedriver!(No symbol) [0xc20923]
	chromedriver!(No symbol) [0xcb3afb]
	chromedriver!(No symbol) [0xcca2a9]
	chromedriver!(No symbol) [0xcad526]
	chromedriver!(No symbol) [0xc808f9]
	chromedriver!(No symbol) [0xc816b4]
	chromedriver!GetHandleVerifier [0x10c1ac4+2ab3c4]
	chromedriver!GetHandleVerifier [0x10bd0ed+2a69ed]
	chromedriver!GetHandleVerifier [0x10de4f5+2c7df5]
	chromedriver!GetHandleVerifier [0xe41128+2aa28]
	chromedriver!GetHandleVerifier [0xe48bbd+324bd]
	chromedriver!GetHandleVerifier [0xe2fb28+19428]
	chromedriver!GetHandleVerifier [0xe2fcd5+195d5]
	chromedriver!GetHandleVerifier [0xe191cf+2acf]
	KERNEL32!BaseThreadInitThunk [0x75765d49+19]
	ntdll!RtlInitializeExceptionChain [0x77abd83b+6b]
	ntdll!RtlGetAppContainerNamedObjectPath [0x77abd7c1+231]

[Exception occurred while collecting links from naver] Message: no such window: target window already closed
from unknown error: web view not found
  (Session info: chrome=148.0.7778.168)
Stacktrace:
	chromedriver!GetHandleVerifier [0xe27123+10a23]
	chromedriver!GetHandleVerifier [0xe27254+10b54]
	chromedriver!(No symbol) [0xc41e90]
	chromedriver!(No symbol) [0xc20923]
	chromedriver!(No symbol) [0xcb3afb]
	chromedriver!(No symbol) [0xcca2a9]
	chromedriver!(No symbol) [0xcad526]
	chromedriver!(No symbol) [0xc808f9]
	chromedriver!(No symbol) [0xc816b4]
	chromedriver!GetHandleVerifier [0x10c1ac4+2ab3c4]
	chromedriver!GetHandleVerifier [0x10bd0ed+2a69ed]
	chromedriver!GetHandleVerifier [0x10de4f5+2c7df5]
	chromedriver!GetHandleVerifier [0xe41128+2aa28]
	chromedriver!GetHandleVerifier [0xe48bbd+324bd]
	chromedriver!GetHandleVerifier [0xe2fb28+19428]
	chromedriver!GetHandleVerifier [0xe2fcd5+195d5]
	chromedriver!GetHandleVerifier [0xe191cf+2acf]
	KERNEL32!BaseThreadInitThunk [0x75765d49+19]
	ntdll!RtlInitializeExceptionChain [0x77abd83b+6b]
	ntdll!RtlGetAppContainerNamedObjectPath [0x77abd7c1+231]

[Exception occurred while collecting links from naver] Message: no such window: target window already closed
from unknown error: web view not found
  (Session info: chrome=148.0.7778.168)
Stacktrace:
	chromedriver!GetHandleVerifier [0xe27123+10a23]
	chromedriver!GetHandleVerifier [0xe27254+10b54]
	chromedriver!(No symbol) [0xc41e90]
	chromedriver!(No symbol) [0xc20923]
	chromedriver!(No symbol) [0xcb3afb]
	chromedriver!(No symbol) [0xcca2a9]
	chromedriver!(No symbol) [0xcad526]
	chromedriver!(No symbol) [0xc808f9]
	chromedriver!(No symbol) [0xc816b4]
	chromedriver!GetHandleVerifier [0x10c1ac4+2ab3c4]
	chromedriver!GetHandleVerifier [0x10bd0ed+2a69ed]
	chromedriver!GetHandleVerifier [0x10de4f5+2c7df5]
	chromedriver!GetHandleVerifier [0xe41128+2aa28]
	chromedriver!GetHandleVerifier [0xe48bbd+324bd]
	chromedriver!GetHandleVerifier [0xe2fb28+19428]
	chromedriver!GetHandleVerifier [0xe2fcd5+195d5]
	chromedriver!GetHandleVerifier [0xe191cf+2acf]
	KERNEL32!BaseThreadInitThunk [0x75765d49+19]
	ntdll!RtlInitializeExceptionChain [0x77abd83b+6b]
	ntdll!RtlGetAppContainerNamedObjectPath [0x77abd7c1+231]

[Exception occurred while collecting links from naver] Message: no such window: target window already closed
from unknown error: web view not found
  (Session info: chrome=148.0.7778.168)
Stacktrace:
	chromedriver!GetHandleVerifier [0xe27123+10a23]
	chromedriver!GetHandleVerifier [0xe27254+10b54]
	chromedriver!(No symbol) [0xc41e90]
	chromedriver!(No symbol) [0xc20923]
	chromedriver!(No symbol) [0xcb3afb]
	chromedriver!(No symbol) [0xcca2a9]
	chromedriver!(No symbol) [0xcad526]
	chromedriver!(No symbol) [0xc808f9]
	chromedriver!(No symbol) [0xc816b4]
	chromedriver!GetHandleVerifier [0x10c1ac4+2ab3c4]
	chromedriver!GetHandleVerifier [0x10bd0ed+2a69ed]
	chromedriver!GetHandleVerifier [0x10de4f5+2c7df5]
	chromedriver!GetHandleVerifier [0xe41128+2aa28]
	chromedriver!GetHandleVerifier [0xe48bbd+324bd]
	chromedriver!GetHandleVerifier [0xe2fb28+19428]
	chromedriver!GetHandleVerifier [0xe2fcd5+195d5]
	chromedriver!GetHandleVerifier [0xe191cf+2acf]
	KERNEL32!BaseThreadInitThunk [0x75765d49+19]
	ntdll!RtlInitializeExceptionChain [0x77abd83b+6b]
	ntdll!RtlGetAppContainerNamedObjectPath [0x77abd7c1+231]

[Exception occurred while collecting links from naver] Message: no such window: target window already closed
from unknown error: web view not found
  (Session info: chrome=148.0.7778.168)
Stacktrace:
	chromedriver!GetHandleVerifier [0xe27123+10a23]
	chromedriver!GetHandleVerifier [0xe27254+10b54]
	chromedriver!(No symbol) [0xc41e90]
	chromedriver!(No symbol) [0xc20923]
	chromedriver!(No symbol) [0xcb3afb]
	chromedriver!(No symbol) [0xcca2a9]
	chromedriver!(No symbol) [0xcad526]
	chromedriver!(No symbol) [0xc808f9]
	chromedriver!(No symbol) [0xc816b4]
	chromedriver!GetHandleVerifier [0x10c1ac4+2ab3c4]
	chromedriver!GetHandleVerifier [0x10bd0ed+2a69ed]
	chromedriver!GetHandleVerifier [0x10de4f5+2c7df5]
	chromedriver!GetHandleVerifier [0xe41128+2aa28]
	chromedriver!GetHandleVerifier [0xe48bbd+324bd]
	chromedriver!GetHandleVerifier [0xe2fb28+19428]
	chromedriver!GetHandleVerifier [0xe2fcd5+195d5]
	chromedriver!GetHandleVerifier [0xe191cf+2acf]
	KERNEL32!BaseThreadInitThunk [0x75765d49+19]
	ntdll!RtlInitializeExceptionChain [0x77abd83b+6b]
	ntdll!RtlGetAppContainerNamedObjectPath [0x77abd7c1+231]

[Exception occurred while collecting links from naver] Message: no such window: target window already closed
from unknown error: web view not found
  (Session info: chrome=148.0.7778.168)
Stacktrace:
	chromedriver!GetHandleVerifier [0xe27123+10a23]
	chromedriver!GetHandleVerifier [0xe27254+10b54]
	chromedriver!(No symbol) [0xc41e90]
	chromedriver!(No symbol) [0xc20923]
	chromedriver!(No symbol) [0xcb3afb]
	chromedriver!(No symbol) [0xcca2a9]
	chromedriver!(No symbol) [0xcad526]
	chromedriver!(No symbol) [0xc808f9]
	chromedriver!(No symbol) [0xc816b4]
	chromedriver!GetHandleVerifier [0x10c1ac4+2ab3c4]
	chromedriver!GetHandleVerifier [0x10bd0ed+2a69ed]
	chromedriver!GetHandleVerifier [0x10de4f5+2c7df5]
	chromedriver!GetHandleVerifier [0xe41128+2aa28]
	chromedriver!GetHandleVerifier [0xe48bbd+324bd]
	chromedriver!GetHandleVerifier [0xe2fb28+19428]
	chromedriver!GetHandleVerifier [0xe2fcd5+195d5]
	chromedriver!GetHandleVerifier [0xe191cf+2acf]
	KERNEL32!BaseThreadInitThunk [0x75765d49+19]
	ntdll!RtlInitializeExceptionChain [0x77abd83b+6b]
	ntdll!RtlGetAppContainerNamedObjectPath [0x77abd7c1+231]

[Exception occurred while collecting links from naver] Message: no such window: target window already closed
from unknown error: web view not found
  (Session info: chrome=148.0.7778.168)
Stacktrace:
	chromedriver!GetHandleVerifier [0xe27123+10a23]
	chromedriver!GetHandleVerifier [0xe27254+10b54]
	chromedriver!(No symbol) [0xc41e90]
	chromedriver!(No symbol) [0xc20923]
	chromedriver!(No symbol) [0xcb3afb]
	chromedriver!(No symbol) [0xcca2a9]
	chromedriver!(No symbol) [0xcad526]
	chromedriver!(No symbol) [0xc808f9]
	chromedriver!(No symbol) [0xc816b4]
	chromedriver!GetHandleVerifier [0x10c1ac4+2ab3c4]
	chromedriver!GetHandleVerifier [0x10bd0ed+2a69ed]
	chromedriver!GetHandleVerifier [0x10de4f5+2c7df5]
	chromedriver!GetHandleVerifier [0xe41128+2aa28]
	chromedriver!GetHandleVerifier [0xe48bbd+324bd]
	chromedriver!GetHandleVerifier [0xe2fb28+19428]
	chromedriver!GetHandleVerifier [0xe2fcd5+195d5]
	chromedriver!GetHandleVerifier [0xe191cf+2acf]
	KERNEL32!BaseThreadInitThunk [0x75765d49+19]
	ntdll!RtlInitializeExceptionChain [0x77abd83b+6b]
	ntdll!RtlGetAppContainerNamedObjectPath [0x77abd7c1+231]

[Exception occurred while collecting links from naver] Message: no such window: target window already closed
from unknown error: web view not found
  (Session info: chrome=148.0.7778.168)
Stacktrace:
	chromedriver!GetHandleVerifier [0xe27123+10a23]
	chromedriver!GetHandleVerifier [0xe27254+10b54]
	chromedriver!(No symbol) [0xc41e90]
	chromedriver!(No symbol) [0xc20923]
	chromedriver!(No symbol) [0xcb3afb]
	chromedriver!(No symbol) [0xcca2a9]
	chromedriver!(No symbol) [0xcad526]
	chromedriver!(No symbol) [0xc808f9]
	chromedriver!(No symbol) [0xc816b4]
	chromedriver!GetHandleVerifier [0x10c1ac4+2ab3c4]
	chromedriver!GetHandleVerifier [0x10bd0ed+2a69ed]
	chromedriver!GetHandleVerifier [0x10de4f5+2c7df5]
	chromedriver!GetHandleVerifier [0xe41128+2aa28]
	chromedriver!GetHandleVerifier [0xe48bbd+324bd]
	chromedriver!GetHandleVerifier [0xe2fb28+19428]
	chromedriver!GetHandleVerifier [0xe2fcd5+195d5]
	chromedriver!GetHandleVerifier [0xe191cf+2acf]
	KERNEL32!BaseThreadInitThunk [0x75765d49+19]
	ntdll!RtlInitializeExceptionChain [0x77abd83b+6b]
	ntdll!RtlGetAppContainerNamedObjectPath [0x77abd7c1+231]

[Exception occurred while collecting links from naver] Message: no such window: target window already closed
from unknown error: web view not found
  (Session info: chrome=148.0.7778.168)
Stacktrace:
	chromedriver!GetHandleVerifier [0xe27123+10a23]
	chromedriver!GetHandleVerifier [0xe27254+10b54]
	chromedriver!(No symbol) [0xc41e90]
	chromedriver!(No symbol) [0xc20923]
	chromedriver!(No symbol) [0xcb3afb]
	chromedriver!(No symbol) [0xcca2a9]
	chromedriver!(No symbol) [0xcad526]
	chromedriver!(No symbol) [0xc808f9]
	chromedriver!(No symbol) [0xc816b4]
	chromedriver!GetHandleVerifier [0x10c1ac4+2ab3c4]
	chromedriver!GetHandleVerifier [0x10bd0ed+2a69ed]
	chromedriver!GetHandleVerifier [0x10de4f5+2c7df5]
	chromedriver!GetHandleVerifier [0xe41128+2aa28]
	chromedriver!GetHandleVerifier [0xe48bbd+324bd]
	chromedriver!GetHandleVerifier [0xe2fb28+19428]
	chromedriver!GetHandleVerifier [0xe2fcd5+195d5]
	chromedriver!GetHandleVerifier [0xe191cf+2acf]
	KERNEL32!BaseThreadInitThunk [0x75765d49+19]
	ntdll!RtlInitializeExceptionChain [0x77abd83b+6b]
	ntdll!RtlGetAppContainerNamedObjectPath [0x77abd7c1+231]

[Exception occurred while collecting links from naver] Message: no such window: target window already closed
from unknown error: web view not found
  (Session info: chrome=148.0.7778.168)
Stacktrace:
	chromedriver!GetHandleVerifier [0xe27123+10a23]
	chromedriver!GetHandleVerifier [0xe27254+10b54]
	chromedriver!(No symbol) [0xc41e90]
	chromedriver!(No symbol) [0xc20923]
	chromedriver!(No symbol) [0xcb3afb]
	chromedriver!(No symbol) [0xcca2a9]
	chromedriver!(No symbol) [0xcad526]
	chromedriver!(No symbol) [0xc808f9]
	chromedriver!(No symbol) [0xc816b4]
	chromedriver!GetHandleVerifier [0x10c1ac4+2ab3c4]
	chromedriver!GetHandleVerifier [0x10bd0ed+2a69ed]
	chromedriver!GetHandleVerifier [0x10de4f5+2c7df5]
	chromedriver!GetHandleVerifier [0xe41128+2aa28]
	chromedriver!GetHandleVerifier [0xe48bbd+324bd]
	chromedriver!GetHandleVerifier [0xe2fb28+19428]
	chromedriver!GetHandleVerifier [0xe2fcd5+195d5]
	chromedriver!GetHandleVerifier [0xe191cf+2acf]
	KERNEL32!BaseThreadInitThunk [0x75765d49+19]
	ntdll!RtlInitializeExceptionChain [0x77abd83b+6b]
	ntdll!RtlGetAppContainerNamedObjectPath [0x77abd7c1+231]

[Exception occurred while collecting links from naver] Message: no such window: target window already closed
from unknown error: web view not found
  (Session info: chrome=148.0.7778.168)
Stacktrace:
	chromedriver!GetHandleVerifier [0xe27123+10a23]
	chromedriver!GetHandleVerifier [0xe27254+10b54]
	chromedriver!(No symbol) [0xc41e90]
	chromedriver!(No symbol) [0xc20923]
	chromedriver!(No symbol) [0xcb3afb]
	chromedriver!(No symbol) [0xcca2a9]
	chromedriver!(No symbol) [0xcad526]
	chromedriver!(No symbol) [0xc808f9]
	chromedriver!(No symbol) [0xc816b4]
	chromedriver!GetHandleVerifier [0x10c1ac4+2ab3c4]
	chromedriver!GetHandleVerifier [0x10bd0ed+2a69ed]
	chromedriver!GetHandleVerifier [0x10de4f5+2c7df5]
	chromedriver!GetHandleVerifier [0xe41128+2aa28]
	chromedriver!GetHandleVerifier [0xe48bbd+324bd]
	chromedriver!GetHandleVerifier [0xe2fb28+19428]
	chromedriver!GetHandleVerifier [0xe2fcd5+195d5]
	chromedriver!GetHandleVerifier [0xe191cf+2acf]
	KERNEL32!BaseThreadInitThunk [0x75765d49+19]
	ntdll!RtlInitializeExceptionChain [0x77abd83b+6b]
	ntdll!RtlGetAppContainerNamedObjectPath [0x77abd7c1+231]

[Exception occurred while collecting links from naver] Message: no such window: target window already closed
from unknown error: web view not found
  (Session info: chrome=148.0.7778.168)
Stacktrace:
	chromedriver!GetHandleVerifier [0xe27123+10a23]
	chromedriver!GetHandleVerifier [0xe27254+10b54]
	chromedriver!(No symbol) [0xc41e90]
	chromedriver!(No symbol) [0xc20923]
	chromedriver!(No symbol) [0xcb3afb]
	chromedriver!(No symbol) [0xcca2a9]
	chromedriver!(No symbol) [0xcad526]
	chromedriver!(No symbol) [0xc808f9]
	chromedriver!(No symbol) [0xc816b4]
	chromedriver!GetHandleVerifier [0x10c1ac4+2ab3c4]
	chromedriver!GetHandleVerifier [0x10bd0ed+2a69ed]
	chromedriver!GetHandleVerifier [0x10de4f5+2c7df5]
	chromedriver!GetHandleVerifier [0xe41128+2aa28]
	chromedriver!GetHandleVerifier [0xe48bbd+324bd]
	chromedriver!GetHandleVerifier [0xe2fb28+19428]
	chromedriver!GetHandleVerifier [0xe2fcd5+195d5]
	chromedriver!GetHandleVerifier [0xe191cf+2acf]
	KERNEL32!BaseThreadInitThunk [0x75765d49+19]
	ntdll!RtlInitializeExceptionChain [0x77abd83b+6b]
	ntdll!RtlGetAppContainerNamedObjectPath [0x77abd7c1+231]

[Exception occurred while collecting links from naver] Message: no such window: target window already closed
from unknown error: web view not found
  (Session info: chrome=148.0.7778.168)
Stacktrace:
	chromedriver!GetHandleVerifier [0xe27123+10a23]
	chromedriver!GetHandleVerifier [0xe27254+10b54]
	chromedriver!(No symbol) [0xc41e90]
	chromedriver!(No symbol) [0xc20923]
	chromedriver!(No symbol) [0xcb3afb]
	chromedriver!(No symbol) [0xcca2a9]
	chromedriver!(No symbol) [0xcad526]
	chromedriver!(No symbol) [0xc808f9]
	chromedriver!(No symbol) [0xc816b4]
	chromedriver!GetHandleVerifier [0x10c1ac4+2ab3c4]
	chromedriver!GetHandleVerifier [0x10bd0ed+2a69ed]
	chromedriver!GetHandleVerifier [0x10de4f5+2c7df5]
	chromedriver!GetHandleVerifier [0xe41128+2aa28]
	chromedriver!GetHandleVerifier [0xe48bbd+324bd]
	chromedriver!GetHandleVerifier [0xe2fb28+19428]
	chromedriver!GetHandleVerifier [0xe2fcd5+195d5]
	chromedriver!GetHandleVerifier [0xe191cf+2acf]
	KERNEL32!BaseThreadInitThunk [0x75765d49+19]
	ntdll!RtlInitializeExceptionChain [0x77abd83b+6b]
	ntdll!RtlGetAppContainerNamedObjectPath [0x77abd7c1+231]

[Exception occurred while collecting links from naver] Message: no such window: target window already closed
from unknown error: web view not found
  (Session info: chrome=148.0.7778.168)
Stacktrace:
	chromedriver!GetHandleVerifier [0xe27123+10a23]
	chromedriver!GetHandleVerifier [0xe27254+10b54]
	chromedriver!(No symbol) [0xc41e90]
	chromedriver!(No symbol) [0xc20923]
	chromedriver!(No symbol) [0xcb3afb]
	chromedriver!(No symbol) [0xcca2a9]
	chromedriver!(No symbol) [0xcad526]
	chromedriver!(No symbol) [0xc808f9]
	chromedriver!(No symbol) [0xc816b4]
	chromedriver!GetHandleVerifier [0x10c1ac4+2ab3c4]
	chromedriver!GetHandleVerifier [0x10bd0ed+2a69ed]
	chromedriver!GetHandleVerifier [0x10de4f5+2c7df5]
	chromedriver!GetHandleVerifier [0xe41128+2aa28]
	chromedriver!GetHandleVerifier [0xe48bbd+324bd]
	chromedriver!GetHandleVerifier [0xe2fb28+19428]
	chromedriver!GetHandleVerifier [0xe2fcd5+195d5]
	chromedriver!GetHandleVerifier [0xe191cf+2acf]
	KERNEL32!BaseThreadInitThunk [0x75765d49+19]
	ntdll!RtlInitializeExceptionChain [0x77abd83b+6b]
	ntdll!RtlGetAppContainerNamedObjectPath [0x77abd7c1+231]

[Exception occurred while collecting links from naver] Message: no such window: target window already closed
from unknown error: web view not found
  (Session info: chrome=148.0.7778.168)
Stacktrace:
	chromedriver!GetHandleVerifier [0xe27123+10a23]
	chromedriver!GetHandleVerifier [0xe27254+10b54]
	chromedriver!(No symbol) [0xc41e90]
	chromedriver!(No symbol) [0xc20923]
	chromedriver!(No symbol) [0xcb3afb]
	chromedriver!(No symbol) [0xcca2a9]
	chromedriver!(No symbol) [0xcad526]
	chromedriver!(No symbol) [0xc808f9]
	chromedriver!(No symbol) [0xc816b4]
	chromedriver!GetHandleVerifier [0x10c1ac4+2ab3c4]
	chromedriver!GetHandleVerifier [0x10bd0ed+2a69ed]
	chromedriver!GetHandleVerifier [0x10de4f5+2c7df5]
	chromedriver!GetHandleVerifier [0xe41128+2aa28]
	chromedriver!GetHandleVerifier [0xe48bbd+324bd]
	chromedriver!GetHandleVerifier [0xe2fb28+19428]
	chromedriver!GetHandleVerifier [0xe2fcd5+195d5]
	chromedriver!GetHandleVerifier [0xe191cf+2acf]
	KERNEL32!BaseThreadInitThunk [0x75765d49+19]
	ntdll!RtlInitializeExceptionChain [0x77abd83b+6b]
	ntdll!RtlGetAppContainerNamedObjectPath [0x77abd7c1+231]

[Exception occurred while collecting links from naver] Message: no such window: target window already closed
from unknown error: web view not found
  (Session info: chrome=148.0.7778.168)
Stacktrace:
	chromedriver!GetHandleVerifier [0xe27123+10a23]
	chromedriver!GetHandleVerifier [0xe27254+10b54]
	chromedriver!(No symbol) [0xc41e90]
	chromedriver!(No symbol) [0xc20923]
	chromedriver!(No symbol) [0xcb3afb]
	chromedriver!(No symbol) [0xcca2a9]
	chromedriver!(No symbol) [0xcad526]
	chromedriver!(No symbol) [0xc808f9]
	chromedriver!(No symbol) [0xc816b4]
	chromedriver!GetHandleVerifier [0x10c1ac4+2ab3c4]
	chromedriver!GetHandleVerifier [0x10bd0ed+2a69ed]
	chromedriver!GetHandleVerifier [0x10de4f5+2c7df5]
	chromedriver!GetHandleVerifier [0xe41128+2aa28]
	chromedriver!GetHandleVerifier [0xe48bbd+324bd]
	chromedriver!GetHandleVerifier [0xe2fb28+19428]
	chromedriver!GetHandleVerifier [0xe2fcd5+195d5]
	chromedriver!GetHandleVerifier [0xe191cf+2acf]
	KERNEL32!BaseThreadInitThunk [0x75765d49+19]
	ntdll!RtlInitializeExceptionChain [0x77abd83b+6b]
	ntdll!RtlGetAppContainerNamedObjectPath [0x77abd7c1+231]

[Exception occurred while collecting links from naver] Message: no such window: target window already closed
from unknown error: web view not found
  (Session info: chrome=148.0.7778.168)
Stacktrace:
	chromedriver!GetHandleVerifier [0xe27123+10a23]
	chromedriver!GetHandleVerifier [0xe27254+10b54]
	chromedriver!(No symbol) [0xc41e90]
	chromedriver!(No symbol) [0xc20923]
	chromedriver!(No symbol) [0xcb3afb]
	chromedriver!(No symbol) [0xcca2a9]
	chromedriver!(No symbol) [0xcad526]
	chromedriver!(No symbol) [0xc808f9]
	chromedriver!(No symbol) [0xc816b4]
	chromedriver!GetHandleVerifier [0x10c1ac4+2ab3c4]
	chromedriver!GetHandleVerifier [0x10bd0ed+2a69ed]
	chromedriver!GetHandleVerifier [0x10de4f5+2c7df5]
	chromedriver!GetHandleVerifier [0xe41128+2aa28]
	chromedriver!GetHandleVerifier [0xe48bbd+324bd]
	chromedriver!GetHandleVerifier [0xe2fb28+19428]
	chromedriver!GetHandleVerifier [0xe2fcd5+195d5]
	chromedriver!GetHandleVerifier [0xe191cf+2acf]
	KERNEL32!BaseThreadInitThunk [0x75765d49+19]
	ntdll!RtlInitializeExceptionChain [0x77abd83b+6b]
	ntdll!RtlGetAppContainerNamedObjectPath [0x77abd7c1+231]

[Exception occurred while collecting links from naver] Message: no such window: target window already closed
from unknown error: web view not found
  (Session info: chrome=148.0.7778.168)
Stacktrace:
	chromedriver!GetHandleVerifier [0xe27123+10a23]
	chromedriver!GetHandleVerifier [0xe27254+10b54]
	chromedriver!(No symbol) [0xc41e90]
	chromedriver!(No symbol) [0xc20923]
	chromedriver!(No symbol) [0xcb3afb]
	chromedriver!(No symbol) [0xcca2a9]
	chromedriver!(No symbol) [0xcad526]
	chromedriver!(No symbol) [0xc808f9]
	chromedriver!(No symbol) [0xc816b4]
	chromedriver!GetHandleVerifier [0x10c1ac4+2ab3c4]
	chromedriver!GetHandleVerifier [0x10bd0ed+2a69ed]
	chromedriver!GetHandleVerifier [0x10de4f5+2c7df5]
	chromedriver!GetHandleVerifier [0xe41128+2aa28]
	chromedriver!GetHandleVerifier [0xe48bbd+324bd]
	chromedriver!GetHandleVerifier [0xe2fb28+19428]
	chromedriver!GetHandleVerifier [0xe2fcd5+195d5]
	chromedriver!GetHandleVerifier [0xe191cf+2acf]
	KERNEL32!BaseThreadInitThunk [0x75765d49+19]
	ntdll!RtlInitializeExceptionChain [0x77abd83b+6b]
	ntdll!RtlGetAppContainerNamedObjectPath [0x77abd7c1+231]

[Exception occurred while collecting links from naver] Message: no such window: target window already closed
from unknown error: web view not found
  (Session info: chrome=148.0.7778.168)
Stacktrace:
	chromedriver!GetHandleVerifier [0xe27123+10a23]
	chromedriver!GetHandleVerifier [0xe27254+10b54]
	chromedriver!(No symbol) [0xc41e90]
	chromedriver!(No symbol) [0xc20923]
	chromedriver!(No symbol) [0xcb3afb]
	chromedriver!(No symbol) [0xcca2a9]
	chromedriver!(No symbol) [0xcad526]
	chromedriver!(No symbol) [0xc808f9]
	chromedriver!(No symbol) [0xc816b4]
	chromedriver!GetHandleVerifier [0x10c1ac4+2ab3c4]
	chromedriver!GetHandleVerifier [0x10bd0ed+2a69ed]
	chromedriver!GetHandleVerifier [0x10de4f5+2c7df5]
	chromedriver!GetHandleVerifier [0xe41128+2aa28]
	chromedriver!GetHandleVerifier [0xe48bbd+324bd]
	chromedriver!GetHandleVerifier [0xe2fb28+19428]
	chromedriver!GetHandleVerifier [0xe2fcd5+195d5]
	chromedriver!GetHandleVerifier [0xe191cf+2acf]
	KERNEL32!BaseThreadInitThunk [0x75765d49+19]
	ntdll!RtlInitializeExceptionChain [0x77abd83b+6b]
	ntdll!RtlGetAppContainerNamedObjectPath [0x77abd7c1+231]

[Exception occurred while collecting links from naver] Message: no such window: target window already closed
from unknown error: web view not found
  (Session info: chrome=148.0.7778.168)
Stacktrace:
	chromedriver!GetHandleVerifier [0xe27123+10a23]
	chromedriver!GetHandleVerifier [0xe27254+10b54]
	chromedriver!(No symbol) [0xc41e90]
	chromedriver!(No symbol) [0xc20923]
	chromedriver!(No symbol) [0xcb3afb]
	chromedriver!(No symbol) [0xcca2a9]
	chromedriver!(No symbol) [0xcad526]
	chromedriver!(No symbol) [0xc808f9]
	chromedriver!(No symbol) [0xc816b4]
	chromedriver!GetHandleVerifier [0x10c1ac4+2ab3c4]
	chromedriver!GetHandleVerifier [0x10bd0ed+2a69ed]
	chromedriver!GetHandleVerifier [0x10de4f5+2c7df5]
	chromedriver!GetHandleVerifier [0xe41128+2aa28]
	chromedriver!GetHandleVerifier [0xe48bbd+324bd]
	chromedriver!GetHandleVerifier [0xe2fb28+19428]
	chromedriver!GetHandleVerifier [0xe2fcd5+195d5]
	chromedriver!GetHandleVerifier [0xe191cf+2acf]
	KERNEL32!BaseThreadInitThunk [0x75765d49+19]
	ntdll!RtlInitializeExceptionChain [0x77abd83b+6b]
	ntdll!RtlGetAppContainerNamedObjectPath [0x77abd7c1+231]

[Exception occurred while collecting links from naver] Message: no such window: target window already closed
from unknown error: web view not found
  (Session info: chrome=148.0.7778.168)
Stacktrace:
	chromedriver!GetHandleVerifier [0xe27123+10a23]
	chromedriver!GetHandleVerifier [0xe27254+10b54]
	chromedriver!(No symbol) [0xc41e90]
	chromedriver!(No symbol) [0xc20923]
	chromedriver!(No symbol) [0xcb3afb]
	chromedriver!(No symbol) [0xcca2a9]
	chromedriver!(No symbol) [0xcad526]
	chromedriver!(No symbol) [0xc808f9]
	chromedriver!(No symbol) [0xc816b4]
	chromedriver!GetHandleVerifier [0x10c1ac4+2ab3c4]
	chromedriver!GetHandleVerifier [0x10bd0ed+2a69ed]
	chromedriver!GetHandleVerifier [0x10de4f5+2c7df5]
	chromedriver!GetHandleVerifier [0xe41128+2aa28]
	chromedriver!GetHandleVerifier [0xe48bbd+324bd]
	chromedriver!GetHandleVerifier [0xe2fb28+19428]
	chromedriver!GetHandleVerifier [0xe2fcd5+195d5]
	chromedriver!GetHandleVerifier [0xe191cf+2acf]
	KERNEL32!BaseThreadInitThunk [0x75765d49+19]
	ntdll!RtlInitializeExceptionChain [0x77abd83b+6b]
	ntdll!RtlGetAppContainerNamedObjectPath [0x77abd7c1+231]

[Exception occurred while collecting links from naver] Message: no such window: target window already closed
from unknown error: web view not found
  (Session info: chrome=148.0.7778.168)
Stacktrace:
	chromedriver!GetHandleVerifier [0xe27123+10a23]
	chromedriver!GetHandleVerifier [0xe27254+10b54]
	chromedriver!(No symbol) [0xc41e90]
	chromedriver!(No symbol) [0xc20923]
	chromedriver!(No symbol) [0xcb3afb]
	chromedriver!(No symbol) [0xcca2a9]
	chromedriver!(No symbol) [0xcad526]
	chromedriver!(No symbol) [0xc808f9]
	chromedriver!(No symbol) [0xc816b4]
	chromedriver!GetHandleVerifier [0x10c1ac4+2ab3c4]
	chromedriver!GetHandleVerifier [0x10bd0ed+2a69ed]
	chromedriver!GetHandleVerifier [0x10de4f5+2c7df5]
	chromedriver!GetHandleVerifier [0xe41128+2aa28]
	chromedriver!GetHandleVerifier [0xe48bbd+324bd]
	chromedriver!GetHandleVerifier [0xe2fb28+19428]
	chromedriver!GetHandleVerifier [0xe2fcd5+195d5]
	chromedriver!GetHandleVerifier [0xe191cf+2acf]
	KERNEL32!BaseThreadInitThunk [0x75765d49+19]
	ntdll!RtlInitializeExceptionChain [0x77abd83b+6b]
	ntdll!RtlGetAppContainerNamedObjectPath [0x77abd7c1+231]

[Exception occurred while collecting links from naver] Message: no such window: target window already closed
from unknown error: web view not found
  (Session info: chrome=148.0.7778.168)
Stacktrace:
	chromedriver!GetHandleVerifier [0xe27123+10a23]
	chromedriver!GetHandleVerifier [0xe27254+10b54]
	chromedriver!(No symbol) [0xc41e90]
	chromedriver!(No symbol) [0xc20923]
	chromedriver!(No symbol) [0xcb3afb]
	chromedriver!(No symbol) [0xcca2a9]
	chromedriver!(No symbol) [0xcad526]
	chromedriver!(No symbol) [0xc808f9]
	chromedriver!(No symbol) [0xc816b4]
	chromedriver!GetHandleVerifier [0x10c1ac4+2ab3c4]
	chromedriver!GetHandleVerifier [0x10bd0ed+2a69ed]
	chromedriver!GetHandleVerifier [0x10de4f5+2c7df5]
	chromedriver!GetHandleVerifier [0xe41128+2aa28]
	chromedriver!GetHandleVerifier [0xe48bbd+324bd]
	chromedriver!GetHandleVerifier [0xe2fb28+19428]
	chromedriver!GetHandleVerifier [0xe2fcd5+195d5]
	chromedriver!GetHandleVerifier [0xe191cf+2acf]
	KERNEL32!BaseThreadInitThunk [0x75765d49+19]
	ntdll!RtlInitializeExceptionChain [0x77abd83b+6b]
	ntdll!RtlGetAppContainerNamedObjectPath [0x77abd7c1+231]

[Exception occurred while collecting links from naver] Message: no such window: target window already closed
from unknown error: web view not found
  (Session info: chrome=148.0.7778.168)
Stacktrace:
	chromedriver!GetHandleVerifier [0xe27123+10a23]
	chromedriver!GetHandleVerifier [0xe27254+10b54]
	chromedriver!(No symbol) [0xc41e90]
	chromedriver!(No symbol) [0xc20923]
	chromedriver!(No symbol) [0xcb3afb]
	chromedriver!(No symbol) [0xcca2a9]
	chromedriver!(No symbol) [0xcad526]
	chromedriver!(No symbol) [0xc808f9]
	chromedriver!(No symbol) [0xc816b4]
	chromedriver!GetHandleVerifier [0x10c1ac4+2ab3c4]
	chromedriver!GetHandleVerifier [0x10bd0ed+2a69ed]
	chromedriver!GetHandleVerifier [0x10de4f5+2c7df5]
	chromedriver!GetHandleVerifier [0xe41128+2aa28]
	chromedriver!GetHandleVerifier [0xe48bbd+324bd]
	chromedriver!GetHandleVerifier [0xe2fb28+19428]
	chromedriver!GetHandleVerifier [0xe2fcd5+195d5]
	chromedriver!GetHandleVerifier [0xe191cf+2acf]
	KERNEL32!BaseThreadInitThunk [0x75765d49+19]
	ntdll!RtlInitializeExceptionChain [0x77abd83b+6b]
	ntdll!RtlGetAppContainerNamedObjectPath [0x77abd7c1+231]

[Exception occurred while collecting links from naver] Message: no such window: target window already closed
from unknown error: web view not found
  (Session info: chrome=148.0.7778.168)
Stacktrace:
	chromedriver!GetHandleVerifier [0xe27123+10a23]
	chromedriver!GetHandleVerifier [0xe27254+10b54]
	chromedriver!(No symbol) [0xc41e90]
	chromedriver!(No symbol) [0xc20923]
	chromedriver!(No symbol) [0xcb3afb]
	chromedriver!(No symbol) [0xcca2a9]
	chromedriver!(No symbol) [0xcad526]
	chromedriver!(No symbol) [0xc808f9]
	chromedriver!(No symbol) [0xc816b4]
	chromedriver!GetHandleVerifier [0x10c1ac4+2ab3c4]
	chromedriver!GetHandleVerifier [0x10bd0ed+2a69ed]
	chromedriver!GetHandleVerifier [0x10de4f5+2c7df5]
	chromedriver!GetHandleVerifier [0xe41128+2aa28]
	chromedriver!GetHandleVerifier [0xe48bbd+324bd]
	chromedriver!GetHandleVerifier [0xe2fb28+19428]
	chromedriver!GetHandleVerifier [0xe2fcd5+195d5]
	chromedriver!GetHandleVerifier [0xe191cf+2acf]
	KERNEL32!BaseThreadInitThunk [0x75765d49+19]
	ntdll!RtlInitializeExceptionChain [0x77abd83b+6b]
	ntdll!RtlGetAppContainerNamedObjectPath [0x77abd7c1+231]

[Exception occurred while collecting links from naver] Message: no such window: target window already closed
from unknown error: web view not found
  (Session info: chrome=148.0.7778.168)
Stacktrace:
	chromedriver!GetHandleVerifier [0xe27123+10a23]
	chromedriver!GetHandleVerifier [0xe27254+10b54]
	chromedriver!(No symbol) [0xc41e90]
	chromedriver!(No symbol) [0xc20923]
	chromedriver!(No symbol) [0xcb3afb]
	chromedriver!(No symbol) [0xcca2a9]
	chromedriver!(No symbol) [0xcad526]
	chromedriver!(No symbol) [0xc808f9]
	chromedriver!(No symbol) [0xc816b4]
	chromedriver!GetHandleVerifier [0x10c1ac4+2ab3c4]
	chromedriver!GetHandleVerifier [0x10bd0ed+2a69ed]
	chromedriver!GetHandleVerifier [0x10de4f5+2c7df5]
	chromedriver!GetHandleVerifier [0xe41128+2aa28]
	chromedriver!GetHandleVerifier [0xe48bbd+324bd]
	chromedriver!GetHandleVerifier [0xe2fb28+19428]
	chromedriver!GetHandleVerifier [0xe2fcd5+195d5]
	chromedriver!GetHandleVerifier [0xe191cf+2acf]
	KERNEL32!BaseThreadInitThunk [0x75765d49+19]
	ntdll!RtlInitializeExceptionChain [0x77abd83b+6b]
	ntdll!RtlGetAppContainerNamedObjectPath [0x77abd7c1+231]

[Exception occurred while collecting links from naver] Message: no such window: target window already closed
from unknown error: web view not found
  (Session info: chrome=148.0.7778.168)
Stacktrace:
	chromedriver!GetHandleVerifier [0xe27123+10a23]
	chromedriver!GetHandleVerifier [0xe27254+10b54]
	chromedriver!(No symbol) [0xc41e90]
	chromedriver!(No symbol) [0xc20923]
	chromedriver!(No symbol) [0xcb3afb]
	chromedriver!(No symbol) [0xcca2a9]
	chromedriver!(No symbol) [0xcad526]
	chromedriver!(No symbol) [0xc808f9]
	chromedriver!(No symbol) [0xc816b4]
	chromedriver!GetHandleVerifier [0x10c1ac4+2ab3c4]
	chromedriver!GetHandleVerifier [0x10bd0ed+2a69ed]
	chromedriver!GetHandleVerifier [0x10de4f5+2c7df5]
	chromedriver!GetHandleVerifier [0xe41128+2aa28]
	chromedriver!GetHandleVerifier [0xe48bbd+324bd]
	chromedriver!GetHandleVerifier [0xe2fb28+19428]
	chromedriver!GetHandleVerifier [0xe2fcd5+195d5]
	chromedriver!GetHandleVerifier [0xe191cf+2acf]
	KERNEL32!BaseThreadInitThunk [0x75765d49+19]
	ntdll!RtlInitializeExceptionChain [0x77abd83b+6b]
	ntdll!RtlGetAppContainerNamedObjectPath [0x77abd7c1+231]

[Exception occurred while collecting links from naver] Message: no such window: target window already closed
from unknown error: web view not found
  (Session info: chrome=148.0.7778.168)
Stacktrace:
	chromedriver!GetHandleVerifier [0xe27123+10a23]
	chromedriver!GetHandleVerifier [0xe27254+10b54]
	chromedriver!(No symbol) [0xc41e90]
	chromedriver!(No symbol) [0xc20923]
	chromedriver!(No symbol) [0xcb3afb]
	chromedriver!(No symbol) [0xcca2a9]
	chromedriver!(No symbol) [0xcad526]
	chromedriver!(No symbol) [0xc808f9]
	chromedriver!(No symbol) [0xc816b4]
	chromedriver!GetHandleVerifier [0x10c1ac4+2ab3c4]
	chromedriver!GetHandleVerifier [0x10bd0ed+2a69ed]
	chromedriver!GetHandleVerifier [0x10de4f5+2c7df5]
	chromedriver!GetHandleVerifier [0xe41128+2aa28]
	chromedriver!GetHandleVerifier [0xe48bbd+324bd]
	chromedriver!GetHandleVerifier [0xe2fb28+19428]
	chromedriver!GetHandleVerifier [0xe2fcd5+195d5]
	chromedriver!GetHandleVerifier [0xe191cf+2acf]
	KERNEL32!BaseThreadInitThunk [0x75765d49+19]
	ntdll!RtlInitializeExceptionChain [0x77abd83b+6b]
	ntdll!RtlGetAppContainerNamedObjectPath [0x77abd7c1+231]

[Exception occurred while collecting links from naver] Message: no such window: target window already closed
from unknown error: web view not found
  (Session info: chrome=148.0.7778.168)
Stacktrace:
	chromedriver!GetHandleVerifier [0xe27123+10a23]
	chromedriver!GetHandleVerifier [0xe27254+10b54]
	chromedriver!(No symbol) [0xc41e90]
	chromedriver!(No symbol) [0xc20923]
	chromedriver!(No symbol) [0xcb3afb]
	chromedriver!(No symbol) [0xcca2a9]
	chromedriver!(No symbol) [0xcad526]
	chromedriver!(No symbol) [0xc808f9]
	chromedriver!(No symbol) [0xc816b4]
	chromedriver!GetHandleVerifier [0x10c1ac4+2ab3c4]
	chromedriver!GetHandleVerifier [0x10bd0ed+2a69ed]
	chromedriver!GetHandleVerifier [0x10de4f5+2c7df5]
	chromedriver!GetHandleVerifier [0xe41128+2aa28]
	chromedriver!GetHandleVerifier [0xe48bbd+324bd]
	chromedriver!GetHandleVerifier [0xe2fb28+19428]
	chromedriver!GetHandleVerifier [0xe2fcd5+195d5]
	chromedriver!GetHandleVerifier [0xe191cf+2acf]
	KERNEL32!BaseThreadInitThunk [0x75765d49+19]
	ntdll!RtlInitializeExceptionChain [0x77abd83b+6b]
	ntdll!RtlGetAppContainerNamedObjectPath [0x77abd7c1+231]

[Exception occurred while collecting links from naver] Message: no such window: target window already closed
from unknown error: web view not found
  (Session info: chrome=148.0.7778.168)
Stacktrace:
	chromedriver!GetHandleVerifier [0xe27123+10a23]
	chromedriver!GetHandleVerifier [0xe27254+10b54]
	chromedriver!(No symbol) [0xc41e90]
	chromedriver!(No symbol) [0xc20923]
	chromedriver!(No symbol) [0xcb3afb]
	chromedriver!(No symbol) [0xcca2a9]
	chromedriver!(No symbol) [0xcad526]
	chromedriver!(No symbol) [0xc808f9]
	chromedriver!(No symbol) [0xc816b4]
	chromedriver!GetHandleVerifier [0x10c1ac4+2ab3c4]
	chromedriver!GetHandleVerifier [0x10bd0ed+2a69ed]
	chromedriver!GetHandleVerifier [0x10de4f5+2c7df5]
	chromedriver!GetHandleVerifier [0xe41128+2aa28]
	chromedriver!GetHandleVerifier [0xe48bbd+324bd]
	chromedriver!GetHandleVerifier [0xe2fb28+19428]
	chromedriver!GetHandleVerifier [0xe2fcd5+195d5]
	chromedriver!GetHandleVerifier [0xe191cf+2acf]
	KERNEL32!BaseThreadInitThunk [0x75765d49+19]
	ntdll!RtlInitializeExceptionChain [0x77abd83b+6b]
	ntdll!RtlGetAppContainerNamedObjectPath [0x77abd7c1+231]

[Exception occurred while collecting links from naver] Message: no such window: target window already closed
from unknown error: web view not found
  (Session info: chrome=148.0.7778.168)
Stacktrace:
	chromedriver!GetHandleVerifier [0xe27123+10a23]
	chromedriver!GetHandleVerifier [0xe27254+10b54]
	chromedriver!(No symbol) [0xc41e90]
	chromedriver!(No symbol) [0xc20923]
	chromedriver!(No symbol) [0xcb3afb]
	chromedriver!(No symbol) [0xcca2a9]
	chromedriver!(No symbol) [0xcad526]
	chromedriver!(No symbol) [0xc808f9]
	chromedriver!(No symbol) [0xc816b4]
	chromedriver!GetHandleVerifier [0x10c1ac4+2ab3c4]
	chromedriver!GetHandleVerifier [0x10bd0ed+2a69ed]
	chromedriver!GetHandleVerifier [0x10de4f5+2c7df5]
	chromedriver!GetHandleVerifier [0xe41128+2aa28]
	chromedriver!GetHandleVerifier [0xe48bbd+324bd]
	chromedriver!GetHandleVerifier [0xe2fb28+19428]
	chromedriver!GetHandleVerifier [0xe2fcd5+195d5]
	chromedriver!GetHandleVerifier [0xe191cf+2acf]
	KERNEL32!BaseThreadInitThunk [0x75765d49+19]
	ntdll!RtlInitializeExceptionChain [0x77abd83b+6b]
	ntdll!RtlGetAppContainerNamedObjectPath [0x77abd7c1+231]

[Exception occurred while collecting links from naver] Message: no such window: target window already closed
from unknown error: web view not found
  (Session info: chrome=148.0.7778.168)
Stacktrace:
	chromedriver!GetHandleVerifier [0xe27123+10a23]
	chromedriver!GetHandleVerifier [0xe27254+10b54]
	chromedriver!(No symbol) [0xc41e90]
	chromedriver!(No symbol) [0xc20923]
	chromedriver!(No symbol) [0xcb3afb]
	chromedriver!(No symbol) [0xcca2a9]
	chromedriver!(No symbol) [0xcad526]
	chromedriver!(No symbol) [0xc808f9]
	chromedriver!(No symbol) [0xc816b4]
	chromedriver!GetHandleVerifier [0x10c1ac4+2ab3c4]
	chromedriver!GetHandleVerifier [0x10bd0ed+2a69ed]
	chromedriver!GetHandleVerifier [0x10de4f5+2c7df5]
	chromedriver!GetHandleVerifier [0xe41128+2aa28]
	chromedriver!GetHandleVerifier [0xe48bbd+324bd]
	chromedriver!GetHandleVerifier [0xe2fb28+19428]
	chromedriver!GetHandleVerifier [0xe2fcd5+195d5]
	chromedriver!GetHandleVerifier [0xe191cf+2acf]
	KERNEL32!BaseThreadInitThunk [0x75765d49+19]
	ntdll!RtlInitializeExceptionChain [0x77abd83b+6b]
	ntdll!RtlGetAppContainerNamedObjectPath [0x77abd7c1+231]

[Exception occurred while collecting links from naver] Message: no such window: target window already closed
from unknown error: web view not found
  (Session info: chrome=148.0.7778.168)
Stacktrace:
	chromedriver!GetHandleVerifier [0xe27123+10a23]
	chromedriver!GetHandleVerifier [0xe27254+10b54]
	chromedriver!(No symbol) [0xc41e90]
	chromedriver!(No symbol) [0xc20923]
	chromedriver!(No symbol) [0xcb3afb]
	chromedriver!(No symbol) [0xcca2a9]
	chromedriver!(No symbol) [0xcad526]
	chromedriver!(No symbol) [0xc808f9]
	chromedriver!(No symbol) [0xc816b4]
	chromedriver!GetHandleVerifier [0x10c1ac4+2ab3c4]
	chromedriver!GetHandleVerifier [0x10bd0ed+2a69ed]
	chromedriver!GetHandleVerifier [0x10de4f5+2c7df5]
	chromedriver!GetHandleVerifier [0xe41128+2aa28]
	chromedriver!GetHandleVerifier [0xe48bbd+324bd]
	chromedriver!GetHandleVerifier [0xe2fb28+19428]
	chromedriver!GetHandleVerifier [0xe2fcd5+195d5]
	chromedriver!GetHandleVerifier [0xe191cf+2acf]
	KERNEL32!BaseThreadInitThunk [0x75765d49+19]
	ntdll!RtlInitializeExceptionChain [0x77abd83b+6b]
	ntdll!RtlGetAppContainerNamedObjectPath [0x77abd7c1+231]

[Exception occurred while collecting links from naver] Message: no such window: target window already closed
from unknown error: web view not found
  (Session info: chrome=148.0.7778.168)
Stacktrace:
	chromedriver!GetHandleVerifier [0xe27123+10a23]
	chromedriver!GetHandleVerifier [0xe27254+10b54]
	chromedriver!(No symbol) [0xc41e90]
	chromedriver!(No symbol) [0xc20923]
	chromedriver!(No symbol) [0xcb3afb]
	chromedriver!(No symbol) [0xcca2a9]
	chromedriver!(No symbol) [0xcad526]
	chromedriver!(No symbol) [0xc808f9]
	chromedriver!(No symbol) [0xc816b4]
	chromedriver!GetHandleVerifier [0x10c1ac4+2ab3c4]
	chromedriver!GetHandleVerifier [0x10bd0ed+2a69ed]
	chromedriver!GetHandleVerifier [0x10de4f5+2c7df5]
	chromedriver!GetHandleVerifier [0xe41128+2aa28]
	chromedriver!GetHandleVerifier [0xe48bbd+324bd]
	chromedriver!GetHandleVerifier [0xe2fb28+19428]
	chromedriver!GetHandleVerifier [0xe2fcd5+195d5]
	chromedriver!GetHandleVerifier [0xe191cf+2acf]
	KERNEL32!BaseThreadInitThunk [0x75765d49+19]
	ntdll!RtlInitializeExceptionChain [0x77abd83b+6b]
	ntdll!RtlGetAppContainerNamedObjectPath [0x77abd7c1+231]

[Exception occurred while collecting links from naver] Message: no such window: target window already closed
from unknown error: web view not found
  (Session info: chrome=148.0.7778.168)
Stacktrace:
	chromedriver!GetHandleVerifier [0xe27123+10a23]
	chromedriver!GetHandleVerifier [0xe27254+10b54]
	chromedriver!(No symbol) [0xc41e90]
	chromedriver!(No symbol) [0xc20923]
	chromedriver!(No symbol) [0xcb3afb]
	chromedriver!(No symbol) [0xcca2a9]
	chromedriver!(No symbol) [0xcad526]
	chromedriver!(No symbol) [0xc808f9]
	chromedriver!(No symbol) [0xc816b4]
	chromedriver!GetHandleVerifier [0x10c1ac4+2ab3c4]
	chromedriver!GetHandleVerifier [0x10bd0ed+2a69ed]
	chromedriver!GetHandleVerifier [0x10de4f5+2c7df5]
	chromedriver!GetHandleVerifier [0xe41128+2aa28]
	chromedriver!GetHandleVerifier [0xe48bbd+324bd]
	chromedriver!GetHandleVerifier [0xe2fb28+19428]
	chromedriver!GetHandleVerifier [0xe2fcd5+195d5]
	chromedriver!GetHandleVerifier [0xe191cf+2acf]
	KERNEL32!BaseThreadInitThunk [0x75765d49+19]
	ntdll!RtlInitializeExceptionChain [0x77abd83b+6b]
	ntdll!RtlGetAppContainerNamedObjectPath [0x77abd7c1+231]

[Exception occurred while collecting links from naver] Message: no such window: target window already closed
from unknown error: web view not found
  (Session info: chrome=148.0.7778.168)
Stacktrace:
	chromedriver!GetHandleVerifier [0xe27123+10a23]
	chromedriver!GetHandleVerifier [0xe27254+10b54]
	chromedriver!(No symbol) [0xc41e90]
	chromedriver!(No symbol) [0xc20923]
	chromedriver!(No symbol) [0xcb3afb]
	chromedriver!(No symbol) [0xcca2a9]
	chromedriver!(No symbol) [0xcad526]
	chromedriver!(No symbol) [0xc808f9]
	chromedriver!(No symbol) [0xc816b4]
	chromedriver!GetHandleVerifier [0x10c1ac4+2ab3c4]
	chromedriver!GetHandleVerifier [0x10bd0ed+2a69ed]
	chromedriver!GetHandleVerifier [0x10de4f5+2c7df5]
	chromedriver!GetHandleVerifier [0xe41128+2aa28]
	chromedriver!GetHandleVerifier [0xe48bbd+324bd]
	chromedriver!GetHandleVerifier [0xe2fb28+19428]
	chromedriver!GetHandleVerifier [0xe2fcd5+195d5]
	chromedriver!GetHandleVerifier [0xe191cf+2acf]
	KERNEL32!BaseThreadInitThunk [0x75765d49+19]
	ntdll!RtlInitializeExceptionChain [0x77abd83b+6b]
	ntdll!RtlGetAppContainerNamedObjectPath [0x77abd7c1+231]

[Exception occurred while collecting links from naver] Message: no such window: target window already closed
from unknown error: web view not found
  (Session info: chrome=148.0.7778.168)
Stacktrace:
	chromedriver!GetHandleVerifier [0xe27123+10a23]
	chromedriver!GetHandleVerifier [0xe27254+10b54]
	chromedriver!(No symbol) [0xc41e90]
	chromedriver!(No symbol) [0xc20923]
	chromedriver!(No symbol) [0xcb3afb]
	chromedriver!(No symbol) [0xcca2a9]
	chromedriver!(No symbol) [0xcad526]
	chromedriver!(No symbol) [0xc808f9]
	chromedriver!(No symbol) [0xc816b4]
	chromedriver!GetHandleVerifier [0x10c1ac4+2ab3c4]
	chromedriver!GetHandleVerifier [0x10bd0ed+2a69ed]
	chromedriver!GetHandleVerifier [0x10de4f5+2c7df5]
	chromedriver!GetHandleVerifier [0xe41128+2aa28]
	chromedriver!GetHandleVerifier [0xe48bbd+324bd]
	chromedriver!GetHandleVerifier [0xe2fb28+19428]
	chromedriver!GetHandleVerifier [0xe2fcd5+195d5]
	chromedriver!GetHandleVerifier [0xe191cf+2acf]
	KERNEL32!BaseThreadInitThunk [0x75765d49+19]
	ntdll!RtlInitializeExceptionChain [0x77abd83b+6b]
	ntdll!RtlGetAppContainerNamedObjectPath [0x77abd7c1+231]

[Exception occurred while collecting links from naver] Message: no such window: target window already closed
from unknown error: web view not found
  (Session info: chrome=148.0.7778.168)
Stacktrace:
	chromedriver!GetHandleVerifier [0xe27123+10a23]
	chromedriver!GetHandleVerifier [0xe27254+10b54]
	chromedriver!(No symbol) [0xc41e90]
	chromedriver!(No symbol) [0xc20923]
	chromedriver!(No symbol) [0xcb3afb]
	chromedriver!(No symbol) [0xcca2a9]
	chromedriver!(No symbol) [0xcad526]
	chromedriver!(No symbol) [0xc808f9]
	chromedriver!(No symbol) [0xc816b4]
	chromedriver!GetHandleVerifier [0x10c1ac4+2ab3c4]
	chromedriver!GetHandleVerifier [0x10bd0ed+2a69ed]
	chromedriver!GetHandleVerifier [0x10de4f5+2c7df5]
	chromedriver!GetHandleVerifier [0xe41128+2aa28]
	chromedriver!GetHandleVerifier [0xe48bbd+324bd]
	chromedriver!GetHandleVerifier [0xe2fb28+19428]
	chromedriver!GetHandleVerifier [0xe2fcd5+195d5]
	chromedriver!GetHandleVerifier [0xe191cf+2acf]
	KERNEL32!BaseThreadInitThunk [0x75765d49+19]
	ntdll!RtlInitializeExceptionChain [0x77abd83b+6b]
	ntdll!RtlGetAppContainerNamedObjectPath [0x77abd7c1+231]

[Exception occurred while collecting links from naver] Message: no such window: target window already closed
from unknown error: web view not found
  (Session info: chrome=148.0.7778.168)
Stacktrace:
	chromedriver!GetHandleVerifier [0xe27123+10a23]
	chromedriver!GetHandleVerifier [0xe27254+10b54]
	chromedriver!(No symbol) [0xc41e90]
	chromedriver!(No symbol) [0xc20923]
	chromedriver!(No symbol) [0xcb3afb]
	chromedriver!(No symbol) [0xcca2a9]
	chromedriver!(No symbol) [0xcad526]
	chromedriver!(No symbol) [0xc808f9]
	chromedriver!(No symbol) [0xc816b4]
	chromedriver!GetHandleVerifier [0x10c1ac4+2ab3c4]
	chromedriver!GetHandleVerifier [0x10bd0ed+2a69ed]
	chromedriver!GetHandleVerifier [0x10de4f5+2c7df5]
	chromedriver!GetHandleVerifier [0xe41128+2aa28]
	chromedriver!GetHandleVerifier [0xe48bbd+324bd]
	chromedriver!GetHandleVerifier [0xe2fb28+19428]
	chromedriver!GetHandleVerifier [0xe2fcd5+195d5]
	chromedriver!GetHandleVerifier [0xe191cf+2acf]
	KERNEL32!BaseThreadInitThunk [0x75765d49+19]
	ntdll!RtlInitializeExceptionChain [0x77abd83b+6b]
	ntdll!RtlGetAppContainerNamedObjectPath [0x77abd7c1+231]

[Exception occurred while collecting links from naver] Message: no such window: target window already closed
from unknown error: web view not found
  (Session info: chrome=148.0.7778.168)
Stacktrace:
	chromedriver!GetHandleVerifier [0xe27123+10a23]
	chromedriver!GetHandleVerifier [0xe27254+10b54]
	chromedriver!(No symbol) [0xc41e90]
	chromedriver!(No symbol) [0xc20923]
	chromedriver!(No symbol) [0xcb3afb]
	chromedriver!(No symbol) [0xcca2a9]
	chromedriver!(No symbol) [0xcad526]
	chromedriver!(No symbol) [0xc808f9]
	chromedriver!(No symbol) [0xc816b4]
	chromedriver!GetHandleVerifier [0x10c1ac4+2ab3c4]
	chromedriver!GetHandleVerifier [0x10bd0ed+2a69ed]
	chromedriver!GetHandleVerifier [0x10de4f5+2c7df5]
	chromedriver!GetHandleVerifier [0xe41128+2aa28]
	chromedriver!GetHandleVerifier [0xe48bbd+324bd]
	chromedriver!GetHandleVerifier [0xe2fb28+19428]
	chromedriver!GetHandleVerifier [0xe2fcd5+195d5]
	chromedriver!GetHandleVerifier [0xe191cf+2acf]
	KERNEL32!BaseThreadInitThunk [0x75765d49+19]
	ntdll!RtlInitializeExceptionChain [0x77abd83b+6b]
	ntdll!RtlGetAppContainerNamedObjectPath [0x77abd7c1+231]

[Exception occurred while collecting links from naver] Message: no such window: target window already closed
from unknown error: web view not found
  (Session info: chrome=148.0.7778.168)
Stacktrace:
	chromedriver!GetHandleVerifier [0xe27123+10a23]
	chromedriver!GetHandleVerifier [0xe27254+10b54]
	chromedriver!(No symbol) [0xc41e90]
	chromedriver!(No symbol) [0xc20923]
	chromedriver!(No symbol) [0xcb3afb]
	chromedriver!(No symbol) [0xcca2a9]
	chromedriver!(No symbol) [0xcad526]
	chromedriver!(No symbol) [0xc808f9]
	chromedriver!(No symbol) [0xc816b4]
	chromedriver!GetHandleVerifier [0x10c1ac4+2ab3c4]
	chromedriver!GetHandleVerifier [0x10bd0ed+2a69ed]
	chromedriver!GetHandleVerifier [0x10de4f5+2c7df5]
	chromedriver!GetHandleVerifier [0xe41128+2aa28]
	chromedriver!GetHandleVerifier [0xe48bbd+324bd]
	chromedriver!GetHandleVerifier [0xe2fb28+19428]
	chromedriver!GetHandleVerifier [0xe2fcd5+195d5]
	chromedriver!GetHandleVerifier [0xe191cf+2acf]
	KERNEL32!BaseThreadInitThunk [0x75765d49+19]
	ntdll!RtlInitializeExceptionChain [0x77abd83b+6b]
	ntdll!RtlGetAppContainerNamedObjectPath [0x77abd7c1+231]

[Exception occurred while collecting links from naver] Message: no such window: target window already closed
from unknown error: web view not found
  (Session info: chrome=148.0.7778.168)
Stacktrace:
	chromedriver!GetHandleVerifier [0xe27123+10a23]
	chromedriver!GetHandleVerifier [0xe27254+10b54]
	chromedriver!(No symbol) [0xc41e90]
	chromedriver!(No symbol) [0xc20923]
	chromedriver!(No symbol) [0xcb3afb]
	chromedriver!(No symbol) [0xcca2a9]
	chromedriver!(No symbol) [0xcad526]
	chromedriver!(No symbol) [0xc808f9]
	chromedriver!(No symbol) [0xc816b4]
	chromedriver!GetHandleVerifier [0x10c1ac4+2ab3c4]
	chromedriver!GetHandleVerifier [0x10bd0ed+2a69ed]
	chromedriver!GetHandleVerifier [0x10de4f5+2c7df5]
	chromedriver!GetHandleVerifier [0xe41128+2aa28]
	chromedriver!GetHandleVerifier [0xe48bbd+324bd]
	chromedriver!GetHandleVerifier [0xe2fb28+19428]
	chromedriver!GetHandleVerifier [0xe2fcd5+195d5]
	chromedriver!GetHandleVerifier [0xe191cf+2acf]
	KERNEL32!BaseThreadInitThunk [0x75765d49+19]
	ntdll!RtlInitializeExceptionChain [0x77abd83b+6b]
	ntdll!RtlGetAppContainerNamedObjectPath [0x77abd7c1+231]

[Exception occurred while collecting links from naver] Message: no such window: target window already closed
from unknown error: web view not found
  (Session info: chrome=148.0.7778.168)
Stacktrace:
	chromedriver!GetHandleVerifier [0xe27123+10a23]
	chromedriver!GetHandleVerifier [0xe27254+10b54]
	chromedriver!(No symbol) [0xc41e90]
	chromedriver!(No symbol) [0xc20923]
	chromedriver!(No symbol) [0xcb3afb]
	chromedriver!(No symbol) [0xcca2a9]
	chromedriver!(No symbol) [0xcad526]
	chromedriver!(No symbol) [0xc808f9]
	chromedriver!(No symbol) [0xc816b4]
	chromedriver!GetHandleVerifier [0x10c1ac4+2ab3c4]
	chromedriver!GetHandleVerifier [0x10bd0ed+2a69ed]
	chromedriver!GetHandleVerifier [0x10de4f5+2c7df5]
	chromedriver!GetHandleVerifier [0xe41128+2aa28]
	chromedriver!GetHandleVerifier [0xe48bbd+324bd]
	chromedriver!GetHandleVerifier [0xe2fb28+19428]
	chromedriver!GetHandleVerifier [0xe2fcd5+195d5]
	chromedriver!GetHandleVerifier [0xe191cf+2acf]
	KERNEL32!BaseThreadInitThunk [0x75765d49+19]
	ntdll!RtlInitializeExceptionChain [0x77abd83b+6b]
	ntdll!RtlGetAppContainerNamedObjectPath [0x77abd7c1+231]

[Exception occurred while collecting links from naver] Message: no such window: target window already closed
from unknown error: web view not found
  (Session info: chrome=148.0.7778.168)
Stacktrace:
	chromedriver!GetHandleVerifier [0xe27123+10a23]
	chromedriver!GetHandleVerifier [0xe27254+10b54]
	chromedriver!(No symbol) [0xc41e90]
	chromedriver!(No symbol) [0xc20923]
	chromedriver!(No symbol) [0xcb3afb]
	chromedriver!(No symbol) [0xcca2a9]
	chromedriver!(No symbol) [0xcad526]
	chromedriver!(No symbol) [0xc808f9]
	chromedriver!(No symbol) [0xc816b4]
	chromedriver!GetHandleVerifier [0x10c1ac4+2ab3c4]
	chromedriver!GetHandleVerifier [0x10bd0ed+2a69ed]
	chromedriver!GetHandleVerifier [0x10de4f5+2c7df5]
	chromedriver!GetHandleVerifier [0xe41128+2aa28]
	chromedriver!GetHandleVerifier [0xe48bbd+324bd]
	chromedriver!GetHandleVerifier [0xe2fb28+19428]
	chromedriver!GetHandleVerifier [0xe2fcd5+195d5]
	chromedriver!GetHandleVerifier [0xe191cf+2acf]
	KERNEL32!BaseThreadInitThunk [0x75765d49+19]
	ntdll!RtlInitializeExceptionChain [0x77abd83b+6b]
	ntdll!RtlGetAppContainerNamedObjectPath [0x77abd7c1+231]

[Exception occurred while collecting links from naver] Message: no such window: target window already closed
from unknown error: web view not found
  (Session info: chrome=148.0.7778.168)
Stacktrace:
	chromedriver!GetHandleVerifier [0xe27123+10a23]
	chromedriver!GetHandleVerifier [0xe27254+10b54]
	chromedriver!(No symbol) [0xc41e90]
	chromedriver!(No symbol) [0xc20923]
	chromedriver!(No symbol) [0xcb3afb]
	chromedriver!(No symbol) [0xcca2a9]
	chromedriver!(No symbol) [0xcad526]
	chromedriver!(No symbol) [0xc808f9]
	chromedriver!(No symbol) [0xc816b4]
	chromedriver!GetHandleVerifier [0x10c1ac4+2ab3c4]
	chromedriver!GetHandleVerifier [0x10bd0ed+2a69ed]
	chromedriver!GetHandleVerifier [0x10de4f5+2c7df5]
	chromedriver!GetHandleVerifier [0xe41128+2aa28]
	chromedriver!GetHandleVerifier [0xe48bbd+324bd]
	chromedriver!GetHandleVerifier [0xe2fb28+19428]
	chromedriver!GetHandleVerifier [0xe2fcd5+195d5]
	chromedriver!GetHandleVerifier [0xe191cf+2acf]
	KERNEL32!BaseThreadInitThunk [0x75765d49+19]
	ntdll!RtlInitializeExceptionChain [0x77abd83b+6b]
	ntdll!RtlGetAppContainerNamedObjectPath [0x77abd7c1+231]

[Exception occurred while collecting links from naver] Message: no such window: target window already closed
from unknown error: web view not found
  (Session info: chrome=148.0.7778.168)
Stacktrace:
	chromedriver!GetHandleVerifier [0xe27123+10a23]
	chromedriver!GetHandleVerifier [0xe27254+10b54]
	chromedriver!(No symbol) [0xc41e90]
	chromedriver!(No symbol) [0xc20923]
	chromedriver!(No symbol) [0xcb3afb]
	chromedriver!(No symbol) [0xcca2a9]
	chromedriver!(No symbol) [0xcad526]
	chromedriver!(No symbol) [0xc808f9]
	chromedriver!(No symbol) [0xc816b4]
	chromedriver!GetHandleVerifier [0x10c1ac4+2ab3c4]
	chromedriver!GetHandleVerifier [0x10bd0ed+2a69ed]
	chromedriver!GetHandleVerifier [0x10de4f5+2c7df5]
	chromedriver!GetHandleVerifier [0xe41128+2aa28]
	chromedriver!GetHandleVerifier [0xe48bbd+324bd]
	chromedriver!GetHandleVerifier [0xe2fb28+19428]
	chromedriver!GetHandleVerifier [0xe2fcd5+195d5]
	chromedriver!GetHandleVerifier [0xe191cf+2acf]
	KERNEL32!BaseThreadInitThunk [0x75765d49+19]
	ntdll!RtlInitializeExceptionChain [0x77abd83b+6b]
	ntdll!RtlGetAppContainerNamedObjectPath [0x77abd7c1+231]

[Exception occurred while collecting links from naver] Message: no such window: target window already closed
from unknown error: web view not found
  (Session info: chrome=148.0.7778.168)
Stacktrace:
	chromedriver!GetHandleVerifier [0xe27123+10a23]
	chromedriver!GetHandleVerifier [0xe27254+10b54]
	chromedriver!(No symbol) [0xc41e90]
	chromedriver!(No symbol) [0xc20923]
	chromedriver!(No symbol) [0xcb3afb]
	chromedriver!(No symbol) [0xcca2a9]
	chromedriver!(No symbol) [0xcad526]
	chromedriver!(No symbol) [0xc808f9]
	chromedriver!(No symbol) [0xc816b4]
	chromedriver!GetHandleVerifier [0x10c1ac4+2ab3c4]
	chromedriver!GetHandleVerifier [0x10bd0ed+2a69ed]
	chromedriver!GetHandleVerifier [0x10de4f5+2c7df5]
	chromedriver!GetHandleVerifier [0xe41128+2aa28]
	chromedriver!GetHandleVerifier [0xe48bbd+324bd]
	chromedriver!GetHandleVerifier [0xe2fb28+19428]
	chromedriver!GetHandleVerifier [0xe2fcd5+195d5]
	chromedriver!GetHandleVerifier [0xe191cf+2acf]
	KERNEL32!BaseThreadInitThunk [0x75765d49+19]
	ntdll!RtlInitializeExceptionChain [0x77abd83b+6b]
	ntdll!RtlGetAppContainerNamedObjectPath [0x77abd7c1+231]

[Exception occurred while collecting links from naver] Message: no such window: target window already closed
from unknown error: web view not found
  (Session info: chrome=148.0.7778.168)
Stacktrace:
	chromedriver!GetHandleVerifier [0xe27123+10a23]
	chromedriver!GetHandleVerifier [0xe27254+10b54]
	chromedriver!(No symbol) [0xc41e90]
	chromedriver!(No symbol) [0xc20923]
	chromedriver!(No symbol) [0xcb3afb]
	chromedriver!(No symbol) [0xcca2a9]
	chromedriver!(No symbol) [0xcad526]
	chromedriver!(No symbol) [0xc808f9]
	chromedriver!(No symbol) [0xc816b4]
	chromedriver!GetHandleVerifier [0x10c1ac4+2ab3c4]
	chromedriver!GetHandleVerifier [0x10bd0ed+2a69ed]
	chromedriver!GetHandleVerifier [0x10de4f5+2c7df5]
	chromedriver!GetHandleVerifier [0xe41128+2aa28]
	chromedriver!GetHandleVerifier [0xe48bbd+324bd]
	chromedriver!GetHandleVerifier [0xe2fb28+19428]
	chromedriver!GetHandleVerifier [0xe2fcd5+195d5]
	chromedriver!GetHandleVerifier [0xe191cf+2acf]
	KERNEL32!BaseThreadInitThunk [0x75765d49+19]
	ntdll!RtlInitializeExceptionChain [0x77abd83b+6b]
	ntdll!RtlGetAppContainerNamedObjectPath [0x77abd7c1+231]

[Exception occurred while collecting links from naver] Message: no such window: target window already closed
from unknown error: web view not found
  (Session info: chrome=148.0.7778.168)
Stacktrace:
	chromedriver!GetHandleVerifier [0xe27123+10a23]
	chromedriver!GetHandleVerifier [0xe27254+10b54]
	chromedriver!(No symbol) [0xc41e90]
	chromedriver!(No symbol) [0xc20923]
	chromedriver!(No symbol) [0xcb3afb]
	chromedriver!(No symbol) [0xcca2a9]
	chromedriver!(No symbol) [0xcad526]
	chromedriver!(No symbol) [0xc808f9]
	chromedriver!(No symbol) [0xc816b4]
	chromedriver!GetHandleVerifier [0x10c1ac4+2ab3c4]
	chromedriver!GetHandleVerifier [0x10bd0ed+2a69ed]
	chromedriver!GetHandleVerifier [0x10de4f5+2c7df5]
	chromedriver!GetHandleVerifier [0xe41128+2aa28]
	chromedriver!GetHandleVerifier [0xe48bbd+324bd]
	chromedriver!GetHandleVerifier [0xe2fb28+19428]
	chromedriver!GetHandleVerifier [0xe2fcd5+195d5]
	chromedriver!GetHandleVerifier [0xe191cf+2acf]
	KERNEL32!BaseThreadInitThunk [0x75765d49+19]
	ntdll!RtlInitializeExceptionChain [0x77abd83b+6b]
	ntdll!RtlGetAppContainerNamedObjectPath [0x77abd7c1+231]

[Exception occurred while collecting links from naver] Message: no such window: target window already closed
from unknown error: web view not found
  (Session info: chrome=148.0.7778.168)
Stacktrace:
	chromedriver!GetHandleVerifier [0xe27123+10a23]
	chromedriver!GetHandleVerifier [0xe27254+10b54]
	chromedriver!(No symbol) [0xc41e90]
	chromedriver!(No symbol) [0xc20923]
	chromedriver!(No symbol) [0xcb3afb]
	chromedriver!(No symbol) [0xcca2a9]
	chromedriver!(No symbol) [0xcad526]
	chromedriver!(No symbol) [0xc808f9]
	chromedriver!(No symbol) [0xc816b4]
	chromedriver!GetHandleVerifier [0x10c1ac4+2ab3c4]
	chromedriver!GetHandleVerifier [0x10bd0ed+2a69ed]
	chromedriver!GetHandleVerifier [0x10de4f5+2c7df5]
	chromedriver!GetHandleVerifier [0xe41128+2aa28]
	chromedriver!GetHandleVerifier [0xe48bbd+324bd]
	chromedriver!GetHandleVerifier [0xe2fb28+19428]
	chromedriver!GetHandleVerifier [0xe2fcd5+195d5]
	chromedriver!GetHandleVerifier [0xe191cf+2acf]
	KERNEL32!BaseThreadInitThunk [0x75765d49+19]
	ntdll!RtlInitializeExceptionChain [0x77abd83b+6b]
	ntdll!RtlGetAppContainerNamedObjectPath [0x77abd7c1+231]

[Exception occurred while collecting links from naver] Message: no such window: target window already closed
from unknown error: web view not found
  (Session info: chrome=148.0.7778.168)
Stacktrace:
	chromedriver!GetHandleVerifier [0xe27123+10a23]
	chromedriver!GetHandleVerifier [0xe27254+10b54]
	chromedriver!(No symbol) [0xc41e90]
	chromedriver!(No symbol) [0xc20923]
	chromedriver!(No symbol) [0xcb3afb]
	chromedriver!(No symbol) [0xcca2a9]
	chromedriver!(No symbol) [0xcad526]
	chromedriver!(No symbol) [0xc808f9]
	chromedriver!(No symbol) [0xc816b4]
	chromedriver!GetHandleVerifier [0x10c1ac4+2ab3c4]
	chromedriver!GetHandleVerifier [0x10bd0ed+2a69ed]
	chromedriver!GetHandleVerifier [0x10de4f5+2c7df5]
	chromedriver!GetHandleVerifier [0xe41128+2aa28]
	chromedriver!GetHandleVerifier [0xe48bbd+324bd]
	chromedriver!GetHandleVerifier [0xe2fb28+19428]
	chromedriver!GetHandleVerifier [0xe2fcd5+195d5]
	chromedriver!GetHandleVerifier [0xe191cf+2acf]
	KERNEL32!BaseThreadInitThunk [0x75765d49+19]
	ntdll!RtlInitializeExceptionChain [0x77abd83b+6b]
	ntdll!RtlGetAppContainerNamedObjectPath [0x77abd7c1+231]

[Exception occurred while collecting links from naver] Message: no such window: target window already closed
from unknown error: web view not found
  (Session info: chrome=148.0.7778.168)
Stacktrace:
	chromedriver!GetHandleVerifier [0xe27123+10a23]
	chromedriver!GetHandleVerifier [0xe27254+10b54]
	chromedriver!(No symbol) [0xc41e90]
	chromedriver!(No symbol) [0xc20923]
	chromedriver!(No symbol) [0xcb3afb]
	chromedriver!(No symbol) [0xcca2a9]
	chromedriver!(No symbol) [0xcad526]
	chromedriver!(No symbol) [0xc808f9]
	chromedriver!(No symbol) [0xc816b4]
	chromedriver!GetHandleVerifier [0x10c1ac4+2ab3c4]
	chromedriver!GetHandleVerifier [0x10bd0ed+2a69ed]
	chromedriver!GetHandleVerifier [0x10de4f5+2c7df5]
	chromedriver!GetHandleVerifier [0xe41128+2aa28]
	chromedriver!GetHandleVerifier [0xe48bbd+324bd]
	chromedriver!GetHandleVerifier [0xe2fb28+19428]
	chromedriver!GetHandleVerifier [0xe2fcd5+195d5]
	chromedriver!GetHandleVerifier [0xe191cf+2acf]
	KERNEL32!BaseThreadInitThunk [0x75765d49+19]
	ntdll!RtlInitializeExceptionChain [0x77abd83b+6b]
	ntdll!RtlGetAppContainerNamedObjectPath [0x77abd7c1+231]

[Exception occurred while collecting links from naver] Message: no such window: target window already closed
from unknown error: web view not found
  (Session info: chrome=148.0.7778.168)
Stacktrace:
	chromedriver!GetHandleVerifier [0xe27123+10a23]
	chromedriver!GetHandleVerifier [0xe27254+10b54]
	chromedriver!(No symbol) [0xc41e90]
	chromedriver!(No symbol) [0xc20923]
	chromedriver!(No symbol) [0xcb3afb]
	chromedriver!(No symbol) [0xcca2a9]
	chromedriver!(No symbol) [0xcad526]
	chromedriver!(No symbol) [0xc808f9]
	chromedriver!(No symbol) [0xc816b4]
	chromedriver!GetHandleVerifier [0x10c1ac4+2ab3c4]
	chromedriver!GetHandleVerifier [0x10bd0ed+2a69ed]
	chromedriver!GetHandleVerifier [0x10de4f5+2c7df5]
	chromedriver!GetHandleVerifier [0xe41128+2aa28]
	chromedriver!GetHandleVerifier [0xe48bbd+324bd]
	chromedriver!GetHandleVerifier [0xe2fb28+19428]
	chromedriver!GetHandleVerifier [0xe2fcd5+195d5]
	chromedriver!GetHandleVerifier [0xe191cf+2acf]
	KERNEL32!BaseThreadInitThunk [0x75765d49+19]
	ntdll!RtlInitializeExceptionChain [0x77abd83b+6b]
	ntdll!RtlGetAppContainerNamedObjectPath [0x77abd7c1+231]

[Exception occurred while collecting links from naver] Message: no such window: target window already closed
from unknown error: web view not found
  (Session info: chrome=148.0.7778.168)
Stacktrace:
	chromedriver!GetHandleVerifier [0xe27123+10a23]
	chromedriver!GetHandleVerifier [0xe27254+10b54]
	chromedriver!(No symbol) [0xc41e90]
	chromedriver!(No symbol) [0xc20923]
	chromedriver!(No symbol) [0xcb3afb]
	chromedriver!(No symbol) [0xcca2a9]
	chromedriver!(No symbol) [0xcad526]
	chromedriver!(No symbol) [0xc808f9]
	chromedriver!(No symbol) [0xc816b4]
	chromedriver!GetHandleVerifier [0x10c1ac4+2ab3c4]
	chromedriver!GetHandleVerifier [0x10bd0ed+2a69ed]
	chromedriver!GetHandleVerifier [0x10de4f5+2c7df5]
	chromedriver!GetHandleVerifier [0xe41128+2aa28]
	chromedriver!GetHandleVerifier [0xe48bbd+324bd]
	chromedriver!GetHandleVerifier [0xe2fb28+19428]
	chromedriver!GetHandleVerifier [0xe2fcd5+195d5]
	chromedriver!GetHandleVerifier [0xe191cf+2acf]
	KERNEL32!BaseThreadInitThunk [0x75765d49+19]
	ntdll!RtlInitializeExceptionChain [0x77abd83b+6b]
	ntdll!RtlGetAppContainerNamedObjectPath [0x77abd7c1+231]

[Exception occurred while collecting links from naver] Message: no such window: target window already closed
from unknown error: web view not found
  (Session info: chrome=148.0.7778.168)
Stacktrace:
	chromedriver!GetHandleVerifier [0xe27123+10a23]
	chromedriver!GetHandleVerifier [0xe27254+10b54]
	chromedriver!(No symbol) [0xc41e90]
	chromedriver!(No symbol) [0xc20923]
	chromedriver!(No symbol) [0xcb3afb]
	chromedriver!(No symbol) [0xcca2a9]
	chromedriver!(No symbol) [0xcad526]
	chromedriver!(No symbol) [0xc808f9]
	chromedriver!(No symbol) [0xc816b4]
	chromedriver!GetHandleVerifier [0x10c1ac4+2ab3c4]
	chromedriver!GetHandleVerifier [0x10bd0ed+2a69ed]
	chromedriver!GetHandleVerifier [0x10de4f5+2c7df5]
	chromedriver!GetHandleVerifier [0xe41128+2aa28]
	chromedriver!GetHandleVerifier [0xe48bbd+324bd]
	chromedriver!GetHandleVerifier [0xe2fb28+19428]
	chromedriver!GetHandleVerifier [0xe2fcd5+195d5]
	chromedriver!GetHandleVerifier [0xe191cf+2acf]
	KERNEL32!BaseThreadInitThunk [0x75765d49+19]
	ntdll!RtlInitializeExceptionChain [0x77abd83b+6b]
	ntdll!RtlGetAppContainerNamedObjectPath [0x77abd7c1+231]

[Exception occurred while collecting links from naver] Message: no such window: target window already closed
from unknown error: web view not found
  (Session info: chrome=148.0.7778.168)
Stacktrace:
	chromedriver!GetHandleVerifier [0xe27123+10a23]
	chromedriver!GetHandleVerifier [0xe27254+10b54]
	chromedriver!(No symbol) [0xc41e90]
	chromedriver!(No symbol) [0xc20923]
	chromedriver!(No symbol) [0xcb3afb]
	chromedriver!(No symbol) [0xcca2a9]
	chromedriver!(No symbol) [0xcad526]
	chromedriver!(No symbol) [0xc808f9]
	chromedriver!(No symbol) [0xc816b4]
	chromedriver!GetHandleVerifier [0x10c1ac4+2ab3c4]
	chromedriver!GetHandleVerifier [0x10bd0ed+2a69ed]
	chromedriver!GetHandleVerifier [0x10de4f5+2c7df5]
	chromedriver!GetHandleVerifier [0xe41128+2aa28]
	chromedriver!GetHandleVerifier [0xe48bbd+324bd]
	chromedriver!GetHandleVerifier [0xe2fb28+19428]
	chromedriver!GetHandleVerifier [0xe2fcd5+195d5]
	chromedriver!GetHandleVerifier [0xe191cf+2acf]
	KERNEL32!BaseThreadInitThunk [0x75765d49+19]
	ntdll!RtlInitializeExceptionChain [0x77abd83b+6b]
	ntdll!RtlGetAppContainerNamedObjectPath [0x77abd7c1+231]

[Exception occurred while collecting links from naver] Message: no such window: target window already closed
from unknown error: web view not found
  (Session info: chrome=148.0.7778.168)
Stacktrace:
	chromedriver!GetHandleVerifier [0xe27123+10a23]
	chromedriver!GetHandleVerifier [0xe27254+10b54]
	chromedriver!(No symbol) [0xc41e90]
	chromedriver!(No symbol) [0xc20923]
	chromedriver!(No symbol) [0xcb3afb]
	chromedriver!(No symbol) [0xcca2a9]
	chromedriver!(No symbol) [0xcad526]
	chromedriver!(No symbol) [0xc808f9]
	chromedriver!(No symbol) [0xc816b4]
	chromedriver!GetHandleVerifier [0x10c1ac4+2ab3c4]
	chromedriver!GetHandleVerifier [0x10bd0ed+2a69ed]
	chromedriver!GetHandleVerifier [0x10de4f5+2c7df5]
	chromedriver!GetHandleVerifier [0xe41128+2aa28]
	chromedriver!GetHandleVerifier [0xe48bbd+324bd]
	chromedriver!GetHandleVerifier [0xe2fb28+19428]
	chromedriver!GetHandleVerifier [0xe2fcd5+195d5]
	chromedriver!GetHandleVerifier [0xe191cf+2acf]
	KERNEL32!BaseThreadInitThunk [0x75765d49+19]
	ntdll!RtlInitializeExceptionChain [0x77abd83b+6b]
	ntdll!RtlGetAppContainerNamedObjectPath [0x77abd7c1+231]

[Exception occurred while collecting links from naver] Message: no such window: target window already closed
from unknown error: web view not found
  (Session info: chrome=148.0.7778.168)
Stacktrace:
	chromedriver!GetHandleVerifier [0xe27123+10a23]
	chromedriver!GetHandleVerifier [0xe27254+10b54]
	chromedriver!(No symbol) [0xc41e90]
	chromedriver!(No symbol) [0xc20923]
	chromedriver!(No symbol) [0xcb3afb]
	chromedriver!(No symbol) [0xcca2a9]
	chromedriver!(No symbol) [0xcad526]
	chromedriver!(No symbol) [0xc808f9]
	chromedriver!(No symbol) [0xc816b4]
	chromedriver!GetHandleVerifier [0x10c1ac4+2ab3c4]
	chromedriver!GetHandleVerifier [0x10bd0ed+2a69ed]
	chromedriver!GetHandleVerifier [0x10de4f5+2c7df5]
	chromedriver!GetHandleVerifier [0xe41128+2aa28]
	chromedriver!GetHandleVerifier [0xe48bbd+324bd]
	chromedriver!GetHandleVerifier [0xe2fb28+19428]
	chromedriver!GetHandleVerifier [0xe2fcd5+195d5]
	chromedriver!GetHandleVerifier [0xe191cf+2acf]
	KERNEL32!BaseThreadInitThunk [0x75765d49+19]
	ntdll!RtlInitializeExceptionChain [0x77abd83b+6b]
	ntdll!RtlGetAppContainerNamedObjectPath [0x77abd7c1+231]

[Exception occurred while collecting links from naver] Message: no such window: target window already closed
from unknown error: web view not found
  (Session info: chrome=148.0.7778.168)
Stacktrace:
	chromedriver!GetHandleVerifier [0xe27123+10a23]
	chromedriver!GetHandleVerifier [0xe27254+10b54]
	chromedriver!(No symbol) [0xc41e90]
	chromedriver!(No symbol) [0xc20923]
	chromedriver!(No symbol) [0xcb3afb]
	chromedriver!(No symbol) [0xcca2a9]
	chromedriver!(No symbol) [0xcad526]
	chromedriver!(No symbol) [0xc808f9]
	chromedriver!(No symbol) [0xc816b4]
	chromedriver!GetHandleVerifier [0x10c1ac4+2ab3c4]
	chromedriver!GetHandleVerifier [0x10bd0ed+2a69ed]
	chromedriver!GetHandleVerifier [0x10de4f5+2c7df5]
	chromedriver!GetHandleVerifier [0xe41128+2aa28]
	chromedriver!GetHandleVerifier [0xe48bbd+324bd]
	chromedriver!GetHandleVerifier [0xe2fb28+19428]
	chromedriver!GetHandleVerifier [0xe2fcd5+195d5]
	chromedriver!GetHandleVerifier [0xe191cf+2acf]
	KERNEL32!BaseThreadInitThunk [0x75765d49+19]
	ntdll!RtlInitializeExceptionChain [0x77abd83b+6b]
	ntdll!RtlGetAppContainerNamedObjectPath [0x77abd7c1+231]

[Exception occurred while collecting links from naver] Message: no such window: target window already closed
from unknown error: web view not found
  (Session info: chrome=148.0.7778.168)
Stacktrace:
	chromedriver!GetHandleVerifier [0xe27123+10a23]
	chromedriver!GetHandleVerifier [0xe27254+10b54]
	chromedriver!(No symbol) [0xc41e90]
	chromedriver!(No symbol) [0xc20923]
	chromedriver!(No symbol) [0xcb3afb]
	chromedriver!(No symbol) [0xcca2a9]
	chromedriver!(No symbol) [0xcad526]
	chromedriver!(No symbol) [0xc808f9]
	chromedriver!(No symbol) [0xc816b4]
	chromedriver!GetHandleVerifier [0x10c1ac4+2ab3c4]
	chromedriver!GetHandleVerifier [0x10bd0ed+2a69ed]
	chromedriver!GetHandleVerifier [0x10de4f5+2c7df5]
	chromedriver!GetHandleVerifier [0xe41128+2aa28]
	chromedriver!GetHandleVerifier [0xe48bbd+324bd]
	chromedriver!GetHandleVerifier [0xe2fb28+19428]
	chromedriver!GetHandleVerifier [0xe2fcd5+195d5]
	chromedriver!GetHandleVerifier [0xe191cf+2acf]
	KERNEL32!BaseThreadInitThunk [0x75765d49+19]
	ntdll!RtlInitializeExceptionChain [0x77abd83b+6b]
	ntdll!RtlGetAppContainerNamedObjectPath [0x77abd7c1+231]

[Exception occurred while collecting links from naver] Message: no such window: target window already closed
from unknown error: web view not found
  (Session info: chrome=148.0.7778.168)
Stacktrace:
	chromedriver!GetHandleVerifier [0xe27123+10a23]
	chromedriver!GetHandleVerifier [0xe27254+10b54]
	chromedriver!(No symbol) [0xc41e90]
	chromedriver!(No symbol) [0xc20923]
	chromedriver!(No symbol) [0xcb3afb]
	chromedriver!(No symbol) [0xcca2a9]
	chromedriver!(No symbol) [0xcad526]
	chromedriver!(No symbol) [0xc808f9]
	chromedriver!(No symbol) [0xc816b4]
	chromedriver!GetHandleVerifier [0x10c1ac4+2ab3c4]
	chromedriver!GetHandleVerifier [0x10bd0ed+2a69ed]
	chromedriver!GetHandleVerifier [0x10de4f5+2c7df5]
	chromedriver!GetHandleVerifier [0xe41128+2aa28]
	chromedriver!GetHandleVerifier [0xe48bbd+324bd]
	chromedriver!GetHandleVerifier [0xe2fb28+19428]
	chromedriver!GetHandleVerifier [0xe2fcd5+195d5]
	chromedriver!GetHandleVerifier [0xe191cf+2acf]
	KERNEL32!BaseThreadInitThunk [0x75765d49+19]
	ntdll!RtlInitializeExceptionChain [0x77abd83b+6b]
	ntdll!RtlGetAppContainerNamedObjectPath [0x77abd7c1+231]

[Exception occurred while collecting links from naver] Message: no such window: target window already closed
from unknown error: web view not found
  (Session info: chrome=148.0.7778.168)
Stacktrace:
	chromedriver!GetHandleVerifier [0xe27123+10a23]
	chromedriver!GetHandleVerifier [0xe27254+10b54]
	chromedriver!(No symbol) [0xc41e90]
	chromedriver!(No symbol) [0xc20923]
	chromedriver!(No symbol) [0xcb3afb]
	chromedriver!(No symbol) [0xcca2a9]
	chromedriver!(No symbol) [0xcad526]
	chromedriver!(No symbol) [0xc808f9]
	chromedriver!(No symbol) [0xc816b4]
	chromedriver!GetHandleVerifier [0x10c1ac4+2ab3c4]
	chromedriver!GetHandleVerifier [0x10bd0ed+2a69ed]
	chromedriver!GetHandleVerifier [0x10de4f5+2c7df5]
	chromedriver!GetHandleVerifier [0xe41128+2aa28]
	chromedriver!GetHandleVerifier [0xe48bbd+324bd]
	chromedriver!GetHandleVerifier [0xe2fb28+19428]
	chromedriver!GetHandleVerifier [0xe2fcd5+195d5]
	chromedriver!GetHandleVerifier [0xe191cf+2acf]
	KERNEL32!BaseThreadInitThunk [0x75765d49+19]
	ntdll!RtlInitializeExceptionChain [0x77abd83b+6b]
	ntdll!RtlGetAppContainerNamedObjectPath [0x77abd7c1+231]

[Exception occurred while collecting links from naver] Message: no such window: target window already closed
from unknown error: web view not found
  (Session info: chrome=148.0.7778.168)
Stacktrace:
	chromedriver!GetHandleVerifier [0xe27123+10a23]
	chromedriver!GetHandleVerifier [0xe27254+10b54]
	chromedriver!(No symbol) [0xc41e90]
	chromedriver!(No symbol) [0xc20923]
	chromedriver!(No symbol) [0xcb3afb]
	chromedriver!(No symbol) [0xcca2a9]
	chromedriver!(No symbol) [0xcad526]
	chromedriver!(No symbol) [0xc808f9]
	chromedriver!(No symbol) [0xc816b4]
	chromedriver!GetHandleVerifier [0x10c1ac4+2ab3c4]
	chromedriver!GetHandleVerifier [0x10bd0ed+2a69ed]
	chromedriver!GetHandleVerifier [0x10de4f5+2c7df5]
	chromedriver!GetHandleVerifier [0xe41128+2aa28]
	chromedriver!GetHandleVerifier [0xe48bbd+324bd]
	chromedriver!GetHandleVerifier [0xe2fb28+19428]
	chromedriver!GetHandleVerifier [0xe2fcd5+195d5]
	chromedriver!GetHandleVerifier [0xe191cf+2acf]
	KERNEL32!BaseThreadInitThunk [0x75765d49+19]
	ntdll!RtlInitializeExceptionChain [0x77abd83b+6b]
	ntdll!RtlGetAppContainerNamedObjectPath [0x77abd7c1+231]

[Exception occurred while collecting links from naver] Message: no such window: target window already closed
from unknown error: web view not found
  (Session info: chrome=148.0.7778.168)
Stacktrace:
	chromedriver!GetHandleVerifier [0xe27123+10a23]
	chromedriver!GetHandleVerifier [0xe27254+10b54]
	chromedriver!(No symbol) [0xc41e90]
	chromedriver!(No symbol) [0xc20923]
	chromedriver!(No symbol) [0xcb3afb]
	chromedriver!(No symbol) [0xcca2a9]
	chromedriver!(No symbol) [0xcad526]
	chromedriver!(No symbol) [0xc808f9]
	chromedriver!(No symbol) [0xc816b4]
	chromedriver!GetHandleVerifier [0x10c1ac4+2ab3c4]
	chromedriver!GetHandleVerifier [0x10bd0ed+2a69ed]
	chromedriver!GetHandleVerifier [0x10de4f5+2c7df5]
	chromedriver!GetHandleVerifier [0xe41128+2aa28]
	chromedriver!GetHandleVerifier [0xe48bbd+324bd]
	chromedriver!GetHandleVerifier [0xe2fb28+19428]
	chromedriver!GetHandleVerifier [0xe2fcd5+195d5]
	chromedriver!GetHandleVerifier [0xe191cf+2acf]
	KERNEL32!BaseThreadInitThunk [0x75765d49+19]
	ntdll!RtlInitializeExceptionChain [0x77abd83b+6b]
	ntdll!RtlGetAppContainerNamedObjectPath [0x77abd7c1+231]

[Exception occurred while collecting links from naver] Message: no such window: target window already closed
from unknown error: web view not found
  (Session info: chrome=148.0.7778.168)
Stacktrace:
	chromedriver!GetHandleVerifier [0xe27123+10a23]
	chromedriver!GetHandleVerifier [0xe27254+10b54]
	chromedriver!(No symbol) [0xc41e90]
	chromedriver!(No symbol) [0xc20923]
	chromedriver!(No symbol) [0xcb3afb]
	chromedriver!(No symbol) [0xcca2a9]
	chromedriver!(No symbol) [0xcad526]
	chromedriver!(No symbol) [0xc808f9]
	chromedriver!(No symbol) [0xc816b4]
	chromedriver!GetHandleVerifier [0x10c1ac4+2ab3c4]
	chromedriver!GetHandleVerifier [0x10bd0ed+2a69ed]
	chromedriver!GetHandleVerifier [0x10de4f5+2c7df5]
	chromedriver!GetHandleVerifier [0xe41128+2aa28]
	chromedriver!GetHandleVerifier [0xe48bbd+324bd]
	chromedriver!GetHandleVerifier [0xe2fb28+19428]
	chromedriver!GetHandleVerifier [0xe2fcd5+195d5]
	chromedriver!GetHandleVerifier [0xe191cf+2acf]
	KERNEL32!BaseThreadInitThunk [0x75765d49+19]
	ntdll!RtlInitializeExceptionChain [0x77abd83b+6b]
	ntdll!RtlGetAppContainerNamedObjectPath [0x77abd7c1+231]

[Exception occurred while collecting links from naver] Message: no such window: target window already closed
from unknown error: web view not found
  (Session info: chrome=148.0.7778.168)
Stacktrace:
	chromedriver!GetHandleVerifier [0xe27123+10a23]
	chromedriver!GetHandleVerifier [0xe27254+10b54]
	chromedriver!(No symbol) [0xc41e90]
	chromedriver!(No symbol) [0xc20923]
	chromedriver!(No symbol) [0xcb3afb]
	chromedriver!(No symbol) [0xcca2a9]
	chromedriver!(No symbol) [0xcad526]
	chromedriver!(No symbol) [0xc808f9]
	chromedriver!(No symbol) [0xc816b4]
	chromedriver!GetHandleVerifier [0x10c1ac4+2ab3c4]
	chromedriver!GetHandleVerifier [0x10bd0ed+2a69ed]
	chromedriver!GetHandleVerifier [0x10de4f5+2c7df5]
	chromedriver!GetHandleVerifier [0xe41128+2aa28]
	chromedriver!GetHandleVerifier [0xe48bbd+324bd]
	chromedriver!GetHandleVerifier [0xe2fb28+19428]
	chromedriver!GetHandleVerifier [0xe2fcd5+195d5]
	chromedriver!GetHandleVerifier [0xe191cf+2acf]
	KERNEL32!BaseThreadInitThunk [0x75765d49+19]
	ntdll!RtlInitializeExceptionChain [0x77abd83b+6b]
	ntdll!RtlGetAppContainerNamedObjectPath [0x77abd7c1+231]

[Exception occurred while collecting links from naver] Message: no such window: target window already closed
from unknown error: web view not found
  (Session info: chrome=148.0.7778.168)
Stacktrace:
	chromedriver!GetHandleVerifier [0xe27123+10a23]
	chromedriver!GetHandleVerifier [0xe27254+10b54]
	chromedriver!(No symbol) [0xc41e90]
	chromedriver!(No symbol) [0xc20923]
	chromedriver!(No symbol) [0xcb3afb]
	chromedriver!(No symbol) [0xcca2a9]
	chromedriver!(No symbol) [0xcad526]
	chromedriver!(No symbol) [0xc808f9]
	chromedriver!(No symbol) [0xc816b4]
	chromedriver!GetHandleVerifier [0x10c1ac4+2ab3c4]
	chromedriver!GetHandleVerifier [0x10bd0ed+2a69ed]
	chromedriver!GetHandleVerifier [0x10de4f5+2c7df5]
	chromedriver!GetHandleVerifier [0xe41128+2aa28]
	chromedriver!GetHandleVerifier [0xe48bbd+324bd]
	chromedriver!GetHandleVerifier [0xe2fb28+19428]
	chromedriver!GetHandleVerifier [0xe2fcd5+195d5]
	chromedriver!GetHandleVerifier [0xe191cf+2acf]
	KERNEL32!BaseThreadInitThunk [0x75765d49+19]
	ntdll!RtlInitializeExceptionChain [0x77abd83b+6b]
	ntdll!RtlGetAppContainerNamedObjectPath [0x77abd7c1+231]

[Exception occurred while collecting links from naver] Message: no such window: target window already closed
from unknown error: web view not found
  (Session info: chrome=148.0.7778.168)
Stacktrace:
	chromedriver!GetHandleVerifier [0xe27123+10a23]
	chromedriver!GetHandleVerifier [0xe27254+10b54]
	chromedriver!(No symbol) [0xc41e90]
	chromedriver!(No symbol) [0xc20923]
	chromedriver!(No symbol) [0xcb3afb]
	chromedriver!(No symbol) [0xcca2a9]
	chromedriver!(No symbol) [0xcad526]
	chromedriver!(No symbol) [0xc808f9]
	chromedriver!(No symbol) [0xc816b4]
	chromedriver!GetHandleVerifier [0x10c1ac4+2ab3c4]
	chromedriver!GetHandleVerifier [0x10bd0ed+2a69ed]
	chromedriver!GetHandleVerifier [0x10de4f5+2c7df5]
	chromedriver!GetHandleVerifier [0xe41128+2aa28]
	chromedriver!GetHandleVerifier [0xe48bbd+324bd]
	chromedriver!GetHandleVerifier [0xe2fb28+19428]
	chromedriver!GetHandleVerifier [0xe2fcd5+195d5]
	chromedriver!GetHandleVerifier [0xe191cf+2acf]
	KERNEL32!BaseThreadInitThunk [0x75765d49+19]
	ntdll!RtlInitializeExceptionChain [0x77abd83b+6b]
	ntdll!RtlGetAppContainerNamedObjectPath [0x77abd7c1+231]

[Exception occurred while collecting links from naver] Message: no such window: target window already closed
from unknown error: web view not found
  (Session info: chrome=148.0.7778.168)
Stacktrace:
	chromedriver!GetHandleVerifier [0xe27123+10a23]
	chromedriver!GetHandleVerifier [0xe27254+10b54]
	chromedriver!(No symbol) [0xc41e90]
	chromedriver!(No symbol) [0xc20923]
	chromedriver!(No symbol) [0xcb3afb]
	chromedriver!(No symbol) [0xcca2a9]
	chromedriver!(No symbol) [0xcad526]
	chromedriver!(No symbol) [0xc808f9]
	chromedriver!(No symbol) [0xc816b4]
	chromedriver!GetHandleVerifier [0x10c1ac4+2ab3c4]
	chromedriver!GetHandleVerifier [0x10bd0ed+2a69ed]
	chromedriver!GetHandleVerifier [0x10de4f5+2c7df5]
	chromedriver!GetHandleVerifier [0xe41128+2aa28]
	chromedriver!GetHandleVerifier [0xe48bbd+324bd]
	chromedriver!GetHandleVerifier [0xe2fb28+19428]
	chromedriver!GetHandleVerifier [0xe2fcd5+195d5]
	chromedriver!GetHandleVerifier [0xe191cf+2acf]
	KERNEL32!BaseThreadInitThunk [0x75765d49+19]
	ntdll!RtlInitializeExceptionChain [0x77abd83b+6b]
	ntdll!RtlGetAppContainerNamedObjectPath [0x77abd7c1+231]

[Exception occurred while collecting links from naver] Message: no such window: target window already closed
from unknown error: web view not found
  (Session info: chrome=148.0.7778.168)
Stacktrace:
	chromedriver!GetHandleVerifier [0xe27123+10a23]
	chromedriver!GetHandleVerifier [0xe27254+10b54]
	chromedriver!(No symbol) [0xc41e90]
	chromedriver!(No symbol) [0xc20923]
	chromedriver!(No symbol) [0xcb3afb]
	chromedriver!(No symbol) [0xcca2a9]
	chromedriver!(No symbol) [0xcad526]
	chromedriver!(No symbol) [0xc808f9]
	chromedriver!(No symbol) [0xc816b4]
	chromedriver!GetHandleVerifier [0x10c1ac4+2ab3c4]
	chromedriver!GetHandleVerifier [0x10bd0ed+2a69ed]
	chromedriver!GetHandleVerifier [0x10de4f5+2c7df5]
	chromedriver!GetHandleVerifier [0xe41128+2aa28]
	chromedriver!GetHandleVerifier [0xe48bbd+324bd]
	chromedriver!GetHandleVerifier [0xe2fb28+19428]
	chromedriver!GetHandleVerifier [0xe2fcd5+195d5]
	chromedriver!GetHandleVerifier [0xe191cf+2acf]
	KERNEL32!BaseThreadInitThunk [0x75765d49+19]
	ntdll!RtlInitializeExceptionChain [0x77abd83b+6b]
	ntdll!RtlGetAppContainerNamedObjectPath [0x77abd7c1+231]

[Exception occurred while collecting links from naver] Message: no such window: target window already closed
from unknown error: web view not found
  (Session info: chrome=148.0.7778.168)
Stacktrace:
	chromedriver!GetHandleVerifier [0xe27123+10a23]
	chromedriver!GetHandleVerifier [0xe27254+10b54]
	chromedriver!(No symbol) [0xc41e90]
	chromedriver!(No symbol) [0xc20923]
	chromedriver!(No symbol) [0xcb3afb]
	chromedriver!(No symbol) [0xcca2a9]
	chromedriver!(No symbol) [0xcad526]
	chromedriver!(No symbol) [0xc808f9]
	chromedriver!(No symbol) [0xc816b4]
	chromedriver!GetHandleVerifier [0x10c1ac4+2ab3c4]
	chromedriver!GetHandleVerifier [0x10bd0ed+2a69ed]
	chromedriver!GetHandleVerifier [0x10de4f5+2c7df5]
	chromedriver!GetHandleVerifier [0xe41128+2aa28]
	chromedriver!GetHandleVerifier [0xe48bbd+324bd]
	chromedriver!GetHandleVerifier [0xe2fb28+19428]
	chromedriver!GetHandleVerifier [0xe2fcd5+195d5]
	chromedriver!GetHandleVerifier [0xe191cf+2acf]
	KERNEL32!BaseThreadInitThunk [0x75765d49+19]
	ntdll!RtlInitializeExceptionChain [0x77abd83b+6b]
	ntdll!RtlGetAppContainerNamedObjectPath [0x77abd7c1+231]

[Exception occurred while collecting links from naver] Message: no such window: target window already closed
from unknown error: web view not found
  (Session info: chrome=148.0.7778.168)
Stacktrace:
	chromedriver!GetHandleVerifier [0xe27123+10a23]
	chromedriver!GetHandleVerifier [0xe27254+10b54]
	chromedriver!(No symbol) [0xc41e90]
	chromedriver!(No symbol) [0xc20923]
	chromedriver!(No symbol) [0xcb3afb]
	chromedriver!(No symbol) [0xcca2a9]
	chromedriver!(No symbol) [0xcad526]
	chromedriver!(No symbol) [0xc808f9]
	chromedriver!(No symbol) [0xc816b4]
	chromedriver!GetHandleVerifier [0x10c1ac4+2ab3c4]
	chromedriver!GetHandleVerifier [0x10bd0ed+2a69ed]
	chromedriver!GetHandleVerifier [0x10de4f5+2c7df5]
	chromedriver!GetHandleVerifier [0xe41128+2aa28]
	chromedriver!GetHandleVerifier [0xe48bbd+324bd]
	chromedriver!GetHandleVerifier [0xe2fb28+19428]
	chromedriver!GetHandleVerifier [0xe2fcd5+195d5]
	chromedriver!GetHandleVerifier [0xe191cf+2acf]
	KERNEL32!BaseThreadInitThunk [0x75765d49+19]
	ntdll!RtlInitializeExceptionChain [0x77abd83b+6b]
	ntdll!RtlGetAppContainerNamedObjectPath [0x77abd7c1+231]

[Exception occurred while collecting links from naver] Message: no such window: target window already closed
from unknown error: web view not found
  (Session info: chrome=148.0.7778.168)
Stacktrace:
	chromedriver!GetHandleVerifier [0xe27123+10a23]
	chromedriver!GetHandleVerifier [0xe27254+10b54]
	chromedriver!(No symbol) [0xc41e90]
	chromedriver!(No symbol) [0xc20923]
	chromedriver!(No symbol) [0xcb3afb]
	chromedriver!(No symbol) [0xcca2a9]
	chromedriver!(No symbol) [0xcad526]
	chromedriver!(No symbol) [0xc808f9]
	chromedriver!(No symbol) [0xc816b4]
	chromedriver!GetHandleVerifier [0x10c1ac4+2ab3c4]
	chromedriver!GetHandleVerifier [0x10bd0ed+2a69ed]
	chromedriver!GetHandleVerifier [0x10de4f5+2c7df5]
	chromedriver!GetHandleVerifier [0xe41128+2aa28]
	chromedriver!GetHandleVerifier [0xe48bbd+324bd]
	chromedriver!GetHandleVerifier [0xe2fb28+19428]
	chromedriver!GetHandleVerifier [0xe2fcd5+195d5]
	chromedriver!GetHandleVerifier [0xe191cf+2acf]
	KERNEL32!BaseThreadInitThunk [0x75765d49+19]
	ntdll!RtlInitializeExceptionChain [0x77abd83b+6b]
	ntdll!RtlGetAppContainerNamedObjectPath [0x77abd7c1+231]

[Exception occurred while collecting links from naver] Message: no such window: target window already closed
from unknown error: web view not found
  (Session info: chrome=148.0.7778.168)
Stacktrace:
	chromedriver!GetHandleVerifier [0xe27123+10a23]
	chromedriver!GetHandleVerifier [0xe27254+10b54]
	chromedriver!(No symbol) [0xc41e90]
	chromedriver!(No symbol) [0xc20923]
	chromedriver!(No symbol) [0xcb3afb]
	chromedriver!(No symbol) [0xcca2a9]
	chromedriver!(No symbol) [0xcad526]
	chromedriver!(No symbol) [0xc808f9]
	chromedriver!(No symbol) [0xc816b4]
	chromedriver!GetHandleVerifier [0x10c1ac4+2ab3c4]
	chromedriver!GetHandleVerifier [0x10bd0ed+2a69ed]
	chromedriver!GetHandleVerifier [0x10de4f5+2c7df5]
	chromedriver!GetHandleVerifier [0xe41128+2aa28]
	chromedriver!GetHandleVerifier [0xe48bbd+324bd]
	chromedriver!GetHandleVerifier [0xe2fb28+19428]
	chromedriver!GetHandleVerifier [0xe2fcd5+195d5]
	chromedriver!GetHandleVerifier [0xe191cf+2acf]
	KERNEL32!BaseThreadInitThunk [0x75765d49+19]
	ntdll!RtlInitializeExceptionChain [0x77abd83b+6b]
	ntdll!RtlGetAppContainerNamedObjectPath [0x77abd7c1+231]

[Exception occurred while collecting links from naver] Message: no such window: target window already closed
from unknown error: web view not found
  (Session info: chrome=148.0.7778.168)
Stacktrace:
	chromedriver!GetHandleVerifier [0xe27123+10a23]
	chromedriver!GetHandleVerifier [0xe27254+10b54]
	chromedriver!(No symbol) [0xc41e90]
	chromedriver!(No symbol) [0xc20923]
	chromedriver!(No symbol) [0xcb3afb]
	chromedriver!(No symbol) [0xcca2a9]
	chromedriver!(No symbol) [0xcad526]
	chromedriver!(No symbol) [0xc808f9]
	chromedriver!(No symbol) [0xc816b4]
	chromedriver!GetHandleVerifier [0x10c1ac4+2ab3c4]
	chromedriver!GetHandleVerifier [0x10bd0ed+2a69ed]
	chromedriver!GetHandleVerifier [0x10de4f5+2c7df5]
	chromedriver!GetHandleVerifier [0xe41128+2aa28]
	chromedriver!GetHandleVerifier [0xe48bbd+324bd]
	chromedriver!GetHandleVerifier [0xe2fb28+19428]
	chromedriver!GetHandleVerifier [0xe2fcd5+195d5]
	chromedriver!GetHandleVerifier [0xe191cf+2acf]
	KERNEL32!BaseThreadInitThunk [0x75765d49+19]
	ntdll!RtlInitializeExceptionChain [0x77abd83b+6b]
	ntdll!RtlGetAppContainerNamedObjectPath [0x77abd7c1+231]

[Exception occurred while collecting links from naver] Message: no such window: target window already closed
from unknown error: web view not found
  (Session info: chrome=148.0.7778.168)
Stacktrace:
	chromedriver!GetHandleVerifier [0xe27123+10a23]
	chromedriver!GetHandleVerifier [0xe27254+10b54]
	chromedriver!(No symbol) [0xc41e90]
	chromedriver!(No symbol) [0xc20923]
	chromedriver!(No symbol) [0xcb3afb]
	chromedriver!(No symbol) [0xcca2a9]
	chromedriver!(No symbol) [0xcad526]
	chromedriver!(No symbol) [0xc808f9]
	chromedriver!(No symbol) [0xc816b4]
	chromedriver!GetHandleVerifier [0x10c1ac4+2ab3c4]
	chromedriver!GetHandleVerifier [0x10bd0ed+2a69ed]
	chromedriver!GetHandleVerifier [0x10de4f5+2c7df5]
	chromedriver!GetHandleVerifier [0xe41128+2aa28]
	chromedriver!GetHandleVerifier [0xe48bbd+324bd]
	chromedriver!GetHandleVerifier [0xe2fb28+19428]
	chromedriver!GetHandleVerifier [0xe2fcd5+195d5]
	chromedriver!GetHandleVerifier [0xe191cf+2acf]
	KERNEL32!BaseThreadInitThunk [0x75765d49+19]
	ntdll!RtlInitializeExceptionChain [0x77abd83b+6b]
	ntdll!RtlGetAppContainerNamedObjectPath [0x77abd7c1+231]

[Exception occurred while collecting links from naver] Message: no such window: target window already closed
from unknown error: web view not found
  (Session info: chrome=148.0.7778.168)
Stacktrace:
	chromedriver!GetHandleVerifier [0xe27123+10a23]
	chromedriver!GetHandleVerifier [0xe27254+10b54]
	chromedriver!(No symbol) [0xc41e90]
	chromedriver!(No symbol) [0xc20923]
	chromedriver!(No symbol) [0xcb3afb]
	chromedriver!(No symbol) [0xcca2a9]
	chromedriver!(No symbol) [0xcad526]
	chromedriver!(No symbol) [0xc808f9]
	chromedriver!(No symbol) [0xc816b4]
	chromedriver!GetHandleVerifier [0x10c1ac4+2ab3c4]
	chromedriver!GetHandleVerifier [0x10bd0ed+2a69ed]
	chromedriver!GetHandleVerifier [0x10de4f5+2c7df5]
	chromedriver!GetHandleVerifier [0xe41128+2aa28]
	chromedriver!GetHandleVerifier [0xe48bbd+324bd]
	chromedriver!GetHandleVerifier [0xe2fb28+19428]
	chromedriver!GetHandleVerifier [0xe2fcd5+195d5]
	chromedriver!GetHandleVerifier [0xe191cf+2acf]
	KERNEL32!BaseThreadInitThunk [0x75765d49+19]
	ntdll!RtlInitializeExceptionChain [0x77abd83b+6b]
	ntdll!RtlGetAppContainerNamedObjectPath [0x77abd7c1+231]

[Exception occurred while collecting links from naver] Message: no such window: target window already closed
from unknown error: web view not found
  (Session info: chrome=148.0.7778.168)
Stacktrace:
	chromedriver!GetHandleVerifier [0xe27123+10a23]
	chromedriver!GetHandleVerifier [0xe27254+10b54]
	chromedriver!(No symbol) [0xc41e90]
	chromedriver!(No symbol) [0xc20923]
	chromedriver!(No symbol) [0xcb3afb]
	chromedriver!(No symbol) [0xcca2a9]
	chromedriver!(No symbol) [0xcad526]
	chromedriver!(No symbol) [0xc808f9]
	chromedriver!(No symbol) [0xc816b4]
	chromedriver!GetHandleVerifier [0x10c1ac4+2ab3c4]
	chromedriver!GetHandleVerifier [0x10bd0ed+2a69ed]
	chromedriver!GetHandleVerifier [0x10de4f5+2c7df5]
	chromedriver!GetHandleVerifier [0xe41128+2aa28]
	chromedriver!GetHandleVerifier [0xe48bbd+324bd]
	chromedriver!GetHandleVerifier [0xe2fb28+19428]
	chromedriver!GetHandleVerifier [0xe2fcd5+195d5]
	chromedriver!GetHandleVerifier [0xe191cf+2acf]
	KERNEL32!BaseThreadInitThunk [0x75765d49+19]
	ntdll!RtlInitializeExceptionChain [0x77abd83b+6b]
	ntdll!RtlGetAppContainerNamedObjectPath [0x77abd7c1+231]

[Exception occurred while collecting links from naver] Message: no such window: target window already closed
from unknown error: web view not found
  (Session info: chrome=148.0.7778.168)
Stacktrace:
	chromedriver!GetHandleVerifier [0xe27123+10a23]
	chromedriver!GetHandleVerifier [0xe27254+10b54]
	chromedriver!(No symbol) [0xc41e90]
	chromedriver!(No symbol) [0xc20923]
	chromedriver!(No symbol) [0xcb3afb]
	chromedriver!(No symbol) [0xcca2a9]
	chromedriver!(No symbol) [0xcad526]
	chromedriver!(No symbol) [0xc808f9]
	chromedriver!(No symbol) [0xc816b4]
	chromedriver!GetHandleVerifier [0x10c1ac4+2ab3c4]
	chromedriver!GetHandleVerifier [0x10bd0ed+2a69ed]
	chromedriver!GetHandleVerifier [0x10de4f5+2c7df5]
	chromedriver!GetHandleVerifier [0xe41128+2aa28]
	chromedriver!GetHandleVerifier [0xe48bbd+324bd]
	chromedriver!GetHandleVerifier [0xe2fb28+19428]
	chromedriver!GetHandleVerifier [0xe2fcd5+195d5]
	chromedriver!GetHandleVerifier [0xe191cf+2acf]
	KERNEL32!BaseThreadInitThunk [0x75765d49+19]
	ntdll!RtlInitializeExceptionChain [0x77abd83b+6b]
	ntdll!RtlGetAppContainerNamedObjectPath [0x77abd7c1+231]

[Exception occurred while collecting links from naver] Message: no such window: target window already closed
from unknown error: web view not found
  (Session info: chrome=148.0.7778.168)
Stacktrace:
	chromedriver!GetHandleVerifier [0xe27123+10a23]
	chromedriver!GetHandleVerifier [0xe27254+10b54]
	chromedriver!(No symbol) [0xc41e90]
	chromedriver!(No symbol) [0xc20923]
	chromedriver!(No symbol) [0xcb3afb]
	chromedriver!(No symbol) [0xcca2a9]
	chromedriver!(No symbol) [0xcad526]
	chromedriver!(No symbol) [0xc808f9]
	chromedriver!(No symbol) [0xc816b4]
	chromedriver!GetHandleVerifier [0x10c1ac4+2ab3c4]
	chromedriver!GetHandleVerifier [0x10bd0ed+2a69ed]
	chromedriver!GetHandleVerifier [0x10de4f5+2c7df5]
	chromedriver!GetHandleVerifier [0xe41128+2aa28]
	chromedriver!GetHandleVerifier [0xe48bbd+324bd]
	chromedriver!GetHandleVerifier [0xe2fb28+19428]
	chromedriver!GetHandleVerifier [0xe2fcd5+195d5]
	chromedriver!GetHandleVerifier [0xe191cf+2acf]
	KERNEL32!BaseThreadInitThunk [0x75765d49+19]
	ntdll!RtlInitializeExceptionChain [0x77abd83b+6b]
	ntdll!RtlGetAppContainerNamedObjectPath [0x77abd7c1+231]

[Exception occurred while collecting links from naver] Message: no such window: target window already closed
from unknown error: web view not found
  (Session info: chrome=148.0.7778.168)
Stacktrace:
	chromedriver!GetHandleVerifier [0xe27123+10a23]
	chromedriver!GetHandleVerifier [0xe27254+10b54]
	chromedriver!(No symbol) [0xc41e90]
	chromedriver!(No symbol) [0xc20923]
	chromedriver!(No symbol) [0xcb3afb]
	chromedriver!(No symbol) [0xcca2a9]
	chromedriver!(No symbol) [0xcad526]
	chromedriver!(No symbol) [0xc808f9]
	chromedriver!(No symbol) [0xc816b4]
	chromedriver!GetHandleVerifier [0x10c1ac4+2ab3c4]
	chromedriver!GetHandleVerifier [0x10bd0ed+2a69ed]
	chromedriver!GetHandleVerifier [0x10de4f5+2c7df5]
	chromedriver!GetHandleVerifier [0xe41128+2aa28]
	chromedriver!GetHandleVerifier [0xe48bbd+324bd]
	chromedriver!GetHandleVerifier [0xe2fb28+19428]
	chromedriver!GetHandleVerifier [0xe2fcd5+195d5]
	chromedriver!GetHandleVerifier [0xe191cf+2acf]
	KERNEL32!BaseThreadInitThunk [0x75765d49+19]
	ntdll!RtlInitializeExceptionChain [0x77abd83b+6b]
	ntdll!RtlGetAppContainerNamedObjectPath [0x77abd7c1+231]

[Exception occurred while collecting links from naver] Message: no such window: target window already closed
from unknown error: web view not found
  (Session info: chrome=148.0.7778.168)
Stacktrace:
	chromedriver!GetHandleVerifier [0xe27123+10a23]
	chromedriver!GetHandleVerifier [0xe27254+10b54]
	chromedriver!(No symbol) [0xc41e90]
	chromedriver!(No symbol) [0xc20923]
	chromedriver!(No symbol) [0xcb3afb]
	chromedriver!(No symbol) [0xcca2a9]
	chromedriver!(No symbol) [0xcad526]
	chromedriver!(No symbol) [0xc808f9]
	chromedriver!(No symbol) [0xc816b4]
	chromedriver!GetHandleVerifier [0x10c1ac4+2ab3c4]
	chromedriver!GetHandleVerifier [0x10bd0ed+2a69ed]
	chromedriver!GetHandleVerifier [0x10de4f5+2c7df5]
	chromedriver!GetHandleVerifier [0xe41128+2aa28]
	chromedriver!GetHandleVerifier [0xe48bbd+324bd]
	chromedriver!GetHandleVerifier [0xe2fb28+19428]
	chromedriver!GetHandleVerifier [0xe2fcd5+195d5]
	chromedriver!GetHandleVerifier [0xe191cf+2acf]
	KERNEL32!BaseThreadInitThunk [0x75765d49+19]
	ntdll!RtlInitializeExceptionChain [0x77abd83b+6b]
	ntdll!RtlGetAppContainerNamedObjectPath [0x77abd7c1+231]

[Exception occurred while collecting links from naver] Message: no such window: target window already closed
from unknown error: web view not found
  (Session info: chrome=148.0.7778.168)
Stacktrace:
	chromedriver!GetHandleVerifier [0xe27123+10a23]
	chromedriver!GetHandleVerifier [0xe27254+10b54]
	chromedriver!(No symbol) [0xc41e90]
	chromedriver!(No symbol) [0xc20923]
	chromedriver!(No symbol) [0xcb3afb]
	chromedriver!(No symbol) [0xcca2a9]
	chromedriver!(No symbol) [0xcad526]
	chromedriver!(No symbol) [0xc808f9]
	chromedriver!(No symbol) [0xc816b4]
	chromedriver!GetHandleVerifier [0x10c1ac4+2ab3c4]
	chromedriver!GetHandleVerifier [0x10bd0ed+2a69ed]
	chromedriver!GetHandleVerifier [0x10de4f5+2c7df5]
	chromedriver!GetHandleVerifier [0xe41128+2aa28]
	chromedriver!GetHandleVerifier [0xe48bbd+324bd]
	chromedriver!GetHandleVerifier [0xe2fb28+19428]
	chromedriver!GetHandleVerifier [0xe2fcd5+195d5]
	chromedriver!GetHandleVerifier [0xe191cf+2acf]
	KERNEL32!BaseThreadInitThunk [0x75765d49+19]
	ntdll!RtlInitializeExceptionChain [0x77abd83b+6b]
	ntdll!RtlGetAppContainerNamedObjectPath [0x77abd7c1+231]

[Exception occurred while collecting links from naver] Message: no such window: target window already closed
from unknown error: web view not found
  (Session info: chrome=148.0.7778.168)
Stacktrace:
	chromedriver!GetHandleVerifier [0xe27123+10a23]
	chromedriver!GetHandleVerifier [0xe27254+10b54]
	chromedriver!(No symbol) [0xc41e90]
	chromedriver!(No symbol) [0xc20923]
	chromedriver!(No symbol) [0xcb3afb]
	chromedriver!(No symbol) [0xcca2a9]
	chromedriver!(No symbol) [0xcad526]
	chromedriver!(No symbol) [0xc808f9]
	chromedriver!(No symbol) [0xc816b4]
	chromedriver!GetHandleVerifier [0x10c1ac4+2ab3c4]
	chromedriver!GetHandleVerifier [0x10bd0ed+2a69ed]
	chromedriver!GetHandleVerifier [0x10de4f5+2c7df5]
	chromedriver!GetHandleVerifier [0xe41128+2aa28]
	chromedriver!GetHandleVerifier [0xe48bbd+324bd]
	chromedriver!GetHandleVerifier [0xe2fb28+19428]
	chromedriver!GetHandleVerifier [0xe2fcd5+195d5]
	chromedriver!GetHandleVerifier [0xe191cf+2acf]
	KERNEL32!BaseThreadInitThunk [0x75765d49+19]
	ntdll!RtlInitializeExceptionChain [0x77abd83b+6b]
	ntdll!RtlGetAppContainerNamedObjectPath [0x77abd7c1+231]

[Exception occurred while collecting links from naver] Message: no such window: target window already closed
from unknown error: web view not found
  (Session info: chrome=148.0.7778.168)
Stacktrace:
	chromedriver!GetHandleVerifier [0xe27123+10a23]
	chromedriver!GetHandleVerifier [0xe27254+10b54]
	chromedriver!(No symbol) [0xc41e90]
	chromedriver!(No symbol) [0xc20923]
	chromedriver!(No symbol) [0xcb3afb]
	chromedriver!(No symbol) [0xcca2a9]
	chromedriver!(No symbol) [0xcad526]
	chromedriver!(No symbol) [0xc808f9]
	chromedriver!(No symbol) [0xc816b4]
	chromedriver!GetHandleVerifier [0x10c1ac4+2ab3c4]
	chromedriver!GetHandleVerifier [0x10bd0ed+2a69ed]
	chromedriver!GetHandleVerifier [0x10de4f5+2c7df5]
	chromedriver!GetHandleVerifier [0xe41128+2aa28]
	chromedriver!GetHandleVerifier [0xe48bbd+324bd]
	chromedriver!GetHandleVerifier [0xe2fb28+19428]
	chromedriver!GetHandleVerifier [0xe2fcd5+195d5]
	chromedriver!GetHandleVerifier [0xe191cf+2acf]
	KERNEL32!BaseThreadInitThunk [0x75765d49+19]
	ntdll!RtlInitializeExceptionChain [0x77abd83b+6b]
	ntdll!RtlGetAppContainerNamedObjectPath [0x77abd7c1+231]

[Exception occurred while collecting links from naver] Message: no such window: target window already closed
from unknown error: web view not found
  (Session info: chrome=148.0.7778.168)
Stacktrace:
	chromedriver!GetHandleVerifier [0xe27123+10a23]
	chromedriver!GetHandleVerifier [0xe27254+10b54]
	chromedriver!(No symbol) [0xc41e90]
	chromedriver!(No symbol) [0xc20923]
	chromedriver!(No symbol) [0xcb3afb]
	chromedriver!(No symbol) [0xcca2a9]
	chromedriver!(No symbol) [0xcad526]
	chromedriver!(No symbol) [0xc808f9]
	chromedriver!(No symbol) [0xc816b4]
	chromedriver!GetHandleVerifier [0x10c1ac4+2ab3c4]
	chromedriver!GetHandleVerifier [0x10bd0ed+2a69ed]
	chromedriver!GetHandleVerifier [0x10de4f5+2c7df5]
	chromedriver!GetHandleVerifier [0xe41128+2aa28]
	chromedriver!GetHandleVerifier [0xe48bbd+324bd]
	chromedriver!GetHandleVerifier [0xe2fb28+19428]
	chromedriver!GetHandleVerifier [0xe2fcd5+195d5]
	chromedriver!GetHandleVerifier [0xe191cf+2acf]
	KERNEL32!BaseThreadInitThunk [0x75765d49+19]
	ntdll!RtlInitializeExceptionChain [0x77abd83b+6b]
	ntdll!RtlGetAppContainerNamedObjectPath [0x77abd7c1+231]

[Exception occurred while collecting links from naver] Message: no such window: target window already closed
from unknown error: web view not found
  (Session info: chrome=148.0.7778.168)
Stacktrace:
	chromedriver!GetHandleVerifier [0xe27123+10a23]
	chromedriver!GetHandleVerifier [0xe27254+10b54]
	chromedriver!(No symbol) [0xc41e90]
	chromedriver!(No symbol) [0xc20923]
	chromedriver!(No symbol) [0xcb3afb]
	chromedriver!(No symbol) [0xcca2a9]
	chromedriver!(No symbol) [0xcad526]
	chromedriver!(No symbol) [0xc808f9]
	chromedriver!(No symbol) [0xc816b4]
	chromedriver!GetHandleVerifier [0x10c1ac4+2ab3c4]
	chromedriver!GetHandleVerifier [0x10bd0ed+2a69ed]
	chromedriver!GetHandleVerifier [0x10de4f5+2c7df5]
	chromedriver!GetHandleVerifier [0xe41128+2aa28]
	chromedriver!GetHandleVerifier [0xe48bbd+324bd]
	chromedriver!GetHandleVerifier [0xe2fb28+19428]
	chromedriver!GetHandleVerifier [0xe2fcd5+195d5]
	chromedriver!GetHandleVerifier [0xe191cf+2acf]
	KERNEL32!BaseThreadInitThunk [0x75765d49+19]
	ntdll!RtlInitializeExceptionChain [0x77abd83b+6b]
	ntdll!RtlGetAppContainerNamedObjectPath [0x77abd7c1+231]

[Exception occurred while collecting links from naver] Message: no such window: target window already closed
from unknown error: web view not found
  (Session info: chrome=148.0.7778.168)
Stacktrace:
	chromedriver!GetHandleVerifier [0xe27123+10a23]
	chromedriver!GetHandleVerifier [0xe27254+10b54]
	chromedriver!(No symbol) [0xc41e90]
	chromedriver!(No symbol) [0xc20923]
	chromedriver!(No symbol) [0xcb3afb]
	chromedriver!(No symbol) [0xcca2a9]
	chromedriver!(No symbol) [0xcad526]
	chromedriver!(No symbol) [0xc808f9]
	chromedriver!(No symbol) [0xc816b4]
	chromedriver!GetHandleVerifier [0x10c1ac4+2ab3c4]
	chromedriver!GetHandleVerifier [0x10bd0ed+2a69ed]
	chromedriver!GetHandleVerifier [0x10de4f5+2c7df5]
	chromedriver!GetHandleVerifier [0xe41128+2aa28]
	chromedriver!GetHandleVerifier [0xe48bbd+324bd]
	chromedriver!GetHandleVerifier [0xe2fb28+19428]
	chromedriver!GetHandleVerifier [0xe2fcd5+195d5]
	chromedriver!GetHandleVerifier [0xe191cf+2acf]
	KERNEL32!BaseThreadInitThunk [0x75765d49+19]
	ntdll!RtlInitializeExceptionChain [0x77abd83b+6b]
	ntdll!RtlGetAppContainerNamedObjectPath [0x77abd7c1+231]

[Exception occurred while collecting links from naver] Message: no such window: target window already closed
from unknown error: web view not found
  (Session info: chrome=148.0.7778.168)
Stacktrace:
	chromedriver!GetHandleVerifier [0xe27123+10a23]
	chromedriver!GetHandleVerifier [0xe27254+10b54]
	chromedriver!(No symbol) [0xc41e90]
	chromedriver!(No symbol) [0xc20923]
	chromedriver!(No symbol) [0xcb3afb]
	chromedriver!(No symbol) [0xcca2a9]
	chromedriver!(No symbol) [0xcad526]
	chromedriver!(No symbol) [0xc808f9]
	chromedriver!(No symbol) [0xc816b4]
	chromedriver!GetHandleVerifier [0x10c1ac4+2ab3c4]
	chromedriver!GetHandleVerifier [0x10bd0ed+2a69ed]
	chromedriver!GetHandleVerifier [0x10de4f5+2c7df5]
	chromedriver!GetHandleVerifier [0xe41128+2aa28]
	chromedriver!GetHandleVerifier [0xe48bbd+324bd]
	chromedriver!GetHandleVerifier [0xe2fb28+19428]
	chromedriver!GetHandleVerifier [0xe2fcd5+195d5]
	chromedriver!GetHandleVerifier [0xe191cf+2acf]
	KERNEL32!BaseThreadInitThunk [0x75765d49+19]
	ntdll!RtlInitializeExceptionChain [0x77abd83b+6b]
	ntdll!RtlGetAppContainerNamedObjectPath [0x77abd7c1+231]

[Exception occurred while collecting links from naver] Message: no such window: target window already closed
from unknown error: web view not found
  (Session info: chrome=148.0.7778.168)
Stacktrace:
	chromedriver!GetHandleVerifier [0xe27123+10a23]
	chromedriver!GetHandleVerifier [0xe27254+10b54]
	chromedriver!(No symbol) [0xc41e90]
	chromedriver!(No symbol) [0xc20923]
	chromedriver!(No symbol) [0xcb3afb]
	chromedriver!(No symbol) [0xcca2a9]
	chromedriver!(No symbol) [0xcad526]
	chromedriver!(No symbol) [0xc808f9]
	chromedriver!(No symbol) [0xc816b4]
	chromedriver!GetHandleVerifier [0x10c1ac4+2ab3c4]
	chromedriver!GetHandleVerifier [0x10bd0ed+2a69ed]
	chromedriver!GetHandleVerifier [0x10de4f5+2c7df5]
	chromedriver!GetHandleVerifier [0xe41128+2aa28]
	chromedriver!GetHandleVerifier [0xe48bbd+324bd]
	chromedriver!GetHandleVerifier [0xe2fb28+19428]
	chromedriver!GetHandleVerifier [0xe2fcd5+195d5]
	chromedriver!GetHandleVerifier [0xe191cf+2acf]
	KERNEL32!BaseThreadInitThunk [0x75765d49+19]
	ntdll!RtlInitializeExceptionChain [0x77abd83b+6b]
	ntdll!RtlGetAppContainerNamedObjectPath [0x77abd7c1+231]

[Exception occurred while collecting links from naver] Message: no such window: target window already closed
from unknown error: web view not found
  (Session info: chrome=148.0.7778.168)
Stacktrace:
	chromedriver!GetHandleVerifier [0xe27123+10a23]
	chromedriver!GetHandleVerifier [0xe27254+10b54]
	chromedriver!(No symbol) [0xc41e90]
	chromedriver!(No symbol) [0xc20923]
	chromedriver!(No symbol) [0xcb3afb]
	chromedriver!(No symbol) [0xcca2a9]
	chromedriver!(No symbol) [0xcad526]
	chromedriver!(No symbol) [0xc808f9]
	chromedriver!(No symbol) [0xc816b4]
	chromedriver!GetHandleVerifier [0x10c1ac4+2ab3c4]
	chromedriver!GetHandleVerifier [0x10bd0ed+2a69ed]
	chromedriver!GetHandleVerifier [0x10de4f5+2c7df5]
	chromedriver!GetHandleVerifier [0xe41128+2aa28]
	chromedriver!GetHandleVerifier [0xe48bbd+324bd]
	chromedriver!GetHandleVerifier [0xe2fb28+19428]
	chromedriver!GetHandleVerifier [0xe2fcd5+195d5]
	chromedriver!GetHandleVerifier [0xe191cf+2acf]
	KERNEL32!BaseThreadInitThunk [0x75765d49+19]
	ntdll!RtlInitializeExceptionChain [0x77abd83b+6b]
	ntdll!RtlGetAppContainerNamedObjectPath [0x77abd7c1+231]

[Exception occurred while collecting links from naver] Message: no such window: target window already closed
from unknown error: web view not found
  (Session info: chrome=148.0.7778.168)
Stacktrace:
	chromedriver!GetHandleVerifier [0xe27123+10a23]
	chromedriver!GetHandleVerifier [0xe27254+10b54]
	chromedriver!(No symbol) [0xc41e90]
	chromedriver!(No symbol) [0xc20923]
	chromedriver!(No symbol) [0xcb3afb]
	chromedriver!(No symbol) [0xcca2a9]
	chromedriver!(No symbol) [0xcad526]
	chromedriver!(No symbol) [0xc808f9]
	chromedriver!(No symbol) [0xc816b4]
	chromedriver!GetHandleVerifier [0x10c1ac4+2ab3c4]
	chromedriver!GetHandleVerifier [0x10bd0ed+2a69ed]
	chromedriver!GetHandleVerifier [0x10de4f5+2c7df5]
	chromedriver!GetHandleVerifier [0xe41128+2aa28]
	chromedriver!GetHandleVerifier [0xe48bbd+324bd]
	chromedriver!GetHandleVerifier [0xe2fb28+19428]
	chromedriver!GetHandleVerifier [0xe2fcd5+195d5]
	chromedriver!GetHandleVerifier [0xe191cf+2acf]
	KERNEL32!BaseThreadInitThunk [0x75765d49+19]
	ntdll!RtlInitializeExceptionChain [0x77abd83b+6b]
	ntdll!RtlGetAppContainerNamedObjectPath [0x77abd7c1+231]

[Exception occurred while collecting links from naver] Message: no such window: target window already closed
from unknown error: web view not found
  (Session info: chrome=148.0.7778.168)
Stacktrace:
	chromedriver!GetHandleVerifier [0xe27123+10a23]
	chromedriver!GetHandleVerifier [0xe27254+10b54]
	chromedriver!(No symbol) [0xc41e90]
	chromedriver!(No symbol) [0xc20923]
	chromedriver!(No symbol) [0xcb3afb]
	chromedriver!(No symbol) [0xcca2a9]
	chromedriver!(No symbol) [0xcad526]
	chromedriver!(No symbol) [0xc808f9]
	chromedriver!(No symbol) [0xc816b4]
	chromedriver!GetHandleVerifier [0x10c1ac4+2ab3c4]
	chromedriver!GetHandleVerifier [0x10bd0ed+2a69ed]
	chromedriver!GetHandleVerifier [0x10de4f5+2c7df5]
	chromedriver!GetHandleVerifier [0xe41128+2aa28]
	chromedriver!GetHandleVerifier [0xe48bbd+324bd]
	chromedriver!GetHandleVerifier [0xe2fb28+19428]
	chromedriver!GetHandleVerifier [0xe2fcd5+195d5]
	chromedriver!GetHandleVerifier [0xe191cf+2acf]
	KERNEL32!BaseThreadInitThunk [0x75765d49+19]
	ntdll!RtlInitializeExceptionChain [0x77abd83b+6b]
	ntdll!RtlGetAppContainerNamedObjectPath [0x77abd7c1+231]

[Exception occurred while collecting links from naver] Message: no such window: target window already closed
from unknown error: web view not found
  (Session info: chrome=148.0.7778.168)
Stacktrace:
	chromedriver!GetHandleVerifier [0xe27123+10a23]
	chromedriver!GetHandleVerifier [0xe27254+10b54]
	chromedriver!(No symbol) [0xc41e90]
	chromedriver!(No symbol) [0xc20923]
	chromedriver!(No symbol) [0xcb3afb]
	chromedriver!(No symbol) [0xcca2a9]
	chromedriver!(No symbol) [0xcad526]
	chromedriver!(No symbol) [0xc808f9]
	chromedriver!(No symbol) [0xc816b4]
	chromedriver!GetHandleVerifier [0x10c1ac4+2ab3c4]
	chromedriver!GetHandleVerifier [0x10bd0ed+2a69ed]
	chromedriver!GetHandleVerifier [0x10de4f5+2c7df5]
	chromedriver!GetHandleVerifier [0xe41128+2aa28]
	chromedriver!GetHandleVerifier [0xe48bbd+324bd]
	chromedriver!GetHandleVerifier [0xe2fb28+19428]
	chromedriver!GetHandleVerifier [0xe2fcd5+195d5]
	chromedriver!GetHandleVerifier [0xe191cf+2acf]
	KERNEL32!BaseThreadInitThunk [0x75765d49+19]
	ntdll!RtlInitializeExceptionChain [0x77abd83b+6b]
	ntdll!RtlGetAppContainerNamedObjectPath [0x77abd7c1+231]

[Exception occurred while collecting links from naver] Message: no such window: target window already closed
from unknown error: web view not found
  (Session info: chrome=148.0.7778.168)
Stacktrace:
	chromedriver!GetHandleVerifier [0xe27123+10a23]
	chromedriver!GetHandleVerifier [0xe27254+10b54]
	chromedriver!(No symbol) [0xc41e90]
	chromedriver!(No symbol) [0xc20923]
	chromedriver!(No symbol) [0xcb3afb]
	chromedriver!(No symbol) [0xcca2a9]
	chromedriver!(No symbol) [0xcad526]
	chromedriver!(No symbol) [0xc808f9]
	chromedriver!(No symbol) [0xc816b4]
	chromedriver!GetHandleVerifier [0x10c1ac4+2ab3c4]
	chromedriver!GetHandleVerifier [0x10bd0ed+2a69ed]
	chromedriver!GetHandleVerifier [0x10de4f5+2c7df5]
	chromedriver!GetHandleVerifier [0xe41128+2aa28]
	chromedriver!GetHandleVerifier [0xe48bbd+324bd]
	chromedriver!GetHandleVerifier [0xe2fb28+19428]
	chromedriver!GetHandleVerifier [0xe2fcd5+195d5]
	chromedriver!GetHandleVerifier [0xe191cf+2acf]
	KERNEL32!BaseThreadInitThunk [0x75765d49+19]
	ntdll!RtlInitializeExceptionChain [0x77abd83b+6b]
	ntdll!RtlGetAppContainerNamedObjectPath [0x77abd7c1+231]

[Exception occurred while collecting links from naver] Message: no such window: target window already closed
from unknown error: web view not found
  (Session info: chrome=148.0.7778.168)
Stacktrace:
	chromedriver!GetHandleVerifier [0xe27123+10a23]
	chromedriver!GetHandleVerifier [0xe27254+10b54]
	chromedriver!(No symbol) [0xc41e90]
	chromedriver!(No symbol) [0xc20923]
	chromedriver!(No symbol) [0xcb3afb]
	chromedriver!(No symbol) [0xcca2a9]
	chromedriver!(No symbol) [0xcad526]
	chromedriver!(No symbol) [0xc808f9]
	chromedriver!(No symbol) [0xc816b4]
	chromedriver!GetHandleVerifier [0x10c1ac4+2ab3c4]
	chromedriver!GetHandleVerifier [0x10bd0ed+2a69ed]
	chromedriver!GetHandleVerifier [0x10de4f5+2c7df5]
	chromedriver!GetHandleVerifier [0xe41128+2aa28]
	chromedriver!GetHandleVerifier [0xe48bbd+324bd]
	chromedriver!GetHandleVerifier [0xe2fb28+19428]
	chromedriver!GetHandleVerifier [0xe2fcd5+195d5]
	chromedriver!GetHandleVerifier [0xe191cf+2acf]
	KERNEL32!BaseThreadInitThunk [0x75765d49+19]
	ntdll!RtlInitializeExceptionChain [0x77abd83b+6b]
	ntdll!RtlGetAppContainerNamedObjectPath [0x77abd7c1+231]

[Exception occurred while collecting links from naver] Message: no such window: target window already closed
from unknown error: web view not found
  (Session info: chrome=148.0.7778.168)
Stacktrace:
	chromedriver!GetHandleVerifier [0xe27123+10a23]
	chromedriver!GetHandleVerifier [0xe27254+10b54]
	chromedriver!(No symbol) [0xc41e90]
	chromedriver!(No symbol) [0xc20923]
	chromedriver!(No symbol) [0xcb3afb]
	chromedriver!(No symbol) [0xcca2a9]
	chromedriver!(No symbol) [0xcad526]
	chromedriver!(No symbol) [0xc808f9]
	chromedriver!(No symbol) [0xc816b4]
	chromedriver!GetHandleVerifier [0x10c1ac4+2ab3c4]
	chromedriver!GetHandleVerifier [0x10bd0ed+2a69ed]
	chromedriver!GetHandleVerifier [0x10de4f5+2c7df5]
	chromedriver!GetHandleVerifier [0xe41128+2aa28]
	chromedriver!GetHandleVerifier [0xe48bbd+324bd]
	chromedriver!GetHandleVerifier [0xe2fb28+19428]
	chromedriver!GetHandleVerifier [0xe2fcd5+195d5]
	chromedriver!GetHandleVerifier [0xe191cf+2acf]
	KERNEL32!BaseThreadInitThunk [0x75765d49+19]
	ntdll!RtlInitializeExceptionChain [0x77abd83b+6b]
	ntdll!RtlGetAppContainerNamedObjectPath [0x77abd7c1+231]

[Exception occurred while collecting links from naver] Message: no such window: target window already closed
from unknown error: web view not found
  (Session info: chrome=148.0.7778.168)
Stacktrace:
	chromedriver!GetHandleVerifier [0xe27123+10a23]
	chromedriver!GetHandleVerifier [0xe27254+10b54]
	chromedriver!(No symbol) [0xc41e90]
	chromedriver!(No symbol) [0xc20923]
	chromedriver!(No symbol) [0xcb3afb]
	chromedriver!(No symbol) [0xcca2a9]
	chromedriver!(No symbol) [0xcad526]
	chromedriver!(No symbol) [0xc808f9]
	chromedriver!(No symbol) [0xc816b4]
	chromedriver!GetHandleVerifier [0x10c1ac4+2ab3c4]
	chromedriver!GetHandleVerifier [0x10bd0ed+2a69ed]
	chromedriver!GetHandleVerifier [0x10de4f5+2c7df5]
	chromedriver!GetHandleVerifier [0xe41128+2aa28]
	chromedriver!GetHandleVerifier [0xe48bbd+324bd]
	chromedriver!GetHandleVerifier [0xe2fb28+19428]
	chromedriver!GetHandleVerifier [0xe2fcd5+195d5]
	chromedriver!GetHandleVerifier [0xe191cf+2acf]
	KERNEL32!BaseThreadInitThunk [0x75765d49+19]
	ntdll!RtlInitializeExceptionChain [0x77abd83b+6b]
	ntdll!RtlGetAppContainerNamedObjectPath [0x77abd7c1+231]

[Exception occurred while collecting links from naver] Message: no such window: target window already closed
from unknown error: web view not found
  (Session info: chrome=148.0.7778.168)
Stacktrace:
	chromedriver!GetHandleVerifier [0xe27123+10a23]
	chromedriver!GetHandleVerifier [0xe27254+10b54]
	chromedriver!(No symbol) [0xc41e90]
	chromedriver!(No symbol) [0xc20923]
	chromedriver!(No symbol) [0xcb3afb]
	chromedriver!(No symbol) [0xcca2a9]
	chromedriver!(No symbol) [0xcad526]
	chromedriver!(No symbol) [0xc808f9]
	chromedriver!(No symbol) [0xc816b4]
	chromedriver!GetHandleVerifier [0x10c1ac4+2ab3c4]
	chromedriver!GetHandleVerifier [0x10bd0ed+2a69ed]
	chromedriver!GetHandleVerifier [0x10de4f5+2c7df5]
	chromedriver!GetHandleVerifier [0xe41128+2aa28]
	chromedriver!GetHandleVerifier [0xe48bbd+324bd]
	chromedriver!GetHandleVerifier [0xe2fb28+19428]
	chromedriver!GetHandleVerifier [0xe2fcd5+195d5]
	chromedriver!GetHandleVerifier [0xe191cf+2acf]
	KERNEL32!BaseThreadInitThunk [0x75765d49+19]
	ntdll!RtlInitializeExceptionChain [0x77abd83b+6b]
	ntdll!RtlGetAppContainerNamedObjectPath [0x77abd7c1+231]

[Exception occurred while collecting links from naver] Message: no such window: target window already closed
from unknown error: web view not found
  (Session info: chrome=148.0.7778.168)
Stacktrace:
	chromedriver!GetHandleVerifier [0xe27123+10a23]
	chromedriver!GetHandleVerifier [0xe27254+10b54]
	chromedriver!(No symbol) [0xc41e90]
	chromedriver!(No symbol) [0xc20923]
	chromedriver!(No symbol) [0xcb3afb]
	chromedriver!(No symbol) [0xcca2a9]
	chromedriver!(No symbol) [0xcad526]
	chromedriver!(No symbol) [0xc808f9]
	chromedriver!(No symbol) [0xc816b4]
	chromedriver!GetHandleVerifier [0x10c1ac4+2ab3c4]
	chromedriver!GetHandleVerifier [0x10bd0ed+2a69ed]
	chromedriver!GetHandleVerifier [0x10de4f5+2c7df5]
	chromedriver!GetHandleVerifier [0xe41128+2aa28]
	chromedriver!GetHandleVerifier [0xe48bbd+324bd]
	chromedriver!GetHandleVerifier [0xe2fb28+19428]
	chromedriver!GetHandleVerifier [0xe2fcd5+195d5]
	chromedriver!GetHandleVerifier [0xe191cf+2acf]
	KERNEL32!BaseThreadInitThunk [0x75765d49+19]
	ntdll!RtlInitializeExceptionChain [0x77abd83b+6b]
	ntdll!RtlGetAppContainerNamedObjectPath [0x77abd7c1+231]

[Exception occurred while collecting links from naver] Message: no such window: target window already closed
from unknown error: web view not found
  (Session info: chrome=148.0.7778.168)
Stacktrace:
	chromedriver!GetHandleVerifier [0xe27123+10a23]
	chromedriver!GetHandleVerifier [0xe27254+10b54]
	chromedriver!(No symbol) [0xc41e90]
	chromedriver!(No symbol) [0xc20923]
	chromedriver!(No symbol) [0xcb3afb]
	chromedriver!(No symbol) [0xcca2a9]
	chromedriver!(No symbol) [0xcad526]
	chromedriver!(No symbol) [0xc808f9]
	chromedriver!(No symbol) [0xc816b4]
	chromedriver!GetHandleVerifier [0x10c1ac4+2ab3c4]
	chromedriver!GetHandleVerifier [0x10bd0ed+2a69ed]
	chromedriver!GetHandleVerifier [0x10de4f5+2c7df5]
	chromedriver!GetHandleVerifier [0xe41128+2aa28]
	chromedriver!GetHandleVerifier [0xe48bbd+324bd]
	chromedriver!GetHandleVerifier [0xe2fb28+19428]
	chromedriver!GetHandleVerifier [0xe2fcd5+195d5]
	chromedriver!GetHandleVerifier [0xe191cf+2acf]
	KERNEL32!BaseThreadInitThunk [0x75765d49+19]
	ntdll!RtlInitializeExceptionChain [0x77abd83b+6b]
	ntdll!RtlGetAppContainerNamedObjectPath [0x77abd7c1+231]

[Exception occurred while collecting links from naver] Message: no such window: target window already closed
from unknown error: web view not found
  (Session info: chrome=148.0.7778.168)
Stacktrace:
	chromedriver!GetHandleVerifier [0xe27123+10a23]
	chromedriver!GetHandleVerifier [0xe27254+10b54]
	chromedriver!(No symbol) [0xc41e90]
	chromedriver!(No symbol) [0xc20923]
	chromedriver!(No symbol) [0xcb3afb]
	chromedriver!(No symbol) [0xcca2a9]
	chromedriver!(No symbol) [0xcad526]
	chromedriver!(No symbol) [0xc808f9]
	chromedriver!(No symbol) [0xc816b4]
	chromedriver!GetHandleVerifier [0x10c1ac4+2ab3c4]
	chromedriver!GetHandleVerifier [0x10bd0ed+2a69ed]
	chromedriver!GetHandleVerifier [0x10de4f5+2c7df5]
	chromedriver!GetHandleVerifier [0xe41128+2aa28]
	chromedriver!GetHandleVerifier [0xe48bbd+324bd]
	chromedriver!GetHandleVerifier [0xe2fb28+19428]
	chromedriver!GetHandleVerifier [0xe2fcd5+195d5]
	chromedriver!GetHandleVerifier [0xe191cf+2acf]
	KERNEL32!BaseThreadInitThunk [0x75765d49+19]
	ntdll!RtlInitializeExceptionChain [0x77abd83b+6b]
	ntdll!RtlGetAppContainerNamedObjectPath [0x77abd7c1+231]

[Exception occurred while collecting links from naver] Message: no such window: target window already closed
from unknown error: web view not found
  (Session info: chrome=148.0.7778.168)
Stacktrace:
	chromedriver!GetHandleVerifier [0xe27123+10a23]
	chromedriver!GetHandleVerifier [0xe27254+10b54]
	chromedriver!(No symbol) [0xc41e90]
	chromedriver!(No symbol) [0xc20923]
	chromedriver!(No symbol) [0xcb3afb]
	chromedriver!(No symbol) [0xcca2a9]
	chromedriver!(No symbol) [0xcad526]
	chromedriver!(No symbol) [0xc808f9]
	chromedriver!(No symbol) [0xc816b4]
	chromedriver!GetHandleVerifier [0x10c1ac4+2ab3c4]
	chromedriver!GetHandleVerifier [0x10bd0ed+2a69ed]
	chromedriver!GetHandleVerifier [0x10de4f5+2c7df5]
	chromedriver!GetHandleVerifier [0xe41128+2aa28]
	chromedriver!GetHandleVerifier [0xe48bbd+324bd]
	chromedriver!GetHandleVerifier [0xe2fb28+19428]
	chromedriver!GetHandleVerifier [0xe2fcd5+195d5]
	chromedriver!GetHandleVerifier [0xe191cf+2acf]
	KERNEL32!BaseThreadInitThunk [0x75765d49+19]
	ntdll!RtlInitializeExceptionChain [0x77abd83b+6b]
	ntdll!RtlGetAppContainerNamedObjectPath [0x77abd7c1+231]

[Exception occurred while collecting links from naver] Message: no such window: target window already closed
from unknown error: web view not found
  (Session info: chrome=148.0.7778.168)
Stacktrace:
	chromedriver!GetHandleVerifier [0xe27123+10a23]
	chromedriver!GetHandleVerifier [0xe27254+10b54]
	chromedriver!(No symbol) [0xc41e90]
	chromedriver!(No symbol) [0xc20923]
	chromedriver!(No symbol) [0xcb3afb]
	chromedriver!(No symbol) [0xcca2a9]
	chromedriver!(No symbol) [0xcad526]
	chromedriver!(No symbol) [0xc808f9]
	chromedriver!(No symbol) [0xc816b4]
	chromedriver!GetHandleVerifier [0x10c1ac4+2ab3c4]
	chromedriver!GetHandleVerifier [0x10bd0ed+2a69ed]
	chromedriver!GetHandleVerifier [0x10de4f5+2c7df5]
	chromedriver!GetHandleVerifier [0xe41128+2aa28]
	chromedriver!GetHandleVerifier [0xe48bbd+324bd]
	chromedriver!GetHandleVerifier [0xe2fb28+19428]
	chromedriver!GetHandleVerifier [0xe2fcd5+195d5]
	chromedriver!GetHandleVerifier [0xe191cf+2acf]
	KERNEL32!BaseThreadInitThunk [0x75765d49+19]
	ntdll!RtlInitializeExceptionChain [0x77abd83b+6b]
	ntdll!RtlGetAppContainerNamedObjectPath [0x77abd7c1+231]

[Exception occurred while collecting links from naver] Message: no such window: target window already closed
from unknown error: web view not found
  (Session info: chrome=148.0.7778.168)
Stacktrace:
	chromedriver!GetHandleVerifier [0xe27123+10a23]
	chromedriver!GetHandleVerifier [0xe27254+10b54]
	chromedriver!(No symbol) [0xc41e90]
	chromedriver!(No symbol) [0xc20923]
	chromedriver!(No symbol) [0xcb3afb]
	chromedriver!(No symbol) [0xcca2a9]
	chromedriver!(No symbol) [0xcad526]
	chromedriver!(No symbol) [0xc808f9]
	chromedriver!(No symbol) [0xc816b4]
	chromedriver!GetHandleVerifier [0x10c1ac4+2ab3c4]
	chromedriver!GetHandleVerifier [0x10bd0ed+2a69ed]
	chromedriver!GetHandleVerifier [0x10de4f5+2c7df5]
	chromedriver!GetHandleVerifier [0xe41128+2aa28]
	chromedriver!GetHandleVerifier [0xe48bbd+324bd]
	chromedriver!GetHandleVerifier [0xe2fb28+19428]
	chromedriver!GetHandleVerifier [0xe2fcd5+195d5]
	chromedriver!GetHandleVerifier [0xe191cf+2acf]
	KERNEL32!BaseThreadInitThunk [0x75765d49+19]
	ntdll!RtlInitializeExceptionChain [0x77abd83b+6b]
	ntdll!RtlGetAppContainerNamedObjectPath [0x77abd7c1+231]

[Exception occurred while collecting links from naver] Message: no such window: target window already closed
from unknown error: web view not found
  (Session info: chrome=148.0.7778.168)
Stacktrace:
	chromedriver!GetHandleVerifier [0xe27123+10a23]
	chromedriver!GetHandleVerifier [0xe27254+10b54]
	chromedriver!(No symbol) [0xc41e90]
	chromedriver!(No symbol) [0xc20923]
	chromedriver!(No symbol) [0xcb3afb]
	chromedriver!(No symbol) [0xcca2a9]
	chromedriver!(No symbol) [0xcad526]
	chromedriver!(No symbol) [0xc808f9]
	chromedriver!(No symbol) [0xc816b4]
	chromedriver!GetHandleVerifier [0x10c1ac4+2ab3c4]
	chromedriver!GetHandleVerifier [0x10bd0ed+2a69ed]
	chromedriver!GetHandleVerifier [0x10de4f5+2c7df5]
	chromedriver!GetHandleVerifier [0xe41128+2aa28]
	chromedriver!GetHandleVerifier [0xe48bbd+324bd]
	chromedriver!GetHandleVerifier [0xe2fb28+19428]
	chromedriver!GetHandleVerifier [0xe2fcd5+195d5]
	chromedriver!GetHandleVerifier [0xe191cf+2acf]
	KERNEL32!BaseThreadInitThunk [0x75765d49+19]
	ntdll!RtlInitializeExceptionChain [0x77abd83b+6b]
	ntdll!RtlGetAppContainerNamedObjectPath [0x77abd7c1+231]

[Exception occurred while collecting links from naver] Message: no such window: target window already closed
from unknown error: web view not found
  (Session info: chrome=148.0.7778.168)
Stacktrace:
	chromedriver!GetHandleVerifier [0xe27123+10a23]
	chromedriver!GetHandleVerifier [0xe27254+10b54]
	chromedriver!(No symbol) [0xc41e90]
	chromedriver!(No symbol) [0xc20923]
	chromedriver!(No symbol) [0xcb3afb]
	chromedriver!(No symbol) [0xcca2a9]
	chromedriver!(No symbol) [0xcad526]
	chromedriver!(No symbol) [0xc808f9]
	chromedriver!(No symbol) [0xc816b4]
	chromedriver!GetHandleVerifier [0x10c1ac4+2ab3c4]
	chromedriver!GetHandleVerifier [0x10bd0ed+2a69ed]
	chromedriver!GetHandleVerifier [0x10de4f5+2c7df5]
	chromedriver!GetHandleVerifier [0xe41128+2aa28]
	chromedriver!GetHandleVerifier [0xe48bbd+324bd]
	chromedriver!GetHandleVerifier [0xe2fb28+19428]
	chromedriver!GetHandleVerifier [0xe2fcd5+195d5]
	chromedriver!GetHandleVerifier [0xe191cf+2acf]
	KERNEL32!BaseThreadInitThunk [0x75765d49+19]
	ntdll!RtlInitializeExceptionChain [0x77abd83b+6b]
	ntdll!RtlGetAppContainerNamedObjectPath [0x77abd7c1+231]

[Exception occurred while collecting links from naver] Message: no such window: target window already closed
from unknown error: web view not found
  (Session info: chrome=148.0.7778.168)
Stacktrace:
	chromedriver!GetHandleVerifier [0xe27123+10a23]
	chromedriver!GetHandleVerifier [0xe27254+10b54]
	chromedriver!(No symbol) [0xc41e90]
	chromedriver!(No symbol) [0xc20923]
	chromedriver!(No symbol) [0xcb3afb]
	chromedriver!(No symbol) [0xcca2a9]
	chromedriver!(No symbol) [0xcad526]
	chromedriver!(No symbol) [0xc808f9]
	chromedriver!(No symbol) [0xc816b4]
	chromedriver!GetHandleVerifier [0x10c1ac4+2ab3c4]
	chromedriver!GetHandleVerifier [0x10bd0ed+2a69ed]
	chromedriver!GetHandleVerifier [0x10de4f5+2c7df5]
	chromedriver!GetHandleVerifier [0xe41128+2aa28]
	chromedriver!GetHandleVerifier [0xe48bbd+324bd]
	chromedriver!GetHandleVerifier [0xe2fb28+19428]
	chromedriver!GetHandleVerifier [0xe2fcd5+195d5]
	chromedriver!GetHandleVerifier [0xe191cf+2acf]
	KERNEL32!BaseThreadInitThunk [0x75765d49+19]
	ntdll!RtlInitializeExceptionChain [0x77abd83b+6b]
	ntdll!RtlGetAppContainerNamedObjectPath [0x77abd7c1+231]

[Exception occurred while collecting links from naver] Message: no such window: target window already closed
from unknown error: web view not found
  (Session info: chrome=148.0.7778.168)
Stacktrace:
	chromedriver!GetHandleVerifier [0xe27123+10a23]
	chromedriver!GetHandleVerifier [0xe27254+10b54]
	chromedriver!(No symbol) [0xc41e90]
	chromedriver!(No symbol) [0xc20923]
	chromedriver!(No symbol) [0xcb3afb]
	chromedriver!(No symbol) [0xcca2a9]
	chromedriver!(No symbol) [0xcad526]
	chromedriver!(No symbol) [0xc808f9]
	chromedriver!(No symbol) [0xc816b4]
	chromedriver!GetHandleVerifier [0x10c1ac4+2ab3c4]
	chromedriver!GetHandleVerifier [0x10bd0ed+2a69ed]
	chromedriver!GetHandleVerifier [0x10de4f5+2c7df5]
	chromedriver!GetHandleVerifier [0xe41128+2aa28]
	chromedriver!GetHandleVerifier [0xe48bbd+324bd]
	chromedriver!GetHandleVerifier [0xe2fb28+19428]
	chromedriver!GetHandleVerifier [0xe2fcd5+195d5]
	chromedriver!GetHandleVerifier [0xe191cf+2acf]
	KERNEL32!BaseThreadInitThunk [0x75765d49+19]
	ntdll!RtlInitializeExceptionChain [0x77abd83b+6b]
	ntdll!RtlGetAppContainerNamedObjectPath [0x77abd7c1+231]

[Exception occurred while collecting links from naver] Message: no such window: target window already closed
from unknown error: web view not found
  (Session info: chrome=148.0.7778.168)
Stacktrace:
	chromedriver!GetHandleVerifier [0xe27123+10a23]
	chromedriver!GetHandleVerifier [0xe27254+10b54]
	chromedriver!(No symbol) [0xc41e90]
	chromedriver!(No symbol) [0xc20923]
	chromedriver!(No symbol) [0xcb3afb]
	chromedriver!(No symbol) [0xcca2a9]
	chromedriver!(No symbol) [0xcad526]
	chromedriver!(No symbol) [0xc808f9]
	chromedriver!(No symbol) [0xc816b4]
	chromedriver!GetHandleVerifier [0x10c1ac4+2ab3c4]
	chromedriver!GetHandleVerifier [0x10bd0ed+2a69ed]
	chromedriver!GetHandleVerifier [0x10de4f5+2c7df5]
	chromedriver!GetHandleVerifier [0xe41128+2aa28]
	chromedriver!GetHandleVerifier [0xe48bbd+324bd]
	chromedriver!GetHandleVerifier [0xe2fb28+19428]
	chromedriver!GetHandleVerifier [0xe2fcd5+195d5]
	chromedriver!GetHandleVerifier [0xe191cf+2acf]
	KERNEL32!BaseThreadInitThunk [0x75765d49+19]
	ntdll!RtlInitializeExceptionChain [0x77abd83b+6b]
	ntdll!RtlGetAppContainerNamedObjectPath [0x77abd7c1+231]

[Exception occurred while collecting links from naver] Message: no such window: target window already closed
from unknown error: web view not found
  (Session info: chrome=148.0.7778.168)
Stacktrace:
	chromedriver!GetHandleVerifier [0xe27123+10a23]
	chromedriver!GetHandleVerifier [0xe27254+10b54]
	chromedriver!(No symbol) [0xc41e90]
	chromedriver!(No symbol) [0xc20923]
	chromedriver!(No symbol) [0xcb3afb]
	chromedriver!(No symbol) [0xcca2a9]
	chromedriver!(No symbol) [0xcad526]
	chromedriver!(No symbol) [0xc808f9]
	chromedriver!(No symbol) [0xc816b4]
	chromedriver!GetHandleVerifier [0x10c1ac4+2ab3c4]
	chromedriver!GetHandleVerifier [0x10bd0ed+2a69ed]
	chromedriver!GetHandleVerifier [0x10de4f5+2c7df5]
	chromedriver!GetHandleVerifier [0xe41128+2aa28]
	chromedriver!GetHandleVerifier [0xe48bbd+324bd]
	chromedriver!GetHandleVerifier [0xe2fb28+19428]
	chromedriver!GetHandleVerifier [0xe2fcd5+195d5]
	chromedriver!GetHandleVerifier [0xe191cf+2acf]
	KERNEL32!BaseThreadInitThunk [0x75765d49+19]
	ntdll!RtlInitializeExceptionChain [0x77abd83b+6b]
	ntdll!RtlGetAppContainerNamedObjectPath [0x77abd7c1+231]

[Exception occurred while collecting links from naver] Message: no such window: target window already closed
from unknown error: web view not found
  (Session info: chrome=148.0.7778.168)
Stacktrace:
	chromedriver!GetHandleVerifier [0xe27123+10a23]
	chromedriver!GetHandleVerifier [0xe27254+10b54]
	chromedriver!(No symbol) [0xc41e90]
	chromedriver!(No symbol) [0xc20923]
	chromedriver!(No symbol) [0xcb3afb]
	chromedriver!(No symbol) [0xcca2a9]
	chromedriver!(No symbol) [0xcad526]
	chromedriver!(No symbol) [0xc808f9]
	chromedriver!(No symbol) [0xc816b4]
	chromedriver!GetHandleVerifier [0x10c1ac4+2ab3c4]
	chromedriver!GetHandleVerifier [0x10bd0ed+2a69ed]
	chromedriver!GetHandleVerifier [0x10de4f5+2c7df5]
	chromedriver!GetHandleVerifier [0xe41128+2aa28]
	chromedriver!GetHandleVerifier [0xe48bbd+324bd]
	chromedriver!GetHandleVerifier [0xe2fb28+19428]
	chromedriver!GetHandleVerifier [0xe2fcd5+195d5]
	chromedriver!GetHandleVerifier [0xe191cf+2acf]
	KERNEL32!BaseThreadInitThunk [0x75765d49+19]
	ntdll!RtlInitializeExceptionChain [0x77abd83b+6b]
	ntdll!RtlGetAppContainerNamedObjectPath [0x77abd7c1+231]

[Exception occurred while collecting links from naver] Message: no such window: target window already closed
from unknown error: web view not found
  (Session info: chrome=148.0.7778.168)
Stacktrace:
	chromedriver!GetHandleVerifier [0xe27123+10a23]
	chromedriver!GetHandleVerifier [0xe27254+10b54]
	chromedriver!(No symbol) [0xc41e90]
	chromedriver!(No symbol) [0xc20923]
	chromedriver!(No symbol) [0xcb3afb]
	chromedriver!(No symbol) [0xcca2a9]
	chromedriver!(No symbol) [0xcad526]
	chromedriver!(No symbol) [0xc808f9]
	chromedriver!(No symbol) [0xc816b4]
	chromedriver!GetHandleVerifier [0x10c1ac4+2ab3c4]
	chromedriver!GetHandleVerifier [0x10bd0ed+2a69ed]
	chromedriver!GetHandleVerifier [0x10de4f5+2c7df5]
	chromedriver!GetHandleVerifier [0xe41128+2aa28]
	chromedriver!GetHandleVerifier [0xe48bbd+324bd]
	chromedriver!GetHandleVerifier [0xe2fb28+19428]
	chromedriver!GetHandleVerifier [0xe2fcd5+195d5]
	chromedriver!GetHandleVerifier [0xe191cf+2acf]
	KERNEL32!BaseThreadInitThunk [0x75765d49+19]
	ntdll!RtlInitializeExceptionChain [0x77abd83b+6b]
	ntdll!RtlGetAppContainerNamedObjectPath [0x77abd7c1+231]

[Exception occurred while collecting links from naver] Message: no such window: target window already closed
from unknown error: web view not found
  (Session info: chrome=148.0.7778.168)
Stacktrace:
	chromedriver!GetHandleVerifier [0xe27123+10a23]
	chromedriver!GetHandleVerifier [0xe27254+10b54]
	chromedriver!(No symbol) [0xc41e90]
	chromedriver!(No symbol) [0xc20923]
	chromedriver!(No symbol) [0xcb3afb]
	chromedriver!(No symbol) [0xcca2a9]
	chromedriver!(No symbol) [0xcad526]
	chromedriver!(No symbol) [0xc808f9]
	chromedriver!(No symbol) [0xc816b4]
	chromedriver!GetHandleVerifier [0x10c1ac4+2ab3c4]
	chromedriver!GetHandleVerifier [0x10bd0ed+2a69ed]
	chromedriver!GetHandleVerifier [0x10de4f5+2c7df5]
	chromedriver!GetHandleVerifier [0xe41128+2aa28]
	chromedriver!GetHandleVerifier [0xe48bbd+324bd]
	chromedriver!GetHandleVerifier [0xe2fb28+19428]
	chromedriver!GetHandleVerifier [0xe2fcd5+195d5]
	chromedriver!GetHandleVerifier [0xe191cf+2acf]
	KERNEL32!BaseThreadInitThunk [0x75765d49+19]
	ntdll!RtlInitializeExceptionChain [0x77abd83b+6b]
	ntdll!RtlGetAppContainerNamedObjectPath [0x77abd7c1+231]

[Exception occurred while collecting links from naver] Message: no such window: target window already closed
from unknown error: web view not found
  (Session info: chrome=148.0.7778.168)
Stacktrace:
	chromedriver!GetHandleVerifier [0xe27123+10a23]
	chromedriver!GetHandleVerifier [0xe27254+10b54]
	chromedriver!(No symbol) [0xc41e90]
	chromedriver!(No symbol) [0xc20923]
	chromedriver!(No symbol) [0xcb3afb]
	chromedriver!(No symbol) [0xcca2a9]
	chromedriver!(No symbol) [0xcad526]
	chromedriver!(No symbol) [0xc808f9]
	chromedriver!(No symbol) [0xc816b4]
	chromedriver!GetHandleVerifier [0x10c1ac4+2ab3c4]
	chromedriver!GetHandleVerifier [0x10bd0ed+2a69ed]
	chromedriver!GetHandleVerifier [0x10de4f5+2c7df5]
	chromedriver!GetHandleVerifier [0xe41128+2aa28]
	chromedriver!GetHandleVerifier [0xe48bbd+324bd]
	chromedriver!GetHandleVerifier [0xe2fb28+19428]
	chromedriver!GetHandleVerifier [0xe2fcd5+195d5]
	chromedriver!GetHandleVerifier [0xe191cf+2acf]
	KERNEL32!BaseThreadInitThunk [0x75765d49+19]
	ntdll!RtlInitializeExceptionChain [0x77abd83b+6b]
	ntdll!RtlGetAppContainerNamedObjectPath [0x77abd7c1+231]

[Exception occurred while collecting links from naver] Message: no such window: target window already closed
from unknown error: web view not found
  (Session info: chrome=148.0.7778.168)
Stacktrace:
	chromedriver!GetHandleVerifier [0xe27123+10a23]
	chromedriver!GetHandleVerifier [0xe27254+10b54]
	chromedriver!(No symbol) [0xc41e90]
	chromedriver!(No symbol) [0xc20923]
	chromedriver!(No symbol) [0xcb3afb]
	chromedriver!(No symbol) [0xcca2a9]
	chromedriver!(No symbol) [0xcad526]
	chromedriver!(No symbol) [0xc808f9]
	chromedriver!(No symbol) [0xc816b4]
	chromedriver!GetHandleVerifier [0x10c1ac4+2ab3c4]
	chromedriver!GetHandleVerifier [0x10bd0ed+2a69ed]
	chromedriver!GetHandleVerifier [0x10de4f5+2c7df5]
	chromedriver!GetHandleVerifier [0xe41128+2aa28]
	chromedriver!GetHandleVerifier [0xe48bbd+324bd]
	chromedriver!GetHandleVerifier [0xe2fb28+19428]
	chromedriver!GetHandleVerifier [0xe2fcd5+195d5]
	chromedriver!GetHandleVerifier [0xe191cf+2acf]
	KERNEL32!BaseThreadInitThunk [0x75765d49+19]
	ntdll!RtlInitializeExceptionChain [0x77abd83b+6b]
	ntdll!RtlGetAppContainerNamedObjectPath [0x77abd7c1+231]

[Exception occurred while collecting links from naver] Message: no such window: target window already closed
from unknown error: web view not found
  (Session info: chrome=148.0.7778.168)
Stacktrace:
	chromedriver!GetHandleVerifier [0xe27123+10a23]
	chromedriver!GetHandleVerifier [0xe27254+10b54]
	chromedriver!(No symbol) [0xc41e90]
	chromedriver!(No symbol) [0xc20923]
	chromedriver!(No symbol) [0xcb3afb]
	chromedriver!(No symbol) [0xcca2a9]
	chromedriver!(No symbol) [0xcad526]
	chromedriver!(No symbol) [0xc808f9]
	chromedriver!(No symbol) [0xc816b4]
	chromedriver!GetHandleVerifier [0x10c1ac4+2ab3c4]
	chromedriver!GetHandleVerifier [0x10bd0ed+2a69ed]
	chromedriver!GetHandleVerifier [0x10de4f5+2c7df5]
	chromedriver!GetHandleVerifier [0xe41128+2aa28]
	chromedriver!GetHandleVerifier [0xe48bbd+324bd]
	chromedriver!GetHandleVerifier [0xe2fb28+19428]
	chromedriver!GetHandleVerifier [0xe2fcd5+195d5]
	chromedriver!GetHandleVerifier [0xe191cf+2acf]
	KERNEL32!BaseThreadInitThunk [0x75765d49+19]
	ntdll!RtlInitializeExceptionChain [0x77abd83b+6b]
	ntdll!RtlGetAppContainerNamedObjectPath [0x77abd7c1+231]

[Exception occurred while collecting links from naver] Message: no such window: target window already closed
from unknown error: web view not found
  (Session info: chrome=148.0.7778.168)
Stacktrace:
	chromedriver!GetHandleVerifier [0xe27123+10a23]
	chromedriver!GetHandleVerifier [0xe27254+10b54]
	chromedriver!(No symbol) [0xc41e90]
	chromedriver!(No symbol) [0xc20923]
	chromedriver!(No symbol) [0xcb3afb]
	chromedriver!(No symbol) [0xcca2a9]
	chromedriver!(No symbol) [0xcad526]
	chromedriver!(No symbol) [0xc808f9]
	chromedriver!(No symbol) [0xc816b4]
	chromedriver!GetHandleVerifier [0x10c1ac4+2ab3c4]
	chromedriver!GetHandleVerifier [0x10bd0ed+2a69ed]
	chromedriver!GetHandleVerifier [0x10de4f5+2c7df5]
	chromedriver!GetHandleVerifier [0xe41128+2aa28]
	chromedriver!GetHandleVerifier [0xe48bbd+324bd]
	chromedriver!GetHandleVerifier [0xe2fb28+19428]
	chromedriver!GetHandleVerifier [0xe2fcd5+195d5]
	chromedriver!GetHandleVerifier [0xe191cf+2acf]
	KERNEL32!BaseThreadInitThunk [0x75765d49+19]
	ntdll!RtlInitializeExceptionChain [0x77abd83b+6b]
	ntdll!RtlGetAppContainerNamedObjectPath [0x77abd7c1+231]

[Exception occurred while collecting links from naver] Message: no such window: target window already closed
from unknown error: web view not found
  (Session info: chrome=148.0.7778.168)
Stacktrace:
	chromedriver!GetHandleVerifier [0xe27123+10a23]
	chromedriver!GetHandleVerifier [0xe27254+10b54]
	chromedriver!(No symbol) [0xc41e90]
	chromedriver!(No symbol) [0xc20923]
	chromedriver!(No symbol) [0xcb3afb]
	chromedriver!(No symbol) [0xcca2a9]
	chromedriver!(No symbol) [0xcad526]
	chromedriver!(No symbol) [0xc808f9]
	chromedriver!(No symbol) [0xc816b4]
	chromedriver!GetHandleVerifier [0x10c1ac4+2ab3c4]
	chromedriver!GetHandleVerifier [0x10bd0ed+2a69ed]
	chromedriver!GetHandleVerifier [0x10de4f5+2c7df5]
	chromedriver!GetHandleVerifier [0xe41128+2aa28]
	chromedriver!GetHandleVerifier [0xe48bbd+324bd]
	chromedriver!GetHandleVerifier [0xe2fb28+19428]
	chromedriver!GetHandleVerifier [0xe2fcd5+195d5]
	chromedriver!GetHandleVerifier [0xe191cf+2acf]
	KERNEL32!BaseThreadInitThunk [0x75765d49+19]
	ntdll!RtlInitializeExceptionChain [0x77abd83b+6b]
	ntdll!RtlGetAppContainerNamedObjectPath [0x77abd7c1+231]

[Exception occurred while collecting links from naver] Message: no such window: target window already closed
from unknown error: web view not found
  (Session info: chrome=148.0.7778.168)
Stacktrace:
	chromedriver!GetHandleVerifier [0xe27123+10a23]
	chromedriver!GetHandleVerifier [0xe27254+10b54]
	chromedriver!(No symbol) [0xc41e90]
	chromedriver!(No symbol) [0xc20923]
	chromedriver!(No symbol) [0xcb3afb]
	chromedriver!(No symbol) [0xcca2a9]
	chromedriver!(No symbol) [0xcad526]
	chromedriver!(No symbol) [0xc808f9]
	chromedriver!(No symbol) [0xc816b4]
	chromedriver!GetHandleVerifier [0x10c1ac4+2ab3c4]
	chromedriver!GetHandleVerifier [0x10bd0ed+2a69ed]
	chromedriver!GetHandleVerifier [0x10de4f5+2c7df5]
	chromedriver!GetHandleVerifier [0xe41128+2aa28]
	chromedriver!GetHandleVerifier [0xe48bbd+324bd]
	chromedriver!GetHandleVerifier [0xe2fb28+19428]
	chromedriver!GetHandleVerifier [0xe2fcd5+195d5]
	chromedriver!GetHandleVerifier [0xe191cf+2acf]
	KERNEL32!BaseThreadInitThunk [0x75765d49+19]
	ntdll!RtlInitializeExceptionChain [0x77abd83b+6b]
	ntdll!RtlGetAppContainerNamedObjectPath [0x77abd7c1+231]

[Exception occurred while collecting links from naver] Message: no such window: target window already closed
from unknown error: web view not found
  (Session info: chrome=148.0.7778.168)
Stacktrace:
	chromedriver!GetHandleVerifier [0xe27123+10a23]
	chromedriver!GetHandleVerifier [0xe27254+10b54]
	chromedriver!(No symbol) [0xc41e90]
	chromedriver!(No symbol) [0xc20923]
	chromedriver!(No symbol) [0xcb3afb]
	chromedriver!(No symbol) [0xcca2a9]
	chromedriver!(No symbol) [0xcad526]
	chromedriver!(No symbol) [0xc808f9]
	chromedriver!(No symbol) [0xc816b4]
	chromedriver!GetHandleVerifier [0x10c1ac4+2ab3c4]
	chromedriver!GetHandleVerifier [0x10bd0ed+2a69ed]
	chromedriver!GetHandleVerifier [0x10de4f5+2c7df5]
	chromedriver!GetHandleVerifier [0xe41128+2aa28]
	chromedriver!GetHandleVerifier [0xe48bbd+324bd]
	chromedriver!GetHandleVerifier [0xe2fb28+19428]
	chromedriver!GetHandleVerifier [0xe2fcd5+195d5]
	chromedriver!GetHandleVerifier [0xe191cf+2acf]
	KERNEL32!BaseThreadInitThunk [0x75765d49+19]
	ntdll!RtlInitializeExceptionChain [0x77abd83b+6b]
	ntdll!RtlGetAppContainerNamedObjectPath [0x77abd7c1+231]

[Exception occurred while collecting links from naver] Message: no such window: target window already closed
from unknown error: web view not found
  (Session info: chrome=148.0.7778.168)
Stacktrace:
	chromedriver!GetHandleVerifier [0xe27123+10a23]
	chromedriver!GetHandleVerifier [0xe27254+10b54]
	chromedriver!(No symbol) [0xc41e90]
	chromedriver!(No symbol) [0xc20923]
	chromedriver!(No symbol) [0xcb3afb]
	chromedriver!(No symbol) [0xcca2a9]
	chromedriver!(No symbol) [0xcad526]
	chromedriver!(No symbol) [0xc808f9]
	chromedriver!(No symbol) [0xc816b4]
	chromedriver!GetHandleVerifier [0x10c1ac4+2ab3c4]
	chromedriver!GetHandleVerifier [0x10bd0ed+2a69ed]
	chromedriver!GetHandleVerifier [0x10de4f5+2c7df5]
	chromedriver!GetHandleVerifier [0xe41128+2aa28]
	chromedriver!GetHandleVerifier [0xe48bbd+324bd]
	chromedriver!GetHandleVerifier [0xe2fb28+19428]
	chromedriver!GetHandleVerifier [0xe2fcd5+195d5]
	chromedriver!GetHandleVerifier [0xe191cf+2acf]
	KERNEL32!BaseThreadInitThunk [0x75765d49+19]
	ntdll!RtlInitializeExceptionChain [0x77abd83b+6b]
	ntdll!RtlGetAppContainerNamedObjectPath [0x77abd7c1+231]

[Exception occurred while collecting links from naver] Message: no such window: target window already closed
from unknown error: web view not found
  (Session info: chrome=148.0.7778.168)
Stacktrace:
	chromedriver!GetHandleVerifier [0xe27123+10a23]
	chromedriver!GetHandleVerifier [0xe27254+10b54]
	chromedriver!(No symbol) [0xc41e90]
	chromedriver!(No symbol) [0xc20923]
	chromedriver!(No symbol) [0xcb3afb]
	chromedriver!(No symbol) [0xcca2a9]
	chromedriver!(No symbol) [0xcad526]
	chromedriver!(No symbol) [0xc808f9]
	chromedriver!(No symbol) [0xc816b4]
	chromedriver!GetHandleVerifier [0x10c1ac4+2ab3c4]
	chromedriver!GetHandleVerifier [0x10bd0ed+2a69ed]
	chromedriver!GetHandleVerifier [0x10de4f5+2c7df5]
	chromedriver!GetHandleVerifier [0xe41128+2aa28]
	chromedriver!GetHandleVerifier [0xe48bbd+324bd]
	chromedriver!GetHandleVerifier [0xe2fb28+19428]
	chromedriver!GetHandleVerifier [0xe2fcd5+195d5]
	chromedriver!GetHandleVerifier [0xe191cf+2acf]
	KERNEL32!BaseThreadInitThunk [0x75765d49+19]
	ntdll!RtlInitializeExceptionChain [0x77abd83b+6b]
	ntdll!RtlGetAppContainerNamedObjectPath [0x77abd7c1+231]

[Exception occurred while collecting links from naver] Message: no such window: target window already closed
from unknown error: web view not found
  (Session info: chrome=148.0.7778.168)
Stacktrace:
	chromedriver!GetHandleVerifier [0xe27123+10a23]
	chromedriver!GetHandleVerifier [0xe27254+10b54]
	chromedriver!(No symbol) [0xc41e90]
	chromedriver!(No symbol) [0xc20923]
	chromedriver!(No symbol) [0xcb3afb]
	chromedriver!(No symbol) [0xcca2a9]
	chromedriver!(No symbol) [0xcad526]
	chromedriver!(No symbol) [0xc808f9]
	chromedriver!(No symbol) [0xc816b4]
	chromedriver!GetHandleVerifier [0x10c1ac4+2ab3c4]
	chromedriver!GetHandleVerifier [0x10bd0ed+2a69ed]
	chromedriver!GetHandleVerifier [0x10de4f5+2c7df5]
	chromedriver!GetHandleVerifier [0xe41128+2aa28]
	chromedriver!GetHandleVerifier [0xe48bbd+324bd]
	chromedriver!GetHandleVerifier [0xe2fb28+19428]
	chromedriver!GetHandleVerifier [0xe2fcd5+195d5]
	chromedriver!GetHandleVerifier [0xe191cf+2acf]
	KERNEL32!BaseThreadInitThunk [0x75765d49+19]
	ntdll!RtlInitializeExceptionChain [0x77abd83b+6b]
	ntdll!RtlGetAppContainerNamedObjectPath [0x77abd7c1+231]

[Exception occurred while collecting links from naver] Message: no such window: target window already closed
from unknown error: web view not found
  (Session info: chrome=148.0.7778.168)
Stacktrace:
	chromedriver!GetHandleVerifier [0xe27123+10a23]
	chromedriver!GetHandleVerifier [0xe27254+10b54]
	chromedriver!(No symbol) [0xc41e90]
	chromedriver!(No symbol) [0xc20923]
	chromedriver!(No symbol) [0xcb3afb]
	chromedriver!(No symbol) [0xcca2a9]
	chromedriver!(No symbol) [0xcad526]
	chromedriver!(No symbol) [0xc808f9]
	chromedriver!(No symbol) [0xc816b4]
	chromedriver!GetHandleVerifier [0x10c1ac4+2ab3c4]
	chromedriver!GetHandleVerifier [0x10bd0ed+2a69ed]
	chromedriver!GetHandleVerifier [0x10de4f5+2c7df5]
	chromedriver!GetHandleVerifier [0xe41128+2aa28]
	chromedriver!GetHandleVerifier [0xe48bbd+324bd]
	chromedriver!GetHandleVerifier [0xe2fb28+19428]
	chromedriver!GetHandleVerifier [0xe2fcd5+195d5]
	chromedriver!GetHandleVerifier [0xe191cf+2acf]
	KERNEL32!BaseThreadInitThunk [0x75765d49+19]
	ntdll!RtlInitializeExceptionChain [0x77abd83b+6b]
	ntdll!RtlGetAppContainerNamedObjectPath [0x77abd7c1+231]

[Exception occurred while collecting links from naver] Message: no such window: target window already closed
from unknown error: web view not found
  (Session info: chrome=148.0.7778.168)
Stacktrace:
	chromedriver!GetHandleVerifier [0xe27123+10a23]
	chromedriver!GetHandleVerifier [0xe27254+10b54]
	chromedriver!(No symbol) [0xc41e90]
	chromedriver!(No symbol) [0xc20923]
	chromedriver!(No symbol) [0xcb3afb]
	chromedriver!(No symbol) [0xcca2a9]
	chromedriver!(No symbol) [0xcad526]
	chromedriver!(No symbol) [0xc808f9]
	chromedriver!(No symbol) [0xc816b4]
	chromedriver!GetHandleVerifier [0x10c1ac4+2ab3c4]
	chromedriver!GetHandleVerifier [0x10bd0ed+2a69ed]
	chromedriver!GetHandleVerifier [0x10de4f5+2c7df5]
	chromedriver!GetHandleVerifier [0xe41128+2aa28]
	chromedriver!GetHandleVerifier [0xe48bbd+324bd]
	chromedriver!GetHandleVerifier [0xe2fb28+19428]
	chromedriver!GetHandleVerifier [0xe2fcd5+195d5]
	chromedriver!GetHandleVerifier [0xe191cf+2acf]
	KERNEL32!BaseThreadInitThunk [0x75765d49+19]
	ntdll!RtlInitializeExceptionChain [0x77abd83b+6b]
	ntdll!RtlGetAppContainerNamedObjectPath [0x77abd7c1+231]

[Exception occurred while collecting links from naver] Message: no such window: target window already closed
from unknown error: web view not found
  (Session info: chrome=148.0.7778.168)
Stacktrace:
	chromedriver!GetHandleVerifier [0xe27123+10a23]
	chromedriver!GetHandleVerifier [0xe27254+10b54]
	chromedriver!(No symbol) [0xc41e90]
	chromedriver!(No symbol) [0xc20923]
	chromedriver!(No symbol) [0xcb3afb]
	chromedriver!(No symbol) [0xcca2a9]
	chromedriver!(No symbol) [0xcad526]
	chromedriver!(No symbol) [0xc808f9]
	chromedriver!(No symbol) [0xc816b4]
	chromedriver!GetHandleVerifier [0x10c1ac4+2ab3c4]
	chromedriver!GetHandleVerifier [0x10bd0ed+2a69ed]
	chromedriver!GetHandleVerifier [0x10de4f5+2c7df5]
	chromedriver!GetHandleVerifier [0xe41128+2aa28]
	chromedriver!GetHandleVerifier [0xe48bbd+324bd]
	chromedriver!GetHandleVerifier [0xe2fb28+19428]
	chromedriver!GetHandleVerifier [0xe2fcd5+195d5]
	chromedriver!GetHandleVerifier [0xe191cf+2acf]
	KERNEL32!BaseThreadInitThunk [0x75765d49+19]
	ntdll!RtlInitializeExceptionChain [0x77abd83b+6b]
	ntdll!RtlGetAppContainerNamedObjectPath [0x77abd7c1+231]

[Exception occurred while collecting links from naver] Message: no such window: target window already closed
from unknown error: web view not found
  (Session info: chrome=148.0.7778.168)
Stacktrace:
	chromedriver!GetHandleVerifier [0xe27123+10a23]
	chromedriver!GetHandleVerifier [0xe27254+10b54]
	chromedriver!(No symbol) [0xc41e90]
	chromedriver!(No symbol) [0xc20923]
	chromedriver!(No symbol) [0xcb3afb]
	chromedriver!(No symbol) [0xcca2a9]
	chromedriver!(No symbol) [0xcad526]
	chromedriver!(No symbol) [0xc808f9]
	chromedriver!(No symbol) [0xc816b4]
	chromedriver!GetHandleVerifier [0x10c1ac4+2ab3c4]
	chromedriver!GetHandleVerifier [0x10bd0ed+2a69ed]
	chromedriver!GetHandleVerifier [0x10de4f5+2c7df5]
	chromedriver!GetHandleVerifier [0xe41128+2aa28]
	chromedriver!GetHandleVerifier [0xe48bbd+324bd]
	chromedriver!GetHandleVerifier [0xe2fb28+19428]
	chromedriver!GetHandleVerifier [0xe2fcd5+195d5]
	chromedriver!GetHandleVerifier [0xe191cf+2acf]
	KERNEL32!BaseThreadInitThunk [0x75765d49+19]
	ntdll!RtlInitializeExceptionChain [0x77abd83b+6b]
	ntdll!RtlGetAppContainerNamedObjectPath [0x77abd7c1+231]

[Exception occurred while collecting links from naver] Message: no such window: target window already closed
from unknown error: web view not found
  (Session info: chrome=148.0.7778.168)
Stacktrace:
	chromedriver!GetHandleVerifier [0xe27123+10a23]
	chromedriver!GetHandleVerifier [0xe27254+10b54]
	chromedriver!(No symbol) [0xc41e90]
	chromedriver!(No symbol) [0xc20923]
	chromedriver!(No symbol) [0xcb3afb]
	chromedriver!(No symbol) [0xcca2a9]
	chromedriver!(No symbol) [0xcad526]
	chromedriver!(No symbol) [0xc808f9]
	chromedriver!(No symbol) [0xc816b4]
	chromedriver!GetHandleVerifier [0x10c1ac4+2ab3c4]
	chromedriver!GetHandleVerifier [0x10bd0ed+2a69ed]
	chromedriver!GetHandleVerifier [0x10de4f5+2c7df5]
	chromedriver!GetHandleVerifier [0xe41128+2aa28]
	chromedriver!GetHandleVerifier [0xe48bbd+324bd]
	chromedriver!GetHandleVerifier [0xe2fb28+19428]
	chromedriver!GetHandleVerifier [0xe2fcd5+195d5]
	chromedriver!GetHandleVerifier [0xe191cf+2acf]
	KERNEL32!BaseThreadInitThunk [0x75765d49+19]
	ntdll!RtlInitializeExceptionChain [0x77abd83b+6b]
	ntdll!RtlGetAppContainerNamedObjectPath [0x77abd7c1+231]

[Exception occurred while collecting links from naver] Message: no such window: target window already closed
from unknown error: web view not found
  (Session info: chrome=148.0.7778.168)
Stacktrace:
	chromedriver!GetHandleVerifier [0xe27123+10a23]
	chromedriver!GetHandleVerifier [0xe27254+10b54]
	chromedriver!(No symbol) [0xc41e90]
	chromedriver!(No symbol) [0xc20923]
	chromedriver!(No symbol) [0xcb3afb]
	chromedriver!(No symbol) [0xcca2a9]
	chromedriver!(No symbol) [0xcad526]
	chromedriver!(No symbol) [0xc808f9]
	chromedriver!(No symbol) [0xc816b4]
	chromedriver!GetHandleVerifier [0x10c1ac4+2ab3c4]
	chromedriver!GetHandleVerifier [0x10bd0ed+2a69ed]
	chromedriver!GetHandleVerifier [0x10de4f5+2c7df5]
	chromedriver!GetHandleVerifier [0xe41128+2aa28]
	chromedriver!GetHandleVerifier [0xe48bbd+324bd]
	chromedriver!GetHandleVerifier [0xe2fb28+19428]
	chromedriver!GetHandleVerifier [0xe2fcd5+195d5]
	chromedriver!GetHandleVerifier [0xe191cf+2acf]
	KERNEL32!BaseThreadInitThunk [0x75765d49+19]
	ntdll!RtlInitializeExceptionChain [0x77abd83b+6b]
	ntdll!RtlGetAppContainerNamedObjectPath [0x77abd7c1+231]

[Exception occurred while collecting links from naver] Message: no such window: target window already closed
from unknown error: web view not found
  (Session info: chrome=148.0.7778.168)
Stacktrace:
	chromedriver!GetHandleVerifier [0xe27123+10a23]
	chromedriver!GetHandleVerifier [0xe27254+10b54]
	chromedriver!(No symbol) [0xc41e90]
	chromedriver!(No symbol) [0xc20923]
	chromedriver!(No symbol) [0xcb3afb]
	chromedriver!(No symbol) [0xcca2a9]
	chromedriver!(No symbol) [0xcad526]
	chromedriver!(No symbol) [0xc808f9]
	chromedriver!(No symbol) [0xc816b4]
	chromedriver!GetHandleVerifier [0x10c1ac4+2ab3c4]
	chromedriver!GetHandleVerifier [0x10bd0ed+2a69ed]
	chromedriver!GetHandleVerifier [0x10de4f5+2c7df5]
	chromedriver!GetHandleVerifier [0xe41128+2aa28]
	chromedriver!GetHandleVerifier [0xe48bbd+324bd]
	chromedriver!GetHandleVerifier [0xe2fb28+19428]
	chromedriver!GetHandleVerifier [0xe2fcd5+195d5]
	chromedriver!GetHandleVerifier [0xe191cf+2acf]
	KERNEL32!BaseThreadInitThunk [0x75765d49+19]
	ntdll!RtlInitializeExceptionChain [0x77abd83b+6b]
	ntdll!RtlGetAppContainerNamedObjectPath [0x77abd7c1+231]

[Exception occurred while collecting links from naver] Message: no such window: target window already closed
from unknown error: web view not found
  (Session info: chrome=148.0.7778.168)
Stacktrace:
	chromedriver!GetHandleVerifier [0xe27123+10a23]
	chromedriver!GetHandleVerifier [0xe27254+10b54]
	chromedriver!(No symbol) [0xc41e90]
	chromedriver!(No symbol) [0xc20923]
	chromedriver!(No symbol) [0xcb3afb]
	chromedriver!(No symbol) [0xcca2a9]
	chromedriver!(No symbol) [0xcad526]
	chromedriver!(No symbol) [0xc808f9]
	chromedriver!(No symbol) [0xc816b4]
	chromedriver!GetHandleVerifier [0x10c1ac4+2ab3c4]
	chromedriver!GetHandleVerifier [0x10bd0ed+2a69ed]
	chromedriver!GetHandleVerifier [0x10de4f5+2c7df5]
	chromedriver!GetHandleVerifier [0xe41128+2aa28]
	chromedriver!GetHandleVerifier [0xe48bbd+324bd]
	chromedriver!GetHandleVerifier [0xe2fb28+19428]
	chromedriver!GetHandleVerifier [0xe2fcd5+195d5]
	chromedriver!GetHandleVerifier [0xe191cf+2acf]
	KERNEL32!BaseThreadInitThunk [0x75765d49+19]
	ntdll!RtlInitializeExceptionChain [0x77abd83b+6b]
	ntdll!RtlGetAppContainerNamedObjectPath [0x77abd7c1+231]

[Exception occurred while collecting links from naver] Message: no such window: target window already closed
from unknown error: web view not found
  (Session info: chrome=148.0.7778.168)
Stacktrace:
	chromedriver!GetHandleVerifier [0xe27123+10a23]
	chromedriver!GetHandleVerifier [0xe27254+10b54]
	chromedriver!(No symbol) [0xc41e90]
	chromedriver!(No symbol) [0xc20923]
	chromedriver!(No symbol) [0xcb3afb]
	chromedriver!(No symbol) [0xcca2a9]
	chromedriver!(No symbol) [0xcad526]
	chromedriver!(No symbol) [0xc808f9]
	chromedriver!(No symbol) [0xc816b4]
	chromedriver!GetHandleVerifier [0x10c1ac4+2ab3c4]
	chromedriver!GetHandleVerifier [0x10bd0ed+2a69ed]
	chromedriver!GetHandleVerifier [0x10de4f5+2c7df5]
	chromedriver!GetHandleVerifier [0xe41128+2aa28]
	chromedriver!GetHandleVerifier [0xe48bbd+324bd]
	chromedriver!GetHandleVerifier [0xe2fb28+19428]
	chromedriver!GetHandleVerifier [0xe2fcd5+195d5]
	chromedriver!GetHandleVerifier [0xe191cf+2acf]
	KERNEL32!BaseThreadInitThunk [0x75765d49+19]
	ntdll!RtlInitializeExceptionChain [0x77abd83b+6b]
	ntdll!RtlGetAppContainerNamedObjectPath [0x77abd7c1+231]

[Exception occurred while collecting links from naver] Message: no such window: target window already closed
from unknown error: web view not found
  (Session info: chrome=148.0.7778.168)
Stacktrace:
	chromedriver!GetHandleVerifier [0xe27123+10a23]
	chromedriver!GetHandleVerifier [0xe27254+10b54]
	chromedriver!(No symbol) [0xc41e90]
	chromedriver!(No symbol) [0xc20923]
	chromedriver!(No symbol) [0xcb3afb]
	chromedriver!(No symbol) [0xcca2a9]
	chromedriver!(No symbol) [0xcad526]
	chromedriver!(No symbol) [0xc808f9]
	chromedriver!(No symbol) [0xc816b4]
	chromedriver!GetHandleVerifier [0x10c1ac4+2ab3c4]
	chromedriver!GetHandleVerifier [0x10bd0ed+2a69ed]
	chromedriver!GetHandleVerifier [0x10de4f5+2c7df5]
	chromedriver!GetHandleVerifier [0xe41128+2aa28]
	chromedriver!GetHandleVerifier [0xe48bbd+324bd]
	chromedriver!GetHandleVerifier [0xe2fb28+19428]
	chromedriver!GetHandleVerifier [0xe2fcd5+195d5]
	chromedriver!GetHandleVerifier [0xe191cf+2acf]
	KERNEL32!BaseThreadInitThunk [0x75765d49+19]
	ntdll!RtlInitializeExceptionChain [0x77abd83b+6b]
	ntdll!RtlGetAppContainerNamedObjectPath [0x77abd7c1+231]

[Exception occurred while collecting links from naver] Message: no such window: target window already closed
from unknown error: web view not found
  (Session info: chrome=148.0.7778.168)
Stacktrace:
	chromedriver!GetHandleVerifier [0xe27123+10a23]
	chromedriver!GetHandleVerifier [0xe27254+10b54]
	chromedriver!(No symbol) [0xc41e90]
	chromedriver!(No symbol) [0xc20923]
	chromedriver!(No symbol) [0xcb3afb]
	chromedriver!(No symbol) [0xcca2a9]
	chromedriver!(No symbol) [0xcad526]
	chromedriver!(No symbol) [0xc808f9]
	chromedriver!(No symbol) [0xc816b4]
	chromedriver!GetHandleVerifier [0x10c1ac4+2ab3c4]
	chromedriver!GetHandleVerifier [0x10bd0ed+2a69ed]
	chromedriver!GetHandleVerifier [0x10de4f5+2c7df5]
	chromedriver!GetHandleVerifier [0xe41128+2aa28]
	chromedriver!GetHandleVerifier [0xe48bbd+324bd]
	chromedriver!GetHandleVerifier [0xe2fb28+19428]
	chromedriver!GetHandleVerifier [0xe2fcd5+195d5]
	chromedriver!GetHandleVerifier [0xe191cf+2acf]
	KERNEL32!BaseThreadInitThunk [0x75765d49+19]
	ntdll!RtlInitializeExceptionChain [0x77abd83b+6b]
	ntdll!RtlGetAppContainerNamedObjectPath [0x77abd7c1+231]

[Exception occurred while collecting links from naver] Message: no such window: target window already closed
from unknown error: web view not found
  (Session info: chrome=148.0.7778.168)
Stacktrace:
	chromedriver!GetHandleVerifier [0xe27123+10a23]
	chromedriver!GetHandleVerifier [0xe27254+10b54]
	chromedriver!(No symbol) [0xc41e90]
	chromedriver!(No symbol) [0xc20923]
	chromedriver!(No symbol) [0xcb3afb]
	chromedriver!(No symbol) [0xcca2a9]
	chromedriver!(No symbol) [0xcad526]
	chromedriver!(No symbol) [0xc808f9]
	chromedriver!(No symbol) [0xc816b4]
	chromedriver!GetHandleVerifier [0x10c1ac4+2ab3c4]
	chromedriver!GetHandleVerifier [0x10bd0ed+2a69ed]
	chromedriver!GetHandleVerifier [0x10de4f5+2c7df5]
	chromedriver!GetHandleVerifier [0xe41128+2aa28]
	chromedriver!GetHandleVerifier [0xe48bbd+324bd]
	chromedriver!GetHandleVerifier [0xe2fb28+19428]
	chromedriver!GetHandleVerifier [0xe2fcd5+195d5]
	chromedriver!GetHandleVerifier [0xe191cf+2acf]
	KERNEL32!BaseThreadInitThunk [0x75765d49+19]
	ntdll!RtlInitializeExceptionChain [0x77abd83b+6b]
	ntdll!RtlGetAppContainerNamedObjectPath [0x77abd7c1+231]

[Exception occurred while collecting links from naver] Message: no such window: target window already closed
from unknown error: web view not found
  (Session info: chrome=148.0.7778.168)
Stacktrace:
	chromedriver!GetHandleVerifier [0xe27123+10a23]
	chromedriver!GetHandleVerifier [0xe27254+10b54]
	chromedriver!(No symbol) [0xc41e90]
	chromedriver!(No symbol) [0xc20923]
	chromedriver!(No symbol) [0xcb3afb]
	chromedriver!(No symbol) [0xcca2a9]
	chromedriver!(No symbol) [0xcad526]
	chromedriver!(No symbol) [0xc808f9]
	chromedriver!(No symbol) [0xc816b4]
	chromedriver!GetHandleVerifier [0x10c1ac4+2ab3c4]
	chromedriver!GetHandleVerifier [0x10bd0ed+2a69ed]
	chromedriver!GetHandleVerifier [0x10de4f5+2c7df5]
	chromedriver!GetHandleVerifier [0xe41128+2aa28]
	chromedriver!GetHandleVerifier [0xe48bbd+324bd]
	chromedriver!GetHandleVerifier [0xe2fb28+19428]
	chromedriver!GetHandleVerifier [0xe2fcd5+195d5]
	chromedriver!GetHandleVerifier [0xe191cf+2acf]
	KERNEL32!BaseThreadInitThunk [0x75765d49+19]
	ntdll!RtlInitializeExceptionChain [0x77abd83b+6b]
	ntdll!RtlGetAppContainerNamedObjectPath [0x77abd7c1+231]

[Exception occurred while collecting links from naver] Message: no such window: target window already closed
from unknown error: web view not found
  (Session info: chrome=148.0.7778.168)
Stacktrace:
	chromedriver!GetHandleVerifier [0xe27123+10a23]
	chromedriver!GetHandleVerifier [0xe27254+10b54]
	chromedriver!(No symbol) [0xc41e90]
	chromedriver!(No symbol) [0xc20923]
	chromedriver!(No symbol) [0xcb3afb]
	chromedriver!(No symbol) [0xcca2a9]
	chromedriver!(No symbol) [0xcad526]
	chromedriver!(No symbol) [0xc808f9]
	chromedriver!(No symbol) [0xc816b4]
	chromedriver!GetHandleVerifier [0x10c1ac4+2ab3c4]
	chromedriver!GetHandleVerifier [0x10bd0ed+2a69ed]
	chromedriver!GetHandleVerifier [0x10de4f5+2c7df5]
	chromedriver!GetHandleVerifier [0xe41128+2aa28]
	chromedriver!GetHandleVerifier [0xe48bbd+324bd]
	chromedriver!GetHandleVerifier [0xe2fb28+19428]
	chromedriver!GetHandleVerifier [0xe2fcd5+195d5]
	chromedriver!GetHandleVerifier [0xe191cf+2acf]
	KERNEL32!BaseThreadInitThunk [0x75765d49+19]
	ntdll!RtlInitializeExceptionChain [0x77abd83b+6b]
	ntdll!RtlGetAppContainerNamedObjectPath [0x77abd7c1+231]

[Exception occurred while collecting links from naver] Message: no such window: target window already closed
from unknown error: web view not found
  (Session info: chrome=148.0.7778.168)
Stacktrace:
	chromedriver!GetHandleVerifier [0xe27123+10a23]
	chromedriver!GetHandleVerifier [0xe27254+10b54]
	chromedriver!(No symbol) [0xc41e90]
	chromedriver!(No symbol) [0xc20923]
	chromedriver!(No symbol) [0xcb3afb]
	chromedriver!(No symbol) [0xcca2a9]
	chromedriver!(No symbol) [0xcad526]
	chromedriver!(No symbol) [0xc808f9]
	chromedriver!(No symbol) [0xc816b4]
	chromedriver!GetHandleVerifier [0x10c1ac4+2ab3c4]
	chromedriver!GetHandleVerifier [0x10bd0ed+2a69ed]
	chromedriver!GetHandleVerifier [0x10de4f5+2c7df5]
	chromedriver!GetHandleVerifier [0xe41128+2aa28]
	chromedriver!GetHandleVerifier [0xe48bbd+324bd]
	chromedriver!GetHandleVerifier [0xe2fb28+19428]
	chromedriver!GetHandleVerifier [0xe2fcd5+195d5]
	chromedriver!GetHandleVerifier [0xe191cf+2acf]
	KERNEL32!BaseThreadInitThunk [0x75765d49+19]
	ntdll!RtlInitializeExceptionChain [0x77abd83b+6b]
	ntdll!RtlGetAppContainerNamedObjectPath [0x77abd7c1+231]

Collect links done. Site: naver, Keyword: bicycle on road, Total: 277
_________________________________
Current web-browser version:	148.0.7778.168
Current chrome-driver version:	148.0.7778.167
_________________________________
Collecting links... bicycle from naver
Scrolling down
Scraping links
Collect links done. Site: naver, Keyword: bicycle, Total: 493
Downloading images from collected links... bicycle from naver
Downloading bicycle from naver: 1 / 120
Downloading bicycle from naver: 2 / 120
Downloading bicycle from naver: 3 / 120
Downloading bicycle from naver: 4 / 120
Downloading bicycle from naver: 5 / 120
Downloading bicycle from naver: 6 / 120
Downloading bicycle from naver: 7 / 120
Downloading bicycle from naver: 8 / 120
Downloading bicycle from naver: 9 / 120
Downloading bicycle from naver: 10 / 120
Downloading bicycle from naver: 11 / 120
Downloading bicycle from naver: 12 / 120
Downloading bicycle from naver: 13 / 120
Downloading bicycle from naver: 14 / 120
Downloading bicycle from naver: 15 / 120
Downloading bicycle from naver: 16 / 120
Downloading bicycle from naver: 17 / 120
Downloading bicycle from naver: 18 / 120
Downloading bicycle from naver: 19 / 120
Downloading bicycle from naver: 20 / 120
Downloading bicycle from naver: 21 / 120
Downloading bicycle from naver: 22 / 120
Downloading bicycle from naver: 23 / 120
Downloading bicycle from naver: 24 / 120
Downloading bicycle from naver: 25 / 120
Downloading bicycle from naver: 26 / 120
Downloading bicycle from naver: 27 / 120
Downloading bicycle from naver: 28 / 120
Downloading bicycle from naver: 29 / 120
Downloading bicycle from naver: 30 / 120
Downloading bicycle from naver: 31 / 120
Downloading bicycle from naver: 32 / 120
Downloading bicycle from naver: 33 / 120
Downloading bicycle from naver: 34 / 120
Downloading bicycle from naver: 35 / 120
Downloading bicycle from naver: 36 / 120
Downloading bicycle from naver: 37 / 120
Downloading bicycle from naver: 38 / 120
Downloading bicycle from naver: 39 / 120
Downloading bicycle from naver: 40 / 120
Downloading bicycle from naver: 41 / 120
Downloading bicycle from naver: 42 / 120
Downloading bicycle from naver: 43 / 120
Downloading bicycle from naver: 44 / 120
Downloading bicycle from naver: 45 / 120
Downloading bicycle from naver: 46 / 120
Downloading bicycle from naver: 47 / 120
Downloading bicycle from naver: 48 / 120
Downloading bicycle from naver: 49 / 120
Downloading bicycle from naver: 50 / 120
Downloading bicycle from naver: 51 / 120
Downloading bicycle from naver: 52 / 120
Downloading bicycle from naver: 53 / 120
Downloading bicycle from naver: 54 / 120
Downloading bicycle from naver: 55 / 120
Downloading bicycle from naver: 56 / 120
Downloading bicycle from naver: 57 / 120
Downloading bicycle from naver: 58 / 120
Downloading bicycle from naver: 59 / 120
Downloading bicycle from naver: 60 / 120
Downloading bicycle from naver: 61 / 120
Downloading bicycle from naver: 62 / 120
Downloading bicycle from naver: 63 / 120
Downloading bicycle from naver: 64 / 120
Downloading bicycle from naver: 65 / 120
Downloading bicycle from naver: 66 / 120
Downloading bicycle from naver: 67 / 120
Downloading bicycle from naver: 68 / 120
Downloading bicycle from naver: 69 / 120
Downloading bicycle from naver: 70 / 120
Downloading bicycle from naver: 71 / 120
Downloading bicycle from naver: 72 / 120
Downloading bicycle from naver: 73 / 120
Downloading bicycle from naver: 74 / 120
Downloading bicycle from naver: 75 / 120
Downloading bicycle from naver: 76 / 120
Downloading bicycle from naver: 77 / 120
Downloading bicycle from naver: 78 / 120
Downloading bicycle from naver: 79 / 120
Downloading bicycle from naver: 80 / 120
Downloading bicycle from naver: 81 / 120
Downloading bicycle from naver: 82 / 120
Downloading bicycle from naver: 83 / 120
Downloading bicycle from naver: 84 / 120
Downloading bicycle from naver: 85 / 120
Downloading bicycle from naver: 86 / 120
Downloading bicycle from naver: 87 / 120
Downloading bicycle from naver: 88 / 120
Downloading bicycle from naver: 89 / 120
Downloading bicycle from naver: 90 / 120
Downloading bicycle from naver: 91 / 120
Downloading bicycle from naver: 92 / 120
Downloading bicycle from naver: 93 / 120
Downloading bicycle from naver: 94 / 120
Downloading bicycle from naver: 95 / 120
Downloading bicycle from naver: 96 / 120
Downloading bicycle from naver: 97 / 120
Downloading bicycle from naver: 98 / 120
Downloading bicycle from naver: 99 / 120
Downloading bicycle from naver: 100 / 120
Downloading bicycle from naver: 101 / 120
Downloading bicycle from naver: 102 / 120
Downloading bicycle from naver: 103 / 120
Downloading bicycle from naver: 104 / 120
Downloading bicycle from naver: 105 / 120
Downloading bicycle from naver: 106 / 120
Downloading bicycle from naver: 107 / 120
Downloading bicycle from naver: 108 / 120
Downloading bicycle from naver: 109 / 120
Downloading bicycle from naver: 110 / 120
Downloading bicycle from naver: 111 / 120
Downloading bicycle from naver: 112 / 120
Downloading bicycle from naver: 113 / 120
Downloading bicycle from naver: 114 / 120
Downloading bicycle from naver: 115 / 120
Downloading bicycle from naver: 116 / 120
Downloading bicycle from naver: 117 / 120
Downloading bicycle from naver: 118 / 120
Downloading bicycle from naver: 119 / 120
Downloading bicycle from naver: 120 / 120
Done naver : bicycle
_________________________________
Current web-browser version:	148.0.7778.168
Current chrome-driver version:	148.0.7778.167
_________________________________
Collecting links... electric bicycle from google
Scrolling down
Exception google:electric bicycle - Message: no such window: target window already closed
from unknown error: web view not found
  (Session info: chrome=148.0.7778.168)
Stacktrace:
	chromedriver!GetHandleVerifier [0xe27123+10a23]
	chromedriver!GetHandleVerifier [0xe27254+10b54]
	chromedriver!(No symbol) [0xc41e90]
	chromedriver!(No symbol) [0xc20923]
	chromedriver!(No symbol) [0xcb3afb]
	chromedriver!(No symbol) [0xcca2a9]
	chromedriver!(No symbol) [0xcad526]
	chromedriver!(No symbol) [0xc808f9]
	chromedriver!(No symbol) [0xc816b4]
	chromedriver!GetHandleVerifier [0x10c1ac4+2ab3c4]
	chromedriver!GetHandleVerifier [0x10bd0ed+2a69ed]
	chromedriver!GetHandleVerifier [0x10de4f5+2c7df5]
	chromedriver!GetHandleVerifier [0xe41128+2aa28]
	chromedriver!GetHandleVerifier [0xe48bbd+324bd]
	chromedriver!GetHandleVerifier [0xe2fb28+19428]
	chromedriver!GetHandleVerifier [0xe2fcd5+195d5]
	chromedriver!GetHandleVerifier [0xe191cf+2acf]
	KERNEL32!BaseThreadInitThunk [0x75765d49+19]
	ntdll!RtlInitializeExceptionChain [0x77abd83b+6b]
	ntdll!RtlGetAppContainerNamedObjectPath [0x77abd7c1+231]

_________________________________
Current web-browser version:	148.0.7778.168
Current chrome-driver version:	148.0.7778.167
_________________________________
Collecting links... mountain bicycle from google
Scrolling down
Exception google:mountain bicycle - Message: no such window: target window already closed
from unknown error: web view not found
  (Session info: chrome=148.0.7778.168)
Stacktrace:
	chromedriver!GetHandleVerifier [0xe27123+10a23]
	chromedriver!GetHandleVerifier [0xe27254+10b54]
	chromedriver!(No symbol) [0xc41e90]
	chromedriver!(No symbol) [0xc20923]
	chromedriver!(No symbol) [0xcb3afb]
	chromedriver!(No symbol) [0xcca2a9]
	chromedriver!(No symbol) [0xcad526]
	chromedriver!(No symbol) [0xc808f9]
	chromedriver!(No symbol) [0xc816b4]
	chromedriver!GetHandleVerifier [0x10c1ac4+2ab3c4]
	chromedriver!GetHandleVerifier [0x10bd0ed+2a69ed]
	chromedriver!GetHandleVerifier [0x10de4f5+2c7df5]
	chromedriver!GetHandleVerifier [0xe41128+2aa28]
	chromedriver!GetHandleVerifier [0xe48bbd+324bd]
	chromedriver!GetHandleVerifier [0xe2fb28+19428]
	chromedriver!GetHandleVerifier [0xe2fcd5+195d5]
	chromedriver!GetHandleVerifier [0xe191cf+2acf]
	KERNEL32!BaseThreadInitThunk [0x75765d49+19]
	ntdll!RtlInitializeExceptionChain [0x77abd83b+6b]
	ntdll!RtlGetAppContainerNamedObjectPath [0x77abd7c1+231]

_________________________________
Exception naver:bicycle on road - Message: invalid session id: session deleted as the browser has closed the connection
from disconnected: not connected to DevTools
  (Session info: chrome=148.0.7778.168); For documentation on this error, please visit: https://www.selenium.dev/documentation/webdriver/troubleshooting/errors#invalidsessionidexception
Stacktrace:
	chromedriver!GetHandleVerifier [0xe27123+10a23]
	chromedriver!GetHandleVerifier [0xe27254+10b54]
	chromedriver!(No symbol) [0xc41e90]
	chromedriver!(No symbol) [0xc2fb7e]
	chromedriver!(No symbol) [0xc30846]
	chromedriver!(No symbol) [0xc427c7]
	chromedriver!(No symbol) [0xc203d8]
	chromedriver!(No symbol) [0xcbbd37]
	chromedriver!(No symbol) [0xcad753]
	chromedriver!(No symbol) [0xc808f9]
	chromedriver!(No symbol) [0xc816b4]
	chromedriver!GetHandleVerifier [0x10c1ac4+2ab3c4]
	chromedriver!GetHandleVerifier [0x10bd0ed+2a69ed]
	chromedriver!GetHandleVerifier [0x10de4f5+2c7df5]
	chromedriver!GetHandleVerifier [0xe41128+2aa28]
	chromedriver!GetHandleVerifier [0xe48bbd+324bd]
	chromedriver!GetHandleVerifier [0xe2fb28+19428]
	chromedriver!GetHandleVerifier [0xe2fcd5+195d5]
	chromedriver!GetHandleVerifier [0xe191cf+2acf]
	KERNEL32!BaseThreadInitThunk [0x75765d49+19]
	ntdll!RtlInitializeExceptionChain [0x77abd83b+6b]
	ntdll!RtlGetAppContainerNamedObjectPath [0x77abd7c1+231]

_________________________________
Current web-browser version:	148.0.7778.168
Current chrome-driver version:	148.0.7778.167
_________________________________
Collecting links... city bicycle from naver
Scrolling down
Scraping links
Collect links done. Site: naver, Keyword: city bicycle, Total: 487
Downloading images from collected links... city bicycle from naver
Downloading city bicycle from naver: 1 / 120
Downloading city bicycle from naver: 2 / 120
Downloading city bicycle from naver: 3 / 120
Downloading city bicycle from naver: 4 / 120
Downloading city bicycle from naver: 5 / 120
Downloading city bicycle from naver: 6 / 120
Downloading city bicycle from naver: 7 / 120
Downloading city bicycle from naver: 8 / 120
Downloading city bicycle from naver: 9 / 120
Downloading city bicycle from naver: 10 / 120
Downloading city bicycle from naver: 11 / 120
Downloading city bicycle from naver: 12 / 120
Downloading city bicycle from naver: 13 / 120
Downloading city bicycle from naver: 14 / 120
Downloading city bicycle from naver: 15 / 120
Downloading city bicycle from naver: 16 / 120
Downloading city bicycle from naver: 17 / 120
Downloading city bicycle from naver: 18 / 120
Downloading city bicycle from naver: 19 / 120
Downloading city bicycle from naver: 20 / 120
Downloading city bicycle from naver: 21 / 120
Downloading city bicycle from naver: 22 / 120
Downloading city bicycle from naver: 23 / 120
Downloading city bicycle from naver: 24 / 120
Downloading city bicycle from naver: 25 / 120
Downloading city bicycle from naver: 26 / 120
Downloading city bicycle from naver: 27 / 120
Downloading city bicycle from naver: 28 / 120
Downloading city bicycle from naver: 29 / 120
Downloading city bicycle from naver: 30 / 120
Downloading city bicycle from naver: 31 / 120
Downloading city bicycle from naver: 32 / 120
Downloading city bicycle from naver: 33 / 120
Downloading city bicycle from naver: 34 / 120
Downloading city bicycle from naver: 35 / 120
Downloading city bicycle from naver: 36 / 120
Downloading city bicycle from naver: 37 / 120
Downloading city bicycle from naver: 38 / 120
Downloading city bicycle from naver: 39 / 120
Downloading city bicycle from naver: 40 / 120
Downloading city bicycle from naver: 41 / 120
Downloading city bicycle from naver: 42 / 120
Downloading city bicycle from naver: 43 / 120
Downloading city bicycle from naver: 44 / 120
Downloading city bicycle from naver: 45 / 120
Downloading city bicycle from naver: 46 / 120
Downloading city bicycle from naver: 47 / 120
Downloading city bicycle from naver: 48 / 120
Downloading city bicycle from naver: 49 / 120
Downloading city bicycle from naver: 50 / 120
Downloading city bicycle from naver: 51 / 120
Downloading city bicycle from naver: 52 / 120
Downloading city bicycle from naver: 53 / 120
Downloading city bicycle from naver: 54 / 120
Downloading city bicycle from naver: 55 / 120
Downloading city bicycle from naver: 56 / 120
Downloading city bicycle from naver: 57 / 120
Downloading city bicycle from naver: 58 / 120
Downloading city bicycle from naver: 59 / 120
Downloading city bicycle from naver: 60 / 120
Downloading city bicycle from naver: 61 / 120
Downloading city bicycle from naver: 62 / 120
Downloading city bicycle from naver: 63 / 120
Downloading city bicycle from naver: 64 / 120
Downloading city bicycle from naver: 65 / 120
Downloading city bicycle from naver: 66 / 120
Downloading city bicycle from naver: 67 / 120
Downloading city bicycle from naver: 68 / 120
Downloading city bicycle from naver: 69 / 120
Downloading city bicycle from naver: 70 / 120
Downloading city bicycle from naver: 71 / 120
Downloading city bicycle from naver: 72 / 120
Downloading city bicycle from naver: 73 / 120
Downloading city bicycle from naver: 74 / 120
Downloading city bicycle from naver: 75 / 120
Downloading city bicycle from naver: 76 / 120
Downloading city bicycle from naver: 77 / 120
Downloading city bicycle from naver: 78 / 120
Downloading city bicycle from naver: 79 / 120
Downloading city bicycle from naver: 80 / 120
Downloading city bicycle from naver: 81 / 120
Downloading city bicycle from naver: 82 / 120
Downloading city bicycle from naver: 83 / 120
Downloading city bicycle from naver: 84 / 120
Downloading city bicycle from naver: 85 / 120
Downloading city bicycle from naver: 86 / 120
Downloading city bicycle from naver: 87 / 120
Downloading city bicycle from naver: 88 / 120
Downloading city bicycle from naver: 89 / 120
Downloading city bicycle from naver: 90 / 120
Downloading city bicycle from naver: 91 / 120
Downloading city bicycle from naver: 92 / 120
Downloading city bicycle from naver: 93 / 120
Downloading city bicycle from naver: 94 / 120
Downloading city bicycle from naver: 95 / 120
Downloading city bicycle from naver: 96 / 120
Downloading city bicycle from naver: 97 / 120
Downloading city bicycle from naver: 98 / 120
Downloading city bicycle from naver: 99 / 120
Downloading city bicycle from naver: 100 / 120
Downloading city bicycle from naver: 101 / 120
Downloading city bicycle from naver: 102 / 120
Downloading city bicycle from naver: 103 / 120
Downloading city bicycle from naver: 104 / 120
Downloading city bicycle from naver: 105 / 120
Downloading city bicycle from naver: 106 / 120
Downloading city bicycle from naver: 107 / 120
Downloading city bicycle from naver: 108 / 120
Downloading city bicycle from naver: 109 / 120
Downloading city bicycle from naver: 110 / 120
Downloading city bicycle from naver: 111 / 120
Downloading city bicycle from naver: 112 / 120
Downloading city bicycle from naver: 113 / 120
Downloading city bicycle from naver: 114 / 120
Downloading city bicycle from naver: 115 / 120
Downloading city bicycle from naver: 116 / 120
Downloading city bicycle from naver: 117 / 120
Downloading city bicycle from naver: 118 / 120
Downloading city bicycle from naver: 119 / 120
Downloading city bicycle from naver: 120 / 120
Done naver : city bicycle
_________________________________
Current web-browser version:	148.0.7778.168
Current chrome-driver version:	148.0.7778.167
_________________________________
Collecting links... racing bicycle from naver
Scrolling down
Scraping links
Collect links done. Site: naver, Keyword: racing bicycle, Total: 476
Downloading images from collected links... racing bicycle from naver
Downloading racing bicycle from naver: 1 / 120
Downloading racing bicycle from naver: 2 / 120
Downloading racing bicycle from naver: 3 / 120
Downloading racing bicycle from naver: 4 / 120
Downloading racing bicycle from naver: 5 / 120
Downloading racing bicycle from naver: 6 / 120
Downloading racing bicycle from naver: 7 / 120
Downloading racing bicycle from naver: 8 / 120Options - skip:False, threads:4, google:True, naver:True, full_resolution:False, face:False, no_gui:False, limit:120, _proxy_list:['']
8 keywords found: ['bicycle', 'bicycle on road', 'bike vehicle', 'city bicycle', 'electric bicycle', 'mountain bicycle', 'racing bicycle', 'road bicycle']
Task ended. Pool join.
Data imbalance checking...
dir: download/bicycle, file_count: 121
dir: download/bike vehicle, file_count: 122
dir: download/city bicycle, file_count: 121
dir: download/mountain bicycle, file_count: 121
dir: download/racing bicycle, file_count: 122
dir: download/road bicycle, file_count: 121
Data imbalance not detected.
End Program
Project root: D:\Workspace\Nam4\KHDL\vehicle-classification\traffic_vehicle_classification
Selected sources: duckduckgo, google, naver
Target raw images per label: 555
[START] bicycle: current=255, target=555
[AutoCrawler] bicycle: crawling from google, naver
[DONE] bicycle: raw_count=555

[Crawl] label=boat, current_raw=39, next_raw_goal=339

$ C:\Users\Admin\AppData\Local\Programs\Python\Python310\python.exe scripts/crawl_images.py --labels boat --sources google,naver,duckduckgo --limit-per-label 339
_________________________________
Current web-browser version:	148.0.7778.168
Current chrome-driver version:	148.0.7778.167
_________________________________
Collecting links... boat on water from naver
Scrolling down
Scraping links
Collect links done. Site: naver, Keyword: boat on water, Total: 490
Downloading images from collected links... boat on water from naver
Downloading boat on water from naver: 1 / 120
Downloading boat on water from naver: 2 / 120
Downloading boat on water from naver: 3 / 120
Downloading boat on water from naver: 4 / 120
Downloading boat on water from naver: 5 / 120
Downloading boat on water from naver: 6 / 120
Downloading boat on water from naver: 7 / 120
Downloading boat on water from naver: 8 / 120
Downloading boat on water from naver: 9 / 120
Downloading boat on water from naver: 10 / 120
Downloading boat on water from naver: 11 / 120
Downloading boat on water from naver: 12 / 120
Downloading boat on water from naver: 13 / 120
Downloading boat on water from naver: 14 / 120
Downloading boat on water from naver: 15 / 120
Downloading boat on water from naver: 16 / 120
Downloading boat on water from naver: 17 / 120
Downloading boat on water from naver: 18 / 120
Downloading boat on water from naver: 19 / 120
Downloading boat on water from naver: 20 / 120
Downloading boat on water from naver: 21 / 120
Downloading boat on water from naver: 22 / 120
Downloading boat on water from naver: 23 / 120
Downloading boat on water from naver: 24 / 120
Downloading boat on water from naver: 25 / 120
Downloading boat on water from naver: 26 / 120
Downloading boat on water from naver: 27 / 120
Downloading boat on water from naver: 28 / 120
Downloading boat on water from naver: 29 / 120
Downloading boat on water from naver: 30 / 120
Downloading boat on water from naver: 31 / 120
Downloading boat on water from naver: 32 / 120
Downloading boat on water from naver: 33 / 120
Downloading boat on water from naver: 34 / 120
Downloading boat on water from naver: 35 / 120
Downloading boat on water from naver: 36 / 120
Downloading boat on water from naver: 37 / 120
Downloading boat on water from naver: 38 / 120
Downloading boat on water from naver: 39 / 120
Downloading boat on water from naver: 40 / 120
Downloading boat on water from naver: 41 / 120
Downloading boat on water from naver: 42 / 120
Downloading boat on water from naver: 43 / 120
Downloading boat on water from naver: 44 / 120
Downloading boat on water from naver: 45 / 120
Downloading boat on water from naver: 46 / 120
Downloading boat on water from naver: 47 / 120
Downloading boat on water from naver: 48 / 120
Downloading boat on water from naver: 49 / 120
Downloading boat on water from naver: 50 / 120
Downloading boat on water from naver: 51 / 120
Downloading boat on water from naver: 52 / 120
Downloading boat on water from naver: 53 / 120
Downloading boat on water from naver: 54 / 120
Downloading boat on water from naver: 55 / 120
Downloading boat on water from naver: 56 / 120
Downloading boat on water from naver: 57 / 120
Downloading boat on water from naver: 58 / 120
Downloading boat on water from naver: 59 / 120
Downloading boat on water from naver: 60 / 120
Downloading boat on water from naver: 61 / 120
Downloading boat on water from naver: 62 / 120
Downloading boat on water from naver: 63 / 120
Downloading boat on water from naver: 64 / 120
Downloading boat on water from naver: 65 / 120
Downloading boat on water from naver: 66 / 120
Downloading boat on water from naver: 67 / 120
Downloading boat on water from naver: 68 / 120
Downloading boat on water from naver: 69 / 120
Downloading boat on water from naver: 70 / 120
Downloading boat on water from naver: 71 / 120
Downloading boat on water from naver: 72 / 120
Downloading boat on water from naver: 73 / 120
Downloading boat on water from naver: 74 / 120
Downloading boat on water from naver: 75 / 120
Downloading boat on water from naver: 76 / 120
Downloading boat on water from naver: 77 / 120
Downloading boat on water from naver: 78 / 120
Downloading boat on water from naver: 79 / 120
Downloading boat on water from naver: 80 / 120
Downloading boat on water from naver: 81 / 120
Downloading boat on water from naver: 82 / 120
Downloading boat on water from naver: 83 / 120
Downloading boat on water from naver: 84 / 120
Downloading boat on water from naver: 85 / 120
Downloading boat on water from naver: 86 / 120
Downloading boat on water from naver: 87 / 120
Downloading boat on water from naver: 88 / 120
Downloading boat on water from naver: 89 / 120
Downloading boat on water from naver: 90 / 120
Downloading boat on water from naver: 91 / 120
Downloading boat on water from naver: 92 / 120
Downloading boat on water from naver: 93 / 120
Downloading boat on water from naver: 94 / 120
Downloading boat on water from naver: 95 / 120
Downloading boat on water from naver: 96 / 120
Downloading boat on water from naver: 97 / 120
Downloading boat on water from naver: 98 / 120
Downloading boat on water from naver: 99 / 120
Downloading boat on water from naver: 100 / 120
Downloading boat on water from naver: 101 / 120
Downloading boat on water from naver: 102 / 120
Downloading boat on water from naver: 103 / 120
Downloading boat on water from naver: 104 / 120
Downloading boat on water from naver: 105 / 120
Downloading boat on water from naver: 106 / 120
Downloading boat on water from naver: 107 / 120
Downloading boat on water from naver: 108 / 120
Downloading boat on water from naver: 109 / 120
Downloading boat on water from naver: 110 / 120
Downloading boat on water from naver: 111 / 120
Downloading boat on water from naver: 112 / 120
Downloading boat on water from naver: 113 / 120
Downloading boat on water from naver: 114 / 120
Downloading boat on water from naver: 115 / 120
Downloading boat on water from naver: 116 / 120
Downloading boat on water from naver: 117 / 120
Downloading boat on water from naver: 118 / 120
Downloading boat on water from naver: 119 / 120
Downloading boat on water from naver: 120 / 120
Done naver : boat on water
_________________________________
Current web-browser version:	148.0.7778.168
Current chrome-driver version:	148.0.7778.167
_________________________________
Collecting links... motor boat from naver
Scrolling down
Scraping links
Collect links done. Site: naver, Keyword: motor boat, Total: 489
Downloading images from collected links... motor boat from naver
Downloading motor boat from naver: 1 / 120
Downloading motor boat from naver: 2 / 120
Downloading motor boat from naver: 3 / 120
Downloading motor boat from naver: 4 / 120
Downloading motor boat from naver: 5 / 120
Downloading motor boat from naver: 6 / 120
Downloading motor boat from naver: 7 / 120
Downloading motor boat from naver: 8 / 120
Downloading motor boat from naver: 9 / 120
Downloading motor boat from naver: 10 / 120
Downloading motor boat from naver: 11 / 120
Downloading motor boat from naver: 12 / 120
Downloading motor boat from naver: 13 / 120
Downloading motor boat from naver: 14 / 120
Downloading motor boat from naver: 15 / 120
Downloading motor boat from naver: 16 / 120
Downloading motor boat from naver: 17 / 120
Downloading motor boat from naver: 18 / 120
Downloading motor boat from naver: 19 / 120
Downloading motor boat from naver: 20 / 120
Downloading motor boat from naver: 21 / 120
Downloading motor boat from naver: 22 / 120
Downloading motor boat from naver: 23 / 120
Downloading motor boat from naver: 24 / 120
Downloading motor boat from naver: 25 / 120
Downloading motor boat from naver: 26 / 120
Downloading motor boat from naver: 27 / 120
Downloading motor boat from naver: 28 / 120
Downloading motor boat from naver: 29 / 120
Downloading motor boat from naver: 30 / 120
Downloading motor boat from naver: 31 / 120
Downloading motor boat from naver: 32 / 120
Downloading motor boat from naver: 33 / 120
Downloading motor boat from naver: 34 / 120
Downloading motor boat from naver: 35 / 120
Downloading motor boat from naver: 36 / 120
_________________________________
Current web-browser version:	148.0.7778.168
Current chrome-driver version:	148.0.7778.167
_________________________________
Collecting links... boat on water from google
Scrolling down
Scraping links
Collect links done. Site: google, Keyword: boat on water, Total: 0
Downloading images from collected links... boat on water from google
Done google : boat on water
_________________________________
Current web-browser version:	148.0.7778.168
Current chrome-driver version:	148.0.7778.167
_________________________________
Collecting links... fishing boat from naver
Scrolling down
Scraping links
Collect links done. Site: naver, Keyword: fishing boat, Total: 322
Downloading images from collected links... fishing boat from naver
Downloading fishing boat from naver: 1 / 120
Downloading fishing boat from naver: 2 / 120
Downloading fishing boat from naver: 3 / 120
Downloading fishing boat from naver: 4 / 120
Downloading fishing boat from naver: 5 / 120
Downloading fishing boat from naver: 6 / 120
Downloading fishing boat from naver: 7 / 120
Downloading fishing boat from naver: 8 / 120
Downloading fishing boat from naver: 9 / 120
Downloading fishing boat from naver: 10 / 120
Downloading fishing boat from naver: 11 / 120
Downloading fishing boat from naver: 12 / 120
Downloading fishing boat from naver: 13 / 120
Downloading fishing boat from naver: 14 / 120
Downloading fishing boat from naver: 15 / 120
Downloading fishing boat from naver: 16 / 120
Downloading fishing boat from naver: 17 / 120
Downloading fishing boat from naver: 18 / 120
Downloading fishing boat from naver: 19 / 120
Downloading fishing boat from naver: 20 / 120
Downloading fishing boat from naver: 21 / 120
Downloading fishing boat from naver: 22 / 120
Downloading fishing boat from naver: 23 / 120
Downloading fishing boat from naver: 24 / 120
Downloading fishing boat from naver: 25 / 120
Downloading fishing boat from naver: 26 / 120
Downloading fishing boat from naver: 27 / 120
Downloading fishing boat from naver: 28 / 120
Downloading fishing boat from naver: 29 / 120
Downloading fishing boat from naver: 30 / 120
Downloading fishing boat from naver: 31 / 120
Downloading fishing boat from naver: 32 / 120
Downloading fishing boat from naver: 33 / 120
Downloading fishing boat from naver: 34 / 120
Downloading fishing boat from naver: 35 / 120
Downloading fishing boat from naver: 36 / 120
Downloading fishing boat from naver: 37 / 120
Downloading fishing boat from naver: 38 / 120
Downloading fishing boat from naver: 39 / 120
Downloading fishing boat from naver: 40 / 120
Downloading fishing boat from naver: 41 / 120
Downloading fishing boat from naver: 42 / 120
Downloading fishing boat from naver: 43 / 120
Downloading fishing boat from naver: 44 / 120
Downloading fishing boat from naver: 45 / 120
Downloading fishing boat from naver: 46 / 120
Downloading fishing boat from naver: 47 / 120
Downloading fishing boat from naver: 48 / 120
Downloading fishing boat from naver: 49 / 120
Downloading fishing boat from naver: 50 / 120
Downloading fishing boat from naver: 51 / 120
Downloading fishing boat from naver: 52 / 120
Downloading fishing boat from naver: 53 / 120
Downloading fishing boat from naver: 54 / 120
Downloading fishing boat from naver: 55 / 120
Downloading fishing boat from naver: 56 / 120
Downloading fishing boat from naver: 57 / 120
Downloading fishing boat from naver: 58 / 120
Downloading fishing boat from naver: 59 / 120
Downloading fishing boat from naver: 60 / 120
Downloading fishing boat from naver: 61 / 120
Downloading fishing boat from naver: 62 / 120
Downloading fishing boat from naver: 63 / 120
Downloading fishing boat from naver: 64 / 120
Downloading fishing boat from naver: 65 / 120
Downloading fishing boat from naver: 66 / 120
Downloading fishing boat from naver: 67 / 120
Downloading fishing boat from naver: 68 / 120
Downloading fishing boat from naver: 69 / 120
Downloading fishing boat from naver: 70 / 120
Downloading fishing boat from naver: 71 / 120
Downloading fishing boat from naver: 72 / 120
Downloading fishing boat from naver: 73 / 120
Downloading fishing boat from naver: 74 / 120
Downloading fishing boat from naver: 75 / 120
Downloading fishing boat from naver: 76 / 120
Downloading fishing boat from naver: 77 / 120
Downloading fishing boat from naver: 78 / 120
Downloading fishing boat from naver: 79 / 120
Downloading fishing boat from naver: 80 / 120
Downloading fishing boat from naver: 81 / 120
Downloading fishing boat from naver: 82 / 120
Downloading fishing boat from naver: 83 / 120
Downloading fishing boat from naver: 84 / 120
Downloading fishing boat from naver: 85 / 120
Downloading fishing boat from naver: 86 / 120
Downloading fishing boat from naver: 87 / 120
Downloading fishing boat from naver: 88 / 120
Downloading fishing boat from naver: 89 / 120
Downloading fishing boat from naver: 90 / 120
Downloading fishing boat from naver: 91 / 120
Downloading fishing boat from naver: 92 / 120
Downloading fishing boat from naver: 93 / 120
Downloading fishing boat from naver: 94 / 120
Downloading fishing boat from naver: 95 / 120
Downloading fishing boat from naver: 96 / 120
Downloading fishing boat from naver: 97 / 120
Downloading fishing boat from naver: 98 / 120
Downloading fishing boat from naver: 99 / 120
Downloading fishing boat from naver: 100 / 120
Downloading fishing boat from naver: 101 / 120
Downloading fishing boat from naver: 102 / 120
Downloading fishing boat from naver: 103 / 120
Downloading fishing boat from naver: 104 / 120
Downloading fishing boat from naver: 105 / 120
Downloading fishing boat from naver: 106 / 120
Downloading fishing boat from naver: 107 / 120
Downloading fishing boat from naver: 108 / 120
Downloading fishing boat from naver: 109 / 120
Downloading fishing boat from naver: 110 / 120
Downloading fishing boat from naver: 111 / 120
Downloading fishing boat from naver: 112 / 120
Downloading fishing boat from naver: 113 / 120
Downloading fishing boat from naver: 114 / 120
Downloading fishing boat from naver: 115 / 120
Downloading fishing boat from naver: 116 / 120
Downloading fishing boat from naver: 117 / 120
Downloading fishing boat from naver: 118 / 120
Downloading fishing boat from naver: 119 / 120
Downloading fishing boat from naver: 120 / 120
Done naver : fishing boat
_________________________________
Current web-browser version:	148.0.7778.168
Current chrome-driver version:	148.0.7778.167
_________________________________
Collecting links... river boat from naver
Scrolling down
Scraping links
Collect links done. Site: naver, Keyword: river boat, Total: 492
Downloading images from collected links... river boat from naver
Downloading river boat from naver: 1 / 120
Downloading river boat from naver: 2 / 120
Downloading river boat from naver: 3 / 120
Downloading river boat from naver: 4 / 120
Downloading river boat from naver: 5 / 120
Downloading river boat from naver: 6 / 120
Downloading river boat from naver: 7 / 120
Downloading river boat from naver: 8 / 120
Downloading river boat from naver: 9 / 120
Downloading river boat from naver: 10 / 120
Downloading river boat from naver: 11 / 120
Downloading river boat from naver: 12 / 120
Downloading river boat from naver: 13 / 120
Downloading river boat from naver: 14 / 120
Downloading river boat from naver: 15 / 120
Downloading river boat from naver: 16 / 120
Downloading river boat from naver: 17 / 120
Downloading river boat from naver: 18 / 120
Downloading river boat from naver: 19 / 120
Downloading river boat from naver: 20 / 120
Downloading river boat from naver: 21 / 120
Downloading river boat from naver: 22 / 120
Downloading river boat from naver: 23 / 120
Downloading river boat from naver: 24 / 120
Downloading river boat from naver: 25 / 120
Downloading river boat from naver: 26 / 120
Downloading river boat from naver: 27 / 120
Downloading river boat from naver: 28 / 120
Downloading river boat from naver: 29 / 120
Downloading river boat from naver: 30 / 120
_________________________________
Current web-browser version:	148.0.7778.168
Current chrome-driver version:	148.0.7778.167
_________________________________
Collecting links... boat from naver
Scrolling down
Scraping links
Collect links done. Site: naver, Keyword: boat, Total: 474
Downloading images from collected links... boat from naver
Downloading boat from naver: 1 / 120
Downloading boat from naver: 2 / 120
Downloading boat from naver: 3 / 120
Downloading boat from naver: 4 / 120
Downloading boat from naver: 5 / 120
Downloading boat from naver: 6 / 120
Downloading boat from naver: 7 / 120
Downloading boat from naver: 8 / 120
Downloading boat from naver: 9 / 120
Downloading boat from naver: 10 / 120
Downloading boat from naver: 11 / 120
Downloading boat from naver: 12 / 120
Downloading boat from naver: 13 / 120
Downloading boat from naver: 14 / 120
Downloading boat from naver: 15 / 120
Downloading boat from naver: 16 / 120
Downloading boat from naver: 17 / 120
Downloading boat from naver: 18 / 120
Downloading boat from naver: 19 / 120
Downloading boat from naver: 20 / 120
Downloading boat from naver: 21 / 120
Downloading boat from naver: 22 / 120
Downloading boat from naver: 23 / 120
Downloading boat from naver: 24 / 120
Downloading boat from naver: 25 / 120
Downloading boat from naver: 26 / 120
Downloading boat from naver: 27 / 120
Downloading boat from naver: 28 / 120
Downloading boat from naver: 29 / 120
Downloading boat from naver: 30 / 120
Downloading boat from naver: 31 / 120
Downloading boat from naver: 32 / 120
Downloading boat from naver: 33 / 120
Downloading boat from naver: 34 / 120
Downloading boat from naver: 35 / 120
Downloading boat from naver: 36 / 120
Downloading boat from naver: 37 / 120
Downloading boat from naver: 38 / 120
Downloading boat from naver: 39 / 120
Downloading boat from naver: 40 / 120
Downloading boat from naver: 41 / 120
Downloading boat from naver: 42 / 120
Downloading boat from naver: 43 / 120
Downloading boat from naver: 44 / 120
Downloading boat from naver: 45 / 120
Downloading boat from naver: 46 / 120
Downloading boat from naver: 47 / 120
Downloading boat from naver: 48 / 120
Downloading boat from naver: 49 / 120
Downloading boat from naver: 50 / 120
Downloading boat from naver: 51 / 120
Downloading boat from naver: 52 / 120
Downloading boat from naver: 53 / 120
Downloading boat from naver: 54 / 120
Downloading boat from naver: 55 / 120
Downloading boat from naver: 56 / 120
Downloading boat from naver: 57 / 120
Downloading boat from naver: 58 / 120
Downloading boat from naver: 59 / 120
Downloading boat from naver: 60 / 120
Downloading boat from naver: 61 / 120
Downloading boat from naver: 62 / 120
Downloading boat from naver: 63 / 120
Downloading boat from naver: 64 / 120
Downloading boat from naver: 65 / 120
Downloading boat from naver: 66 / 120
Downloading boat from naver: 67 / 120
Downloading boat from naver: 68 / 120
Downloading boat from naver: 69 / 120
Downloading boat from naver: 70 / 120
Downloading boat from naver: 71 / 120
Downloading boat from naver: 72 / 120
Downloading boat from naver: 73 / 120
Downloading boat from naver: 74 / 120
Downloading boat from naver: 75 / 120
Downloading boat from naver: 76 / 120
Downloading boat from naver: 77 / 120
Downloading boat from naver: 78 / 120
Downloading boat from naver: 79 / 120
Downloading boat from naver: 80 / 120
Downloading boat from naver: 81 / 120
Downloading boat from naver: 82 / 120
Downloading boat from naver: 83 / 120
Downloading boat from naver: 84 / 120
Downloading boat from naver: 85 / 120
Downloading boat from naver: 86 / 120
Downloading boat from naver: 87 / 120
Downloading boat from naver: 88 / 120
Downloading boat from naver: 89 / 120
Downloading boat from naver: 90 / 120
Downloading boat from naver: 91 / 120
Downloading boat from naver: 92 / 120
Downloading boat from naver: 93 / 120
Downloading boat from naver: 94 / 120
Downloading boat from naver: 95 / 120
Downloading boat from naver: 96 / 120
Downloading boat from naver: 97 / 120
Downloading boat from naver: 98 / 120
Downloading boat from naver: 99 / 120
Downloading boat from naver: 100 / 120
Downloading boat from naver: 101 / 120
Downloading boat from naver: 102 / 120
Downloading boat from naver: 103 / 120
Downloading boat from naver: 104 / 120
Downloading boat from naver: 105 / 120
Downloading boat from naver: 106 / 120
Downloading boat from naver: 107 / 120
Downloading boat from naver: 108 / 120
Downloading boat from naver: 109 / 120
Downloading boat from naver: 110 / 120
Downloading boat from naver: 111 / 120
Downloading boat from naver: 112 / 120
Downloading boat from naver: 113 / 120
Downloading boat from naver: 114 / 120
Downloading boat from naver: 115 / 120
Downloading boat from naver: 116 / 120
Downloading boat from naver: 117 / 120
Downloading boat from naver: 118 / 120
Downloading boat from naver: 119 / 120
Downloading boat from naver: 120 / 120
Done naver : boat
_________________________________
Current web-browser version:	148.0.7778.168
Current chrome-driver version:	148.0.7778.167
_________________________________
Collecting links... passenger boat from google
Scrolling down
Exception google:passenger boat - Message: stale element reference: stale element not found
  (Session info: chrome=148.0.7778.168); For documentation on this error, please visit: https://www.selenium.dev/documentation/webdriver/troubleshooting/errors#staleelementreferenceexception
Stacktrace:
	chromedriver!GetHandleVerifier [0xe27123+10a23]
	chromedriver!GetHandleVerifier [0xe27254+10b54]
	chromedriver!(No symbol) [0xc41e90]
	chromedriver!(No symbol) [0xc543e2]
	chromedriver!(No symbol) [0xc534ac]
	chromedriver!(No symbol) [0xc493d9]
	chromedriver!(No symbol) [0xc47852]
	chromedriver!(No symbol) [0xc4ad4a]
	chromedriver!(No symbol) [0xc4add8]
	chromedriver!(No symbol) [0xc8bed9]
	chromedriver!(No symbol) [0xc8bf7e]
	chromedriver!(No symbol) [0xc84fe0]
	chromedriver!(No symbol) [0xcad78c]
	chromedriver!(No symbol) [0xc81db4]
	chromedriver!(No symbol) [0xcad954]
	chromedriver!(No symbol) [0xcca936]
	chromedriver!(No symbol) [0xcad526]
	chromedriver!(No symbol) [0xc808f9]
	chromedriver!(No symbol) [0xc816b4]
	chromedriver!GetHandleVerifier [0x10c1ac4+2ab3c4]
	chromedriver!GetHandleVerifier [0x10bd0ed+2a69ed]
	chromedriver!GetHandleVerifier [0x10de4f5+2c7df5]
	chromedriver!GetHandleVerifier [0xe41128+2aa28]
	chromedriver!GetHandleVerifier [0xe48bbd+324bd]
	chromedriver!GetHandleVerifier [0xe2fb28+19428]
	chromedriver!GetHandleVerifier [0xe2fcd5+195d5]
	chromedriver!GetHandleVerifier [0xe191cf+2acf]
	KERNEL32!BaseThreadInitThunk [0x75765d49+19]
	ntdll!RtlInitializeExceptionChain [0x77abd83b+6b]
	ntdll!RtlGetAppContainerNamedObjectPath [0x77abd7c1+231]

_________________________________
Current web-browser version:	148.0.7778.168
Current chrome-driver version:	148.0.7778.167
_________________________________
Collecting links... river boat from google
Scrolling down
Downloading motor boat from naver: 37 / 120
Downloading motor boat from naver: 38 / 120
Downloading motor boat from naver: 39 / 120
Downloading motor boat from naver: 40 / 120
Downloading motor boat from naver: 41 / 120
Downloading motor boat from naver: 42 / 120
Downloading motor boat from naver: 43 / 120
Downloading motor boat from naver: 44 / 120
Downloading motor boat from naver: 45 / 120
Downloading motor boat from naver: 46 / 120
Downloading motor boat from naver: 47 / 120
Downloading motor boat from naver: 48 / 120
Downloading motor boat from naver: 49 / 120
Downloading motor boat from naver: 50 / 120
Downloading motor boat from naver: 51 / 120
Downloading motor boat from naver: 52 / 120
Downloading motor boat from naver: 53 / 120
Downloading motor boat from naver: 54 / 120
Downloading motor boat from naver: 55 / 120
Downloading motor boat from naver: 56 / 120
Downloading motor boat from naver: 57 / 120
Downloading motor boat from naver: 58 / 120
Downloading motor boat from naver: 59 / 120
Downloading motor boat from naver: 60 / 120
Downloading motor boat from naver: 61 / 120
Downloading motor boat from naver: 62 / 120
Downloading motor boat from naver: 63 / 120
Downloading motor boat from naver: 64 / 120
Downloading motor boat from naver: 65 / 120
Downloading motor boat from naver: 66 / 120
Downloading motor boat from naver: 67 / 120
Downloading motor boat from naver: 68 / 120
Downloading motor boat from naver: 69 / 120
Downloading motor boat from naver: 70 / 120
Downloading motor boat from naver: 71 / 120
Downloading motor boat from naver: 72 / 120
Downloading motor boat from naver: 73 / 120
Downloading motor boat from naver: 74 / 120
Downloading motor boat from naver: 75 / 120
Downloading motor boat from naver: 76 / 120
Downloading motor boat from naver: 77 / 120
Downloading motor boat from naver: 78 / 120
Downloading motor boat from naver: 79 / 120
Downloading motor boat from naver: 80 / 120
Downloading motor boat from naver: 81 / 120
Downloading motor boat from naver: 82 / 120
Downloading motor boat from naver: 83 / 120
Downloading motor boat from naver: 84 / 120
Downloading motor boat from naver: 85 / 120
Downloading motor boat from naver: 86 / 120
Downloading motor boat from naver: 87 / 120
Downloading motor boat from naver: 88 / 120
Downloading motor boat from naver: 89 / 120
Downloading motor boat from naver: 90 / 120
Downloading motor boat from naver: 91 / 120
Downloading motor boat from naver: 92 / 120
Downloading motor boat from naver: 93 / 120
Downloading motor boat from naver: 94 / 120
Downloading motor boat from naver: 95 / 120
Downloading motor boat from naver: 96 / 120
Downloading motor boat from naver: 97 / 120
Downloading motor boat from naver: 98 / 120
Downloading motor boat from naver: 99 / 120
Downloading motor boat from naver: 100 / 120
Downloading motor boat from naver: 101 / 120
Downloading motor boat from naver: 102 / 120
Downloading motor boat from naver: 103 / 120
Downloading motor boat from naver: 104 / 120
Downloading motor boat from naver: 105 / 120
Downloading motor boat from naver: 106 / 120
Downloading motor boat from naver: 107 / 120
Downloading motor boat from naver: 108 / 120
Downloading motor boat from naver: 109 / 120
Downloading motor boat from naver: 110 / 120
Downloading motor boat from naver: 111 / 120
Downloading motor boat from naver: 112 / 120
Downloading motor boat from naver: 113 / 120
Downloading motor boat from naver: 114 / 120
Downloading motor boat from naver: 115 / 120
Downloading motor boat from naver: 116 / 120
Downloading motor boat from naver: 117 / 120
Downloading motor boat from naver: 118 / 120
Downloading motor boat from naver: 119 / 120
Downloading motor boat from naver: 120 / 120
Done naver : motor boat
_________________________________
Current web-browser version:	148.0.7778.168
Current chrome-driver version:	148.0.7778.167
_________________________________
Collecting links... small boat from naver
Scrolling down
Scraping links
Collect links done. Site: naver, Keyword: small boat, Total: 493
Downloading images from collected links... small boat from naver
Downloading small boat from naver: 1 / 120
Downloading small boat from naver: 2 / 120
Downloading small boat from naver: 3 / 120
Downloading small boat from naver: 4 / 120
Downloading small boat from naver: 5 / 120
Downloading small boat from naver: 6 / 120
Downloading small boat from naver: 7 / 120
Downloading small boat from naver: 8 / 120
Downloading small boat from naver: 9 / 120
Downloading small boat from naver: 10 / 120
Downloading small boat from naver: 11 / 120
Downloading small boat from naver: 12 / 120
Downloading small boat from naver: 13 / 120
Downloading small boat from naver: 14 / 120
Downloading small boat from naver: 15 / 120
Downloading small boat from naver: 16 / 120
Downloading small boat from naver: 17 / 120
Downloading small boat from naver: 18 / 120
Downloading small boat from naver: 19 / 120
Downloading small boat from naver: 20 / 120
Downloading small boat from naver: 21 / 120
Downloading small boat from naver: 22 / 120
Downloading small boat from naver: 23 / 120
Downloading small boat from naver: 24 / 120
Downloading small boat from naver: 25 / 120
Downloading small boat from naver: 26 / 120
Downloading small boat from naver: 27 / 120
Downloading small boat from naver: 28 / 120
Downloading small boat from naver: 29 / 120
Downloading small boat from naver: 30 / 120
Downloading small boat from naver: 31 / 120
Downloading small boat from naver: 32 / 120
Downloading small boat from naver: 33 / 120
Downloading small boat from naver: 34 / 120
Downloading small boat from naver: 35 / 120
Downloading small boat from naver: 36 / 120
Downloading small boat from naver: 37 / 120
Downloading small boat from naver: 38 / 120
Downloading small boat from naver: 39 / 120
Downloading small boat from naver: 40 / 120
Downloading small boat from naver: 41 / 120
Downloading small boat from naver: 42 / 120
Downloading small boat from naver: 43 / 120
Downloading small boat from naver: 44 / 120
Downloading small boat from naver: 45 / 120
Downloading small boat from naver: 46 / 120
Downloading small boat from naver: 47 / 120
Downloading small boat from naver: 48 / 120
Downloading small boat from naver: 49 / 120
Downloading small boat from naver: 50 / 120
Downloading small boat from naver: 51 / 120
Downloading small boat from naver: 52 / 120
Downloading small boat from naver: 53 / 120
Downloading small boat from naver: 54 / 120
Downloading small boat from naver: 55 / 120
Downloading small boat from naver: 56 / 120
Downloading small boat from naver: 57 / 120
Downloading small boat from naver: 58 / 120
Downloading small boat from naver: 59 / 120
Downloading small boat from naver: 60 / 120
Downloading small boat from naver: 61 / 120
Downloading small boat from naver: 62 / 120
Downloading small boat from naver: 63 / 120
Downloading small boat from naver: 64 / 120
Downloading small boat from naver: 65 / 120
Downloading small boat from naver: 66 / 120
Downloading small boat from naver: 67 / 120
Downloading small boat from naver: 68 / 120
Downloading small boat from naver: 69 / 120
Downloading small boat from naver: 70 / 120
Downloading small boat from naver: 71 / 120
Downloading small boat from naver: 72 / 120
Downloading small boat from naver: 73 / 120
Downloading small boat from naver: 74 / 120
Downloading small boat from naver: 75 / 120
Downloading small boat from naver: 76 / 120
Downloading small boat from naver: 77 / 120
Downloading small boat from naver: 78 / 120
Downloading small boat from naver: 79 / 120
Downloading small boat from naver: 80 / 120
Downloading small boat from naver: 81 / 120
Downloading small boat from naver: 82 / 120
Downloading small boat from naver: 83 / 120
Downloading small boat from naver: 84 / 120
Downloading small boat from naver: 85 / 120
Downloading small boat from naver: 86 / 120
Downloading small boat from naver: 87 / 120
Downloading small boat from naver: 88 / 120
Downloading small boat from naver: 89 / 120
Options - skip:False, threads:4, google:True, naver:True, full_resolution:False, face:False, no_gui:False, limit:120, _proxy_list:['']
8 keywords found: ['boat', 'boat on water', 'fishing boat', 'motor boat', 'passenger boat', 'river boat', 'small boat', 'speed boat']
Task ended. Pool join.
Data imbalance checking...
dir: download/boat, file_count: 121
dir: download/boat on water, file_count: 122
dir: download/fishing boat, file_count: 121
dir: download/motor boat, file_count: 121
dir: download/passenger boat, file_count: 121
dir: download/river boat, file_count: 121
dir: download/small boat, file_count: 122
dir: download/speed boat, file_count: 121
Data imbalance not detected.
End Program
Project root: D:\Workspace\Nam4\KHDL\vehicle-classification\traffic_vehicle_classification
Selected sources: duckduckgo, google, naver
Target raw images per label: 339
[START] boat: current=39, target=339
[AutoCrawler] boat: crawling from google, naver
[DONE] boat: raw_count=339

[Crawl] label=bus, current_raw=0, next_raw_goal=300

$ C:\Users\Admin\AppData\Local\Programs\Python\Python310\python.exe scripts/crawl_images.py --labels bus --sources google,naver,duckduckgo --limit-per-label 300
_________________________________
Current web-browser version:	148.0.7778.168
Current chrome-driver version:	148.0.7778.167
_________________________________
Collecting links... bus from google
Scrolling down
Scraping links
Collect links done. Site: google, Keyword: bus, Total: 0
Downloading images from collected links... bus from google
Done google : bus
_________________________________
Current web-browser version:	148.0.7778.168
Current chrome-driver version:	148.0.7778.167
_________________________________
Collecting links... city bus from naver
Scrolling down
Scraping links
Collect links done. Site: naver, Keyword: city bus, Total: 488
Downloading images from collected links... city bus from naver
Downloading city bus from naver: 1 / 120
Downloading city bus from naver: 2 / 120
Downloading city bus from naver: 3 / 120
Downloading city bus from naver: 4 / 120
Downloading city bus from naver: 5 / 120
Downloading city bus from naver: 6 / 120
Downloading city bus from naver: 7 / 120
Downloading city bus from naver: 8 / 120
Downloading city bus from naver: 9 / 120
Downloading city bus from naver: 10 / 120
Downloading city bus from naver: 11 / 120
Downloading city bus from naver: 12 / 120
Downloading city bus from naver: 13 / 120
Downloading city bus from naver: 14 / 120
Downloading city bus from naver: 15 / 120
Downloading city bus from naver: 16 / 120
Downloading city bus from naver: 17 / 120
Downloading city bus from naver: 18 / 120
Downloading city bus from naver: 19 / 120
Downloading city bus from naver: 20 / 120
Downloading city bus from naver: 21 / 120
Downloading city bus from naver: 22 / 120
Downloading city bus from naver: 23 / 120
Downloading city bus from naver: 24 / 120
Downloading city bus from naver: 25 / 120
Downloading city bus from naver: 26 / 120
Downloading city bus from naver: 27 / 120
Downloading city bus from naver: 28 / 120
Downloading city bus from naver: 29 / 120
Downloading city bus from naver: 30 / 120
Downloading city bus from naver: 31 / 120
Downloading city bus from naver: 32 / 120
Downloading city bus from naver: 33 / 120
Downloading city bus from naver: 34 / 120
Downloading city bus from naver: 35 / 120
Downloading city bus from naver: 36 / 120
Downloading city bus from naver: 37 / 120
Downloading city bus from naver: 38 / 120
Downloading city bus from naver: 39 / 120
Downloading city bus from naver: 40 / 120
Downloading city bus from naver: 41 / 120
Downloading city bus from naver: 42 / 120
Downloading city bus from naver: 43 / 120
Downloading city bus from naver: 44 / 120
Downloading city bus from naver: 45 / 120
Downloading city bus from naver: 46 / 120
Downloading city bus from naver: 47 / 120
Downloading city bus from naver: 48 / 120
Downloading city bus from naver: 49 / 120
Downloading city bus from naver: 50 / 120
Downloading city bus from naver: 51 / 120
Downloading city bus from naver: 52 / 120
Renamed extension jpg -> png
Downloading city bus from naver: 53 / 120
Downloading city bus from naver: 54 / 120
Downloading city bus from naver: 55 / 120
Downloading city bus from naver: 56 / 120
Downloading city bus from naver: 57 / 120
Downloading city bus from naver: 58 / 120
Downloading city bus from naver: 59 / 120
Downloading city bus from naver: 60 / 120
Downloading city bus from naver: 61 / 120
Downloading city bus from naver: 62 / 120
Downloading city bus from naver: 63 / 120
Downloading city bus from naver: 64 / 120
Downloading city bus from naver: 65 / 120
Downloading city bus from naver: 66 / 120
Downloading city bus from naver: 67 / 120
Downloading city bus from naver: 68 / 120
Downloading city bus from naver: 69 / 120
Downloading city bus from naver: 70 / 120
Downloading city bus from naver: 71 / 120
Downloading city bus from naver: 72 / 120
Downloading city bus from naver: 73 / 120
Downloading city bus from naver: 74 / 120
Downloading city bus from naver: 75 / 120
Downloading city bus from naver: 76 / 120
Downloading city bus from naver: 77 / 120
Downloading city bus from naver: 78 / 120
Downloading city bus from naver: 79 / 120
Downloading city bus from naver: 80 / 120
Downloading city bus from naver: 81 / 120
Downloading city bus from naver: 82 / 120
Downloading city bus from naver: 83 / 120
Downloading city bus from naver: 84 / 120
Downloading city bus from naver: 85 / 120
Downloading city bus from naver: 86 / 120
Downloading city bus from naver: 87 / 120
Downloading city bus from naver: 88 / 120
Downloading city bus from naver: 89 / 120
Downloading city bus from naver: 90 / 120
Downloading city bus from naver: 91 / 120
Downloading city bus from naver: 92 / 120
Downloading city bus from naver: 93 / 120
Downloading city bus from naver: 94 / 120
Downloading city bus from naver: 95 / 120
Downloading city bus from naver: 96 / 120
Downloading city bus from naver: 97 / 120
Downloading city bus from naver: 98 / 120
Downloading city bus from naver: 99 / 120
Downloading city bus from naver: 100 / 120
Downloading city bus from naver: 101 / 120
Downloading city bus from naver: 102 / 120
Downloading city bus from naver: 103 / 120
Downloading city bus from naver: 104 / 120
Downloading city bus from naver: 105 / 120
Downloading city bus from naver: 106 / 120
Downloading city bus from naver: 107 / 120
Downloading city bus from naver: 108 / 120
Downloading city bus from naver: 109 / 120
Downloading city bus from naver: 110 / 120
Downloading city bus from naver: 111 / 120
Downloading city bus from naver: 112 / 120
Downloading city bus from naver: 113 / 120
Downloading city bus from naver: 114 / 120
Downloading city bus from naver: 115 / 120
Downloading city bus from naver: 116 / 120
Downloading city bus from naver: 117 / 120
Downloading city bus from naver: 118 / 120
Downloading city bus from naver: 119 / 120
Downloading city bus from naver: 120 / 120
Done naver : city bus
_________________________________
Current web-browser version:	148.0.7778.168
Current chrome-driver version:	148.0.7778.167
_________________________________
Collecting links... public bus from naver
Scrolling down
Scraping links
Collect links done. Site: naver, Keyword: public bus, Total: 480
Downloading images from collected links... public bus from naver
Downloading public bus from naver: 1 / 120
Downloading public bus from naver: 2 / 120
Downloading public bus from naver: 3 / 120
Downloading public bus from naver: 4 / 120
Downloading public bus from naver: 5 / 120
Downloading public bus from naver: 6 / 120
Downloading public bus from naver: 7 / 120
Downloading public bus from naver: 8 / 120
Downloading public bus from naver: 9 / 120
Downloading public bus from naver: 10 / 120
Downloading public bus from naver: 11 / 120
Downloading public bus from naver: 12 / 120
Downloading public bus from naver: 13 / 120
Downloading public bus from naver: 14 / 120
Downloading public bus from naver: 15 / 120
Downloading public bus from naver: 16 / 120
Downloading public bus from naver: 17 / 120
Downloading public bus from naver: 18 / 120
Downloading public bus from naver: 19 / 120
Downloading public bus from naver: 20 / 120
Downloading public bus from naver: 21 / 120
Downloading public bus from naver: 22 / 120
Downloading public bus from naver: 23 / 120
Downloading public bus from naver: 24 / 120
Downloading public bus from naver: 25 / 120
Downloading public bus from naver: 26 / 120
Downloading public bus from naver: 27 / 120
Downloading public bus from naver: 28 / 120
Downloading public bus from naver: 29 / 120
Downloading public bus from naver: 30 / 120
Downloading public bus from naver: 31 / 120
Downloading public bus from naver: 32 / 120
Downloading public bus from naver: 33 / 120
Downloading public bus from naver: 34 / 120
Downloading public bus from naver: 35 / 120
Downloading public bus from naver: 36 / 120
Downloading public bus from naver: 37 / 120
Downloading public bus from naver: 38 / 120
Downloading public bus from naver: 39 / 120
Downloading public bus from naver: 40 / 120
Downloading public bus from naver: 41 / 120
_________________________________
Current web-browser version:	148.0.7778.168
Current chrome-driver version:	148.0.7778.167
_________________________________
Collecting links... bus from naver
Scrolling down
Scraping links
Collect links done. Site: naver, Keyword: bus, Total: 454
Downloading images from collected links... bus from naver
Downloading bus from naver: 1 / 120
Downloading bus from naver: 2 / 120
Downloading bus from naver: 3 / 120
Downloading bus from naver: 4 / 120
Downloading bus from naver: 5 / 120
Downloading bus from naver: 6 / 120
Downloading bus from naver: 7 / 120
Renamed extension jpg -> png
Downloading bus from naver: 8 / 120
Downloading bus from naver: 9 / 120
Downloading bus from naver: 10 / 120
Downloading bus from naver: 11 / 120
Downloading bus from naver: 12 / 120
Downloading bus from naver: 13 / 120
Downloading bus from naver: 14 / 120
Downloading bus from naver: 15 / 120
Downloading bus from naver: 16 / 120
Downloading bus from naver: 17 / 120
Downloading bus from naver: 18 / 120
Downloading bus from naver: 19 / 120
Downloading bus from naver: 20 / 120
Downloading bus from naver: 21 / 120
Downloading bus from naver: 22 / 120
Downloading bus from naver: 23 / 120
Downloading bus from naver: 24 / 120
Downloading bus from naver: 25 / 120
Downloading bus from naver: 26 / 120
Downloading bus from naver: 27 / 120
Downloading bus from naver: 28 / 120
Downloading bus from naver: 29 / 120
Downloading bus from naver: 30 / 120
Downloading bus from naver: 31 / 120
Downloading bus from naver: 32 / 120
Downloading bus from naver: 33 / 120
Downloading bus from naver: 34 / 120
Downloading bus from naver: 35 / 120
Downloading bus from naver: 36 / 120
Downloading bus from naver: 37 / 120
Downloading bus from naver: 38 / 120
Downloading bus from naver: 39 / 120
Downloading bus from naver: 40 / 120
Downloading bus from naver: 41 / 120
Downloading bus from naver: 42 / 120
Downloading bus from naver: 43 / 120
Downloading bus from naver: 44 / 120
Downloading bus from naver: 45 / 120
Downloading bus from naver: 46 / 120
Downloading bus from naver: 47 / 120
Downloading bus from naver: 48 / 120
Downloading bus from naver: 49 / 120
Downloading bus from naver: 50 / 120
Downloading bus from naver: 51 / 120
Downloading bus from naver: 52 / 120
Downloading bus from naver: 53 / 120
Downloading bus from naver: 54 / 120
Downloading bus from naver: 55 / 120
Downloading bus from naver: 56 / 120
Downloading bus from naver: 57 / 120
Downloading bus from naver: 58 / 120
Downloading bus from naver: 59 / 120
Downloading bus from naver: 60 / 120
Downloading bus from naver: 61 / 120
Downloading bus from naver: 62 / 120
Downloading bus from naver: 63 / 120
Downloading bus from naver: 64 / 120
Downloading bus from naver: 65 / 120
Downloading bus from naver: 66 / 120
Downloading bus from naver: 67 / 120
Downloading bus from naver: 68 / 120
Downloading bus from naver: 69 / 120
Downloading bus from naver: 70 / 120
Downloading bus from naver: 71 / 120
Downloading bus from naver: 72 / 120
Downloading bus from naver: 73 / 120
Downloading bus from naver: 74 / 120
Downloading bus from naver: 75 / 120
Downloading bus from naver: 76 / 120
Downloading bus from naver: 77 / 120
Downloading bus from naver: 78 / 120
Downloading bus from naver: 79 / 120
Downloading bus from naver: 80 / 120
Downloading bus from naver: 81 / 120
Downloading bus from naver: 82 / 120
Downloading bus from naver: 83 / 120
Downloading bus from naver: 84 / 120
Downloading bus from naver: 85 / 120
Downloading bus from naver: 86 / 120
Downloading bus from naver: 87 / 120
Downloading bus from naver: 88 / 120
Downloading bus from naver: 89 / 120
Downloading bus from naver: 90 / 120
Downloading bus from naver: 91 / 120
Downloading bus from naver: 92 / 120
Downloading bus from naver: 93 / 120
Downloading bus from naver: 94 / 120
Downloading bus from naver: 95 / 120
Downloading bus from naver: 96 / 120
Downloading bus from naver: 97 / 120
Downloading bus from naver: 98 / 120
Downloading bus from naver: 99 / 120
Downloading bus from naver: 100 / 120
Downloading bus from naver: 101 / 120
Downloading bus from naver: 102 / 120
Downloading bus from naver: 103 / 120
Downloading bus from naver: 104 / 120
Downloading bus from naver: 105 / 120
Downloading bus from naver: 106 / 120
Downloading bus from naver: 107 / 120
Downloading bus from naver: 108 / 120
Downloading bus from naver: 109 / 120
Downloading bus from naver: 110 / 120
Downloading bus from naver: 111 / 120
Downloading bus from naver: 112 / 120
Downloading bus from naver: 113 / 120
Downloading bus from naver: 114 / 120
Downloading bus from naver: 115 / 120
Downloading bus from naver: 116 / 120
Downloading bus from naver: 117 / 120
Downloading bus from naver: 118 / 120
Downloading bus from naver: 119 / 120
Downloading bus from naver: 120 / 120
Done naver : bus
_________________________________
Current web-browser version:	148.0.7778.168
Current chrome-driver version:	148.0.7778.167
_________________________________
Collecting links... coach bus from google
Scrolling down
Scraping links
Collect links done. Site: google, Keyword: coach bus, Total: 0
Downloading images from collected links... coach bus from google
Done google : coach bus
_________________________________
Current web-browser version:	148.0.7778.168
Current chrome-driver version:	148.0.7778.167
_________________________________
Collecting links... passenger bus from naver
Scrolling down
Scraping links
Collect links done. Site: naver, Keyword: passenger bus, Total: 486
Downloading images from collected links... passenger bus from naver
Downloading passenger bus from naver: 1 / 120
Downloading passenger bus from naver: 2 / 120
Downloading passenger bus from naver: 3 / 120
Downloading passenger bus from naver: 4 / 120
Downloading passenger bus from naver: 5 / 120
Downloading passenger bus from naver: 6 / 120
Downloading passenger bus from naver: 7 / 120
Downloading passenger bus from naver: 8 / 120
Downloading passenger bus from naver: 9 / 120
Downloading passenger bus from naver: 10 / 120
Downloading passenger bus from naver: 11 / 120
Downloading passenger bus from naver: 12 / 120
Downloading passenger bus from naver: 13 / 120
Downloading passenger bus from naver: 14 / 120
Downloading passenger bus from naver: 15 / 120
Downloading passenger bus from naver: 16 / 120
Downloading passenger bus from naver: 17 / 120
Downloading passenger bus from naver: 18 / 120
Downloading passenger bus from naver: 19 / 120
Downloading passenger bus from naver: 20 / 120
Downloading passenger bus from naver: 21 / 120
Downloading passenger bus from naver: 22 / 120
Downloading passenger bus from naver: 23 / 120
Downloading passenger bus from naver: 24 / 120
Downloading passenger bus from naver: 25 / 120
Downloading passenger bus from naver: 26 / 120
Downloading passenger bus from naver: 27 / 120
Downloading passenger bus from naver: 28 / 120
Downloading passenger bus from naver: 29 / 120
Downloading passenger bus from naver: 30 / 120
Downloading passenger bus from naver: 31 / 120
Downloading passenger bus from naver: 32 / 120
Downloading passenger bus from naver: 33 / 120
Downloading passenger bus from naver: 34 / 120
Downloading passenger bus from naver: 35 / 120
Downloading passenger bus from naver: 36 / 120
Downloading passenger bus from naver: 37 / 120
Downloading passenger bus from naver: 38 / 120
Downloading passenger bus from naver: 39 / 120
Downloading passenger bus from naver: 40 / 120
Downloading passenger bus from naver: 41 / 120
Downloading passenger bus from naver: 42 / 120
Downloading passenger bus from naver: 43 / 120
Downloading passenger bus from naver: 44 / 120
Downloading passenger bus from naver: 45 / 120
Downloading passenger bus from naver: 46 / 120
Downloading passenger bus from naver: 47 / 120
Downloading passenger bus from naver: 48 / 120
Downloading passenger bus from naver: 49 / 120
Downloading passenger bus from naver: 50 / 120
Downloading passenger bus from naver: 51 / 120
Options - skip:False, threads:4, google:True, naver:True, full_resolution:False, face:False, no_gui:False, limit:120, _proxy_list:['']
8 keywords found: ['bus', 'bus on road', 'city bus', 'coach bus', 'passenger bus', 'public bus', 'school bus', 'transit bus']
Task ended. Pool join.
Data imbalance checking...
dir: download/bus, file_count: 122
dir: download/bus on road, file_count: 122
dir: download/city bus, file_count: 122
dir: download/coach bus, file_count: 122
dir: download/passenger bus, file_count: 122
dir: download/public bus, file_count: 122
dir: download/school bus, file_count: 122
dir: download/transit bus, file_count: 122
Data imbalance not detected.
End Program
Project root: D:\Workspace\Nam4\KHDL\vehicle-classification\traffic_vehicle_classification
Selected sources: duckduckgo, google, naver
Target raw images per label: 300
[START] bus: current=0, target=300
[AutoCrawler] bus: crawling from google, naver
[DONE] bus: raw_count=300

[Crawl] label=car, current_raw=4, next_raw_goal=304

$ C:\Users\Admin\AppData\Local\Programs\Python\Python310\python.exe scripts/crawl_images.py --labels car --sources google,naver,duckduckgo --limit-per-label 304
_________________________________
Current web-browser version:	148.0.7778.168
Current chrome-driver version:	148.0.7778.167
_________________________________
Collecting links... car from naver
Scrolling down
Scraping links
Collect links done. Site: naver, Keyword: car, Total: 489
Downloading images from collected links... car from naver
Downloading car from naver: 1 / 120
Downloading car from naver: 2 / 120
Downloading car from naver: 3 / 120
Downloading car from naver: 4 / 120
Downloading car from naver: 5 / 120
Downloading car from naver: 6 / 120
Downloading car from naver: 7 / 120
Downloading car from naver: 8 / 120
Downloading car from naver: 9 / 120
Downloading car from naver: 10 / 120
Downloading car from naver: 11 / 120
Downloading car from naver: 12 / 120
Downloading car from naver: 13 / 120
Downloading car from naver: 14 / 120
Downloading car from naver: 15 / 120
Downloading car from naver: 16 / 120
Downloading car from naver: 17 / 120
Downloading car from naver: 18 / 120
Downloading car from naver: 19 / 120
Downloading car from naver: 20 / 120
Downloading car from naver: 21 / 120
Downloading car from naver: 22 / 120
Downloading car from naver: 23 / 120
Downloading car from naver: 24 / 120
Downloading car from naver: 25 / 120
Downloading car from naver: 26 / 120
Downloading car from naver: 27 / 120
Downloading car from naver: 28 / 120
Downloading car from naver: 29 / 120
Downloading car from naver: 30 / 120
Downloading car from naver: 31 / 120
Downloading car from naver: 32 / 120
Downloading car from naver: 33 / 120
Downloading car from naver: 34 / 120
Downloading car from naver: 35 / 120
Downloading car from naver: 36 / 120
Downloading car from naver: 37 / 120
Downloading car from naver: 38 / 120
Downloading car from naver: 39 / 120
Downloading car from naver: 40 / 120
Downloading car from naver: 41 / 120
Downloading car from naver: 42 / 120
Downloading car from naver: 43 / 120
Downloading car from naver: 44 / 120
Downloading car from naver: 45 / 120
Downloading car from naver: 46 / 120
Downloading car from naver: 47 / 120
Downloading car from naver: 48 / 120
Downloading car from naver: 49 / 120
Downloading car from naver: 50 / 120
Downloading car from naver: 51 / 120
Downloading car from naver: 52 / 120
Downloading car from naver: 53 / 120
Downloading car from naver: 54 / 120
Downloading car from naver: 55 / 120
Downloading car from naver: 56 / 120
Downloading car from naver: 57 / 120
Downloading car from naver: 58 / 120
Downloading car from naver: 59 / 120
Downloading car from naver: 60 / 120
Downloading car from naver: 61 / 120
Downloading car from naver: 62 / 120
Downloading car from naver: 63 / 120
Downloading car from naver: 64 / 120
Downloading car from naver: 65 / 120
Downloading car from naver: 66 / 120
Downloading car from naver: 67 / 120
Downloading car from naver: 68 / 120
Downloading car from naver: 69 / 120
Downloading car from naver: 70 / 120
Downloading car from naver: 71 / 120
Downloading car from naver: 72 / 120
Downloading car from naver: 73 / 120
Downloading car from naver: 74 / 120
Downloading car from naver: 75 / 120
Downloading car from naver: 76 / 120
Downloading car from naver: 77 / 120
Downloading car from naver: 78 / 120
Downloading car from naver: 79 / 120
Downloading car from naver: 80 / 120
Downloading car from naver: 81 / 120
Downloading car from naver: 82 / 120
Downloading car from naver: 83 / 120
Downloading car from naver: 84 / 120
Downloading car from naver: 85 / 120
Downloading car from naver: 86 / 120
Downloading car from naver: 87 / 120
Downloading car from naver: 88 / 120
Downloading car from naver: 89 / 120
Downloading car from naver: 90 / 120
Downloading car from naver: 91 / 120
Downloading car from naver: 92 / 120
Downloading car from naver: 93 / 120
Downloading car from naver: 94 / 120
Downloading car from naver: 95 / 120
Downloading car from naver: 96 / 120
Downloading car from naver: 97 / 120
Downloading car from naver: 98 / 120
Downloading car from naver: 99 / 120
Downloading car from naver: 100 / 120
Downloading car from naver: 101 / 120
Downloading car from naver: 102 / 120
Downloading car from naver: 103 / 120
Downloading car from naver: 104 / 120
Downloading car from naver: 105 / 120
Downloading car from naver: 106 / 120
Downloading car from naver: 107 / 120
Downloading car from naver: 108 / 120
Downloading car from naver: 109 / 120
Downloading car from naver: 110 / 120
Downloading car from naver: 111 / 120
Downloading car from naver: 112 / 120
Downloading car from naver: 113 / 120
Downloading car from naver: 114 / 120
Downloading car from naver: 115 / 120
Downloading car from naver: 116 / 120
Downloading car from naver: 117 / 120
Downloading car from naver: 118 / 120
Downloading car from naver: 119 / 120
Downloading car from naver: 120 / 120
Done naver : car
_________________________________
Current web-browser version:	148.0.7778.168
Current chrome-driver version:	148.0.7778.167
_________________________________
Collecting links... family car from google
Scrolling down
Scraping links
Collect links done. Site: google, Keyword: family car, Total: 0
Downloading images from collected links... family car from google
Done google : family car
_________________________________
Current web-browser version:	148.0.7778.168
Current chrome-driver version:	148.0.7778.167
_________________________________
Collecting links... hatchback car from naver
Scrolling down
Scraping links
Collect links done. Site: naver, Keyword: hatchback car, Total: 484
Downloading images from collected links... hatchback car from naver
Downloading hatchback car from naver: 1 / 120
Downloading hatchback car from naver: 2 / 120
Downloading hatchback car from naver: 3 / 120
Downloading hatchback car from naver: 4 / 120
Downloading hatchback car from naver: 5 / 120
Downloading hatchback car from naver: 6 / 120
Downloading hatchback car from naver: 7 / 120
Downloading hatchback car from naver: 8 / 120
Downloading hatchback car from naver: 9 / 120
Downloading hatchback car from naver: 10 / 120
Downloading hatchback car from naver: 11 / 120
Downloading hatchback car from naver: 12 / 120
Downloading hatchback car from naver: 13 / 120
Downloading hatchback car from naver: 14 / 120
Downloading hatchback car from naver: 15 / 120
Downloading hatchback car from naver: 16 / 120
Downloading hatchback car from naver: 17 / 120
Downloading hatchback car from naver: 18 / 120
Downloading hatchback car from naver: 19 / 120
Downloading hatchback car from naver: 20 / 120
Downloading hatchback car from naver: 21 / 120
Downloading hatchback car from naver: 22 / 120
Downloading hatchback car from naver: 23 / 120
Downloading hatchback car from naver: 24 / 120
Downloading hatchback car from naver: 25 / 120
Downloading hatchback car from naver: 26 / 120
Downloading hatchback car from naver: 27 / 120
Downloading hatchback car from naver: 28 / 120
Downloading hatchback car from naver: 29 / 120
Downloading hatchback car from naver: 30 / 120
Downloading hatchback car from naver: 31 / 120
Downloading hatchback car from naver: 32 / 120
Downloading hatchback car from naver: 33 / 120
Downloading hatchback car from naver: 34 / 120
Downloading hatchback car from naver: 35 / 120
Downloading hatchback car from naver: 36 / 120
Downloading hatchback car from naver: 37 / 120
Downloading hatchback car from naver: 38 / 120
Downloading hatchback car from naver: 39 / 120
Downloading hatchback car from naver: 40 / 120
Downloading hatchback car from naver: 41 / 120
Downloading hatchback car from naver: 42 / 120
Downloading hatchback car from naver: 43 / 120
Downloading hatchback car from naver: 44 / 120
Downloading hatchback car from naver: 45 / 120
Downloading hatchback car from naver: 46 / 120
Downloading hatchback car from naver: 47 / 120
Downloading hatchback car from naver: 48 / 120
Downloading hatchback car from naver: 49 / 120
Downloading hatchback car from naver: 50 / 120
Downloading hatchback car from naver: 51 / 120
_________________________________
Current web-browser version:	148.0.7778.168
Current chrome-driver version:	148.0.7778.167
_________________________________
Collecting links... car on street from google
Scrolling down
Scraping links
Collect links done. Site: google, Keyword: car on street, Total: 0
Downloading images from collected links... car on street from google
Done google : car on street
_________________________________
Current web-browser version:	148.0.7778.168
Current chrome-driver version:	148.0.7778.167
_________________________________
Collecting links... compact car from naver
Scrolling down
Scraping links
Collect links done. Site: naver, Keyword: compact car, Total: 492
Downloading images from collected links... compact car from naver
Downloading compact car from naver: 1 / 120
Downloading compact car from naver: 2 / 120
Downloading compact car from naver: 3 / 120
Downloading compact car from naver: 4 / 120
Downloading compact car from naver: 5 / 120
Downloading compact car from naver: 6 / 120
Downloading compact car from naver: 7 / 120
Downloading compact car from naver: 8 / 120
Downloading compact car from naver: 9 / 120
Downloading compact car from naver: 10 / 120
Downloading compact car from naver: 11 / 120
Downloading compact car from naver: 12 / 120
Downloading compact car from naver: 13 / 120
Downloading compact car from naver: 14 / 120
Downloading compact car from naver: 15 / 120
Downloading compact car from naver: 16 / 120
Downloading compact car from naver: 17 / 120
Downloading compact car from naver: 18 / 120
Downloading compact car from naver: 19 / 120
Downloading compact car from naver: 20 / 120
Downloading compact car from naver: 21 / 120
Downloading compact car from naver: 22 / 120
Downloading compact car from naver: 23 / 120
Downloading compact car from naver: 24 / 120
Downloading compact car from naver: 25 / 120
Downloading compact car from naver: 26 / 120
Downloading compact car from naver: 27 / 120
Downloading compact car from naver: 28 / 120
Downloading compact car from naver: 29 / 120
Downloading compact car from naver: 30 / 120
Downloading compact car from naver: 31 / 120
Downloading compact car from naver: 32 / 120
Downloading compact car from naver: 33 / 120
Downloading compact car from naver: 34 / 120
Downloading compact car from naver: 35 / 120
Downloading compact car from naver: 36 / 120
Downloading compact car from naver: 37 / 120
Downloading compact car from naver: 38 / 120
Downloading compact car from naver: 39 / 120
Downloading compact car from naver: 40 / 120
Downloading compact car from naver: 41 / 120
Downloading compact car from naver: 42 / 120
Downloading compact car from naver: 43 / 120
Downloading compact car from naver: 44 / 120
Downloading compact car from naver: 45 / 120
Downloading compact car from naver: 46 / 120
Downloading compact car from naver: 47 / 120
Downloading compact car from naver: 48 / 120
Downloading compact car from naver: 49 / 120
Downloading compact car from naver: 50 / 120
Downloading compact car from naver: 51 / 120
Downloading compact car from naver: 52 / 120
Downloading compact car from naver: 53 / 120
Downloading compact car from naver: 54 / 120
Downloading compact car from naver: 55 / 120
Downloading compact car from naver: 56 / 120
Downloading compact car from naver: 57 / 120
Downloading compact car from naver: 58 / 120
Downloading compact car from naver: 59 / 120
Downloading compact car from naver: 60 / 120
Downloading compact car from naver: 61 / 120
Downloading compact car from naver: 62 / 120
Downloading compact car from naver: 63 / 120
Downloading compact car from naver: 64 / 120
Downloading compact car from naver: 65 / 120
Downloading compact car from naver: 66 / 120
Downloading compact car from naver: 67 / 120
Downloading compact car from naver: 68 / 120
Downloading compact car from naver: 69 / 120
Downloading compact car from naver: 70 / 120
Downloading compact car from naver: 71 / 120
Downloading compact car from naver: 72 / 120
Downloading compact car from naver: 73 / 120
Downloading compact car from naver: 74 / 120
Downloading compact car from naver: 75 / 120
Downloading compact car from naver: 76 / 120
Downloading compact car from naver: 77 / 120
Downloading compact car from naver: 78 / 120
Downloading compact car from naver: 79 / 120
Downloading compact car from naver: 80 / 120
Downloading compact car from naver: 81 / 120
Downloading compact car from naver: 82 / 120
Downloading compact car from naver: 83 / 120
Downloading compact car from naver: 84 / 120
Downloading compact car from naver: 85 / 120
Downloading compact car from naver: 86 / 120
Downloading compact car from naver: 87 / 120
Downloading compact car from naver: 88 / 120
Downloading compact car from naver: 89 / 120
Downloading compact car from naver: 90 / 120
Downloading compact car from naver: 91 / 120
Downloading compact car from naver: 92 / 120
Downloading compact car from naver: 93 / 120
Downloading compact car from naver: 94 / 120
Downloading compact car from naver: 95 / 120
Downloading compact car from naver: 96 / 120
Downloading compact car from naver: 97 / 120
Downloading compact car from naver: 98 / 120
Downloading compact car from naver: 99 / 120
Downloading compact car from naver: 100 / 120
Downloading compact car from naver: 101 / 120
Downloading compact car from naver: 102 / 120
Downloading compact car from naver: 103 / 120
Downloading compact car from naver: 104 / 120
Downloading compact car from naver: 105 / 120
Downloading compact car from naver: 106 / 120
Downloading compact car from naver: 107 / 120
Downloading compact car from naver: 108 / 120
Downloading compact car from naver: 109 / 120
Downloading compact car from naver: 110 / 120
Downloading compact car from naver: 111 / 120
Downloading compact car from naver: 112 / 120
Downloading compact car from naver: 113 / 120
Downloading compact car from naver: 114 / 120
Downloading compact car from naver: 115 / 120
Downloading compact car from naver: 116 / 120
Downloading compact car from naver: 117 / 120
Downloading compact car from naver: 118 / 120
Downloading compact car from naver: 119 / 120
Downloading compact car from naver: 120 / 120
Done naver : compact car
_________________________________
Current web-browser version:	148.0.7778.168
Current chrome-driver version:	148.0.7778.167
_________________________________
Collecting links... road car from naver
Scrolling down
Scraping links
Collect links done. Site: naver, Keyword: road car, Total: 489
Downloading images from collected links... road car from naver
Downloading road car from naver: 1 / 120
Downloading road car from naver: 2 / 120
Downloading road car from naver: 3 / 120
Downloading road car from naver: 4 / 120
Downloading road car from naver: 5 / 120
Downloading road car from naver: 6 / 120
Downloading road car from naver: 7 / 120
Downloading road car from naver: 8 / 120
Downloading road car from naver: 9 / 120
Downloading road car from naver: 10 / 120
Downloading road car from naver: 11 / 120
Downloading road car from naver: 12 / 120
Downloading road car from naver: 13 / 120
Downloading road car from naver: 14 / 120
Downloading road car from naver: 15 / 120
Downloading road car from naver: 16 / 120
Downloading road car from naver: 17 / 120
Downloading road car from naver: 18 / 120
Downloading road car from naver: 19 / 120
Downloading road car from naver: 20 / 120
Downloading road car from naver: 21 / 120
Downloading road car from naver: 22 / 120
Downloading road car from naver: 23 / 120
Downloading road car from naver: 24 / 120
Downloading road car from naver: 25 / 120
Downloading road car from naver: 26 / 120
Downloading road car from naver: 27 / 120
Downloading road car from naver: 28 / 120
Downloading road car from naver: 29 / 120
Downloading road car from naver: 30 / 120
Downloading road car from naver: 31 / 120
Downloading road car from naver: 32 / 120
Downloading road car from naver: 33 / 120
Downloading road car from naver: 34 / 120
Options - skip:False, threads:4, google:True, naver:True, full_resolution:False, face:False, no_gui:False, limit:120, _proxy_list:['']
8 keywords found: ['car', 'car on street', 'compact car', 'family car', 'hatchback car', 'road car', 'sedan car', 'vehicle car']
Task ended. Pool join.
Data imbalance checking...
dir: download/car, file_count: 122
dir: download/car on street, file_count: 122
dir: download/compact car, file_count: 122
dir: download/family car, file_count: 122
dir: download/hatchback car, file_count: 122
dir: download/road car, file_count: 122
dir: download/sedan car, file_count: 122
dir: download/vehicle car, file_count: 122
Data imbalance not detected.
End Program
Project root: D:\Workspace\Nam4\KHDL\vehicle-classification\traffic_vehicle_classification
Selected sources: duckduckgo, google, naver
Target raw images per label: 304
[START] car: current=4, target=304
[AutoCrawler] car: crawling from google, naver
[DONE] car: raw_count=304

[Crawl] label=helicopter, current_raw=0, next_raw_goal=300

$ C:\Users\Admin\AppData\Local\Programs\Python\Python310\python.exe scripts/crawl_images.py --labels helicopter --sources google,naver,duckduckgo --limit-per-label 300
_________________________________
Current web-browser version:	148.0.7778.168
Current chrome-driver version:	148.0.7778.167
_________________________________
Collecting links... civilian helicopter from naver
Scrolling down
Scraping links
Collect links done. Site: naver, Keyword: civilian helicopter, Total: 255
Downloading images from collected links... civilian helicopter from naver
Downloading civilian helicopter from naver: 1 / 120
Downloading civilian helicopter from naver: 2 / 120
Downloading civilian helicopter from naver: 3 / 120
Downloading civilian helicopter from naver: 4 / 120
Downloading civilian helicopter from naver: 5 / 120
Downloading civilian helicopter from naver: 6 / 120
Downloading civilian helicopter from naver: 7 / 120
Downloading civilian helicopter from naver: 8 / 120
Downloading civilian helicopter from naver: 9 / 120
Downloading civilian helicopter from naver: 10 / 120
Downloading civilian helicopter from naver: 11 / 120
Downloading civilian helicopter from naver: 12 / 120
Downloading civilian helicopter from naver: 13 / 120
Downloading civilian helicopter from naver: 14 / 120
Downloading civilian helicopter from naver: 15 / 120
Downloading civilian helicopter from naver: 16 / 120
Downloading civilian helicopter from naver: 17 / 120
Downloading civilian helicopter from naver: 18 / 120
Downloading civilian helicopter from naver: 19 / 120
Downloading civilian helicopter from naver: 20 / 120
Downloading civilian helicopter from naver: 21 / 120
Downloading civilian helicopter from naver: 22 / 120
Downloading civilian helicopter from naver: 23 / 120
Downloading civilian helicopter from naver: 24 / 120
Downloading civilian helicopter from naver: 25 / 120
Downloading civilian helicopter from naver: 26 / 120
Downloading civilian helicopter from naver: 27 / 120
Downloading civilian helicopter from naver: 28 / 120
Downloading civilian helicopter from naver: 29 / 120
Downloading civilian helicopter from naver: 30 / 120
Downloading civilian helicopter from naver: 31 / 120
Downloading civilian helicopter from naver: 32 / 120
Downloading civilian helicopter from naver: 33 / 120
Downloading civilian helicopter from naver: 34 / 120
Downloading civilian helicopter from naver: 35 / 120
Downloading civilian helicopter from naver: 36 / 120
Downloading civilian helicopter from naver: 37 / 120
Downloading civilian helicopter from naver: 38 / 120
Downloading civilian helicopter from naver: 39 / 120
Downloading civilian helicopter from naver: 40 / 120
Downloading civilian helicopter from naver: 41 / 120
Downloading civilian helicopter from naver: 42 / 120
Downloading civilian helicopter from naver: 43 / 120
Downloading civilian helicopter from naver: 44 / 120
Downloading civilian helicopter from naver: 45 / 120
Downloading civilian helicopter from naver: 46 / 120
Downloading civilian helicopter from naver: 47 / 120
Downloading civilian helicopter from naver: 48 / 120
Downloading civilian helicopter from naver: 49 / 120
Downloading civilian helicopter from naver: 50 / 120
Downloading civilian helicopter from naver: 51 / 120
Downloading civilian helicopter from naver: 52 / 120
Downloading civilian helicopter from naver: 53 / 120
Downloading civilian helicopter from naver: 54 / 120
Downloading civilian helicopter from naver: 55 / 120
Downloading civilian helicopter from naver: 56 / 120
Downloading civilian helicopter from naver: 57 / 120
Downloading civilian helicopter from naver: 58 / 120
Downloading civilian helicopter from naver: 59 / 120
Downloading civilian helicopter from naver: 60 / 120
Downloading civilian helicopter from naver: 61 / 120
Downloading civilian helicopter from naver: 62 / 120
Downloading civilian helicopter from naver: 63 / 120
Downloading civilian helicopter from naver: 64 / 120
Downloading civilian helicopter from naver: 65 / 120
Downloading civilian helicopter from naver: 66 / 120
Downloading civilian helicopter from naver: 67 / 120
Downloading civilian helicopter from naver: 68 / 120
Downloading civilian helicopter from naver: 69 / 120
Downloading civilian helicopter from naver: 70 / 120
Downloading civilian helicopter from naver: 71 / 120
Downloading civilian helicopter from naver: 72 / 120
Downloading civilian helicopter from naver: 73 / 120
Downloading civilian helicopter from naver: 74 / 120
Downloading civilian helicopter from naver: 75 / 120
Downloading civilian helicopter from naver: 76 / 120
Downloading civilian helicopter from naver: 77 / 120
Downloading civilian helicopter from naver: 78 / 120
Downloading civilian helicopter from naver: 79 / 120
Downloading civilian helicopter from naver: 80 / 120
Downloading civilian helicopter from naver: 81 / 120
Downloading civilian helicopter from naver: 82 / 120
Downloading civilian helicopter from naver: 83 / 120
Downloading civilian helicopter from naver: 84 / 120
Downloading civilian helicopter from naver: 85 / 120
Downloading civilian helicopter from naver: 86 / 120
Downloading civilian helicopter from naver: 87 / 120
Downloading civilian helicopter from naver: 88 / 120
Downloading civilian helicopter from naver: 89 / 120
Downloading civilian helicopter from naver: 90 / 120
Downloading civilian helicopter from naver: 91 / 120
Downloading civilian helicopter from naver: 92 / 120
Downloading civilian helicopter from naver: 93 / 120
Downloading civilian helicopter from naver: 94 / 120
Downloading civilian helicopter from naver: 95 / 120
Downloading civilian helicopter from naver: 96 / 120
Downloading civilian helicopter from naver: 97 / 120
Downloading civilian helicopter from naver: 98 / 120
Downloading civilian helicopter from naver: 99 / 120
Downloading civilian helicopter from naver: 100 / 120
Downloading civilian helicopter from naver: 101 / 120
Downloading civilian helicopter from naver: 102 / 120
Downloading civilian helicopter from naver: 103 / 120
Downloading civilian helicopter from naver: 104 / 120
Downloading civilian helicopter from naver: 105 / 120
Downloading civilian helicopter from naver: 106 / 120
Downloading civilian helicopter from naver: 107 / 120
Downloading civilian helicopter from naver: 108 / 120
Downloading civilian helicopter from naver: 109 / 120
Downloading civilian helicopter from naver: 110 / 120
Downloading civilian helicopter from naver: 111 / 120
Downloading civilian helicopter from naver: 112 / 120
Downloading civilian helicopter from naver: 113 / 120
Downloading civilian helicopter from naver: 114 / 120
Downloading civilian helicopter from naver: 115 / 120
Downloading civilian helicopter from naver: 116 / 120
Downloading civilian helicopter from naver: 117 / 120
Downloading civilian helicopter from naver: 118 / 120
Downloading civilian helicopter from naver: 119 / 120
Downloading civilian helicopter from naver: 120 / 120
Done naver : civilian helicopter
_________________________________
Current web-browser version:	148.0.7778.168
Current chrome-driver version:	148.0.7778.167
_________________________________
Collecting links... helicopter landing from google
Scrolling down
Scraping links
Collect links done. Site: google, Keyword: helicopter landing, Total: 0
Downloading images from collected links... helicopter landing from google
Done google : helicopter landing
_________________________________
Current web-browser version:	148.0.7778.168
Current chrome-driver version:	148.0.7778.167
_________________________________
Collecting links... military helicopter from naver
Scrolling down
Scraping links
Collect links done. Site: naver, Keyword: military helicopter, Total: 492
Downloading images from collected links... military helicopter from naver
Downloading military helicopter from naver: 1 / 120
Downloading military helicopter from naver: 2 / 120
Downloading military helicopter from naver: 3 / 120
Downloading military helicopter from naver: 4 / 120
Downloading military helicopter from naver: 5 / 120
Downloading military helicopter from naver: 6 / 120
Downloading military helicopter from naver: 7 / 120
Downloading military helicopter from naver: 8 / 120
_________________________________
Current web-browser version:	148.0.7778.168
Current chrome-driver version:	148.0.7778.167
_________________________________
Collecting links... civilian helicopter from google
Scrolling down
Scraping links
Collect links done. Site: google, Keyword: civilian helicopter, Total: 0
Downloading images from collected links... civilian helicopter from google
Done google : civilian helicopter
_________________________________
Current web-browser version:	148.0.7778.168
Current chrome-driver version:	148.0.7778.167
_________________________________
Collecting links... helicopter flying from google
Scrolling down
Scraping links
Collect links done. Site: google, Keyword: helicopter flying, Total: 0
Downloading images from collected links... helicopter flying from google
Done google : helicopter flying
_________________________________
Current web-browser version:	148.0.7778.168
Current chrome-driver version:	148.0.7778.167
_________________________________
Collecting links... military helicopter from google
Scrolling down
Scraping links
Collect links done. Site: google, Keyword: military helicopter, Total: 0
Downloading images from collected links... military helicopter from google
Done google : military helicopter
_________________________________
Current web-browser version:	148.0.7778.168
Current chrome-driver version:	148.0.7778.167
_________________________________
Collecting links... police helicopter from naver
Scrolling down
Scraping links
Collect links done. Site: naver, Keyword: police helicopter, Total: 485
Downloading images from collected links... police helicopter from naver
Downloading police helicopter from naver: 1 / 120
Downloading police helicopter from naver: 2 / 120
Downloading police helicopter from naver: 3 / 120
Downloading police helicopter from naver: 4 / 120
Downloading police helicopter from naver: 5 / 120
Downloading police helicopter from naver: 6 / 120
Downloading police helicopter from naver: 7 / 120
Downloading police helicopter from naver: 8 / 120
Downloading police helicopter from naver: 9 / 120
Downloading police helicopter from naver: 10 / 120
Downloading police helicopter from naver: 11 / 120
Downloading police helicopter from naver: 12 / 120
Downloading police helicopter from naver: 13 / 120
Downloading police helicopter from naver: 14 / 120
Downloading police helicopter from naver: 15 / 120
Downloading police helicopter from naver: 16 / 120
Downloading police helicopter from naver: 17 / 120
Downloading police helicopter from naver: 18 / 120
Downloading police helicopter from naver: 19 / 120
Downloading police helicopter from naver: 20 / 120
Downloading police helicopter from naver: 21 / 120
Downloading police helicopter from naver: 22 / 120
Downloading police helicopter from naver: 23 / 120
Downloading police helicopter from naver: 24 / 120
Downloading police helicopter from naver: 25 / 120
Downloading police helicopter from naver: 26 / 120
Downloading police helicopter from naver: 27 / 120
Downloading police helicopter from naver: 28 / 120
Downloading police helicopter from naver: 29 / 120
Downloading police helicopter from naver: 30 / 120
Downloading police helicopter from naver: 31 / 120
Downloading police helicopter from naver: 32 / 120
Downloading police helicopter from naver: 33 / 120
Downloading police helicopter from naver: 34 / 120
Downloading police helicopter from naver: 35 / 120
Downloading police helicopter from naver: 36 / 120
Downloading police helicopter from naver: 37 / 120
Downloading police helicopter from naver: 38 / 120
Downloading police helicopter from naver: 39 / 120
Downloading police helicopter from naver: 40 / 120
Downloading police helicopter from naver: 41 / 120
Downloading police helicopter from naver: 42 / 120
Downloading police helicopter from naver: 43 / 120
Downloading police helicopter from naver: 44 / 120
Downloading police helicopter from naver: 45 / 120
Downloading police helicopter from naver: 46 / 120
Downloading police helicopter from naver: 47 / 120
Downloading police helicopter from naver: 48 / 120
Downloading police helicopter from naver: 49 / 120
Downloading police helicopter from naver: 50 / 120
Downloading police helicopter from naver: 51 / 120
Downloading police helicopter from naver: 52 / 120
Downloading police helicopter from naver: 53 / 120
Downloading police helicopter from naver: 54 / 120
Downloading police helicopter from naver: 55 / 120
Downloading police helicopter from naver: 56 / 120
Downloading police helicopter from naver: 57 / 120
Downloading police helicopter from naver: 58 / 120
Downloading police helicopter from naver: 59 / 120
Downloading police helicopter from naver: 60 / 120
Downloading police helicopter from naver: 61 / 120
Downloading police helicopter from naver: 62 / 120
Downloading police helicopter from naver: 63 / 120
Downloading police helicopter from naver: 64 / 120
Downloading police helicopter from naver: 65 / 120
Downloading police helicopter from naver: 66 / 120
Downloading police helicopter from naver: 67 / 120
Downloading police helicopter from naver: 68 / 120
Downloading police helicopter from naver: 69 / 120
Downloading police helicopter from naver: 70 / 120
Downloading police helicopter from naver: 71 / 120
Downloading police helicopter from naver: 72 / 120
Downloading police helicopter from naver: 73 / 120
Downloading police helicopter from naver: 74 / 120
Downloading police helicopter from naver: 75 / 120
Downloading police helicopter from naver: 76 / 120
Downloading police helicopter from naver: 77 / 120
Downloading police helicopter from naver: 78 / 120
Downloading police helicopter from naver: 79 / 120
Downloading police helicopter from naver: 80 / 120
Downloading police helicopter from naver: 81 / 120
Downloading police helicopter from naver: 82 / 120
Downloading police helicopter from naver: 83 / 120
Downloading police helicopter from naver: 84 / 120
Downloading police helicopter from naver: 85 / 120
Downloading police helicopter from naver: 86 / 120
Downloading police helicopter from naver: 87 / 120
Downloading police helicopter from naver: 88 / 120
Downloading police helicopter from naver: 89 / 120
Downloading police helicopter from naver: 90 / 120
Downloading police helicopter from naver: 91 / 120
Downloading police helicopter from naver: 92 / 120
Downloading police helicopter from naver: 93 / 120
Downloading police helicopter from naver: 94 / 120
Downloading police helicopter from naver: 95 / 120
Downloading police helicopter from naver: 96 / 120
Downloading police helicopter from naver: 97 / 120
Downloading police helicopter from naver: 98 / 120
Downloading police helicopter from naver: 99 / 120
Downloading police helicopter from naver: 100 / 120
Downloading police helicopter from naver: 101 / 120
Downloading police helicopter from naver: 102 / 120
Downloading police helicopter from naver: 103 / 120
Downloading police helicopter from naver: 104 / 120
Downloading police helicopter from naver: 105 / 120
Downloading police helicopter from naver: 106 / 120
Downloading police helicopter from naver: 107 / 120
Downloading police helicopter from naver: 108 / 120
Downloading police helicopter from naver: 109 / 120
Downloading police helicopter from naver: 110 / 120
Downloading police helicopter from naver: 111 / 120
Downloading police helicopter from naver: 112 / 120
Downloading police helicopter from naver: 113 / 120
Downloading police helicopter from naver: 114 / 120
Downloading police helicopter from naver: 115 / 120
Downloading police helicopter from naver: 116 / 120
Downloading police helicopter from naver: 117 / 120
Downloading police helicopter from naver: 118 / 120
Downloading police helicopter from naver: 119 / 120
Downloading police helicopter from naver: 120 / 120
Done naver : police helicopter
Options - skip:False, threads:4, google:True, naver:True, full_resolution:False, face:False, no_gui:False, limit:120, _proxy_list:['']
8 keywords found: ['civilian helicopter', 'helicopter', 'helicopter flying', 'helicopter landing', 'military helicopter', 'police helicopter', 'rescue helicopter', 'transport helicopter']
Task ended. Pool join.
Data imbalance checking...
dir: download/civilian helicopter, file_count: 122
dir: download/helicopter, file_count: 122
dir: download/helicopter flying, file_count: 122
dir: download/helicopter landing, file_count: 122
dir: download/military helicopter, file_count: 122
dir: download/police helicopter, file_count: 122
dir: download/rescue helicopter, file_count: 122
dir: download/transport helicopter, file_count: 122
Data imbalance not detected.
End Program
Project root: D:\Workspace\Nam4\KHDL\vehicle-classification\traffic_vehicle_classification
Selected sources: duckduckgo, google, naver
Target raw images per label: 300
[START] helicopter: current=0, target=300
[AutoCrawler] helicopter: crawling from google, naver
[DONE] helicopter: raw_count=300

[Crawl] label=minibus, current_raw=0, next_raw_goal=300

$ C:\Users\Admin\AppData\Local\Programs\Python\Python310\python.exe scripts/crawl_images.py --labels minibus --sources google,naver,duckduckgo --limit-per-label 300
_________________________________
Current web-browser version:	148.0.7778.168
Current chrome-driver version:	148.0.7778.167
_________________________________
Collecting links... mini bus from naver
Scrolling down
Scraping links
Collect links done. Site: naver, Keyword: mini bus, Total: 462
Downloading images from collected links... mini bus from naver
Downloading mini bus from naver: 1 / 120
Downloading mini bus from naver: 2 / 120
Downloading mini bus from naver: 3 / 120
Downloading mini bus from naver: 4 / 120
Downloading mini bus from naver: 5 / 120
Downloading mini bus from naver: 6 / 120
Downloading mini bus from naver: 7 / 120
Downloading mini bus from naver: 8 / 120
Downloading mini bus from naver: 9 / 120
Downloading mini bus from naver: 10 / 120
Downloading mini bus from naver: 11 / 120
Downloading mini bus from naver: 12 / 120
Downloading mini bus from naver: 13 / 120
Downloading mini bus from naver: 14 / 120
Downloading mini bus from naver: 15 / 120
Downloading mini bus from naver: 16 / 120
Downloading mini bus from naver: 17 / 120
Downloading mini bus from naver: 18 / 120
Downloading mini bus from naver: 19 / 120
Downloading mini bus from naver: 20 / 120
Downloading mini bus from naver: 21 / 120
Downloading mini bus from naver: 22 / 120
Downloading mini bus from naver: 23 / 120
Downloading mini bus from naver: 24 / 120
Downloading mini bus from naver: 25 / 120
Downloading mini bus from naver: 26 / 120
Downloading mini bus from naver: 27 / 120
Downloading mini bus from naver: 28 / 120
Downloading mini bus from naver: 29 / 120
Downloading mini bus from naver: 30 / 120
Downloading mini bus from naver: 31 / 120
Downloading mini bus from naver: 32 / 120
Downloading mini bus from naver: 33 / 120
Downloading mini bus from naver: 34 / 120
Downloading mini bus from naver: 35 / 120
Downloading mini bus from naver: 36 / 120
Downloading mini bus from naver: 37 / 120
Downloading mini bus from naver: 38 / 120
Downloading mini bus from naver: 39 / 120
Downloading mini bus from naver: 40 / 120
Downloading mini bus from naver: 41 / 120
Downloading mini bus from naver: 42 / 120
Downloading mini bus from naver: 43 / 120
Downloading mini bus from naver: 44 / 120
Downloading mini bus from naver: 45 / 120
Downloading mini bus from naver: 46 / 120
Downloading mini bus from naver: 47 / 120
Downloading mini bus from naver: 48 / 120
Downloading mini bus from naver: 49 / 120
Downloading mini bus from naver: 50 / 120
Downloading mini bus from naver: 51 / 120
Downloading mini bus from naver: 52 / 120
Downloading mini bus from naver: 53 / 120
Downloading mini bus from naver: 54 / 120
Downloading mini bus from naver: 55 / 120
Downloading mini bus from naver: 56 / 120
Downloading mini bus from naver: 57 / 120
Downloading mini bus from naver: 58 / 120
Downloading mini bus from naver: 59 / 120
Downloading mini bus from naver: 60 / 120
Downloading mini bus from naver: 61 / 120
Downloading mini bus from naver: 62 / 120
Downloading mini bus from naver: 63 / 120
Downloading mini bus from naver: 64 / 120
Downloading mini bus from naver: 65 / 120
Downloading mini bus from naver: 66 / 120
Downloading mini bus from naver: 67 / 120
Downloading mini bus from naver: 68 / 120
Downloading mini bus from naver: 69 / 120
Downloading mini bus from naver: 70 / 120
Downloading mini bus from naver: 71 / 120
Downloading mini bus from naver: 72 / 120
Downloading mini bus from naver: 73 / 120
Downloading mini bus from naver: 74 / 120
Downloading mini bus from naver: 75 / 120
Downloading mini bus from naver: 76 / 120
Downloading mini bus from naver: 77 / 120
Downloading mini bus from naver: 78 / 120
Downloading mini bus from naver: 79 / 120
Downloading mini bus from naver: 80 / 120
Downloading mini bus from naver: 81 / 120
Downloading mini bus from naver: 82 / 120
Downloading mini bus from naver: 83 / 120
Downloading mini bus from naver: 84 / 120
Downloading mini bus from naver: 85 / 120
Downloading mini bus from naver: 86 / 120
Downloading mini bus from naver: 87 / 120
Downloading mini bus from naver: 88 / 120
Downloading mini bus from naver: 89 / 120
Downloading mini bus from naver: 90 / 120
Downloading mini bus from naver: 91 / 120
Downloading mini bus from naver: 92 / 120
Downloading mini bus from naver: 93 / 120
Downloading mini bus from naver: 94 / 120
Downloading mini bus from naver: 95 / 120
Downloading mini bus from naver: 96 / 120
Downloading mini bus from naver: 97 / 120
Downloading mini bus from naver: 98 / 120
Downloading mini bus from naver: 99 / 120
Downloading mini bus from naver: 100 / 120
Downloading mini bus from naver: 101 / 120
Downloading mini bus from naver: 102 / 120
Downloading mini bus from naver: 103 / 120
Downloading mini bus from naver: 104 / 120
Downloading mini bus from naver: 105 / 120
Downloading mini bus from naver: 106 / 120
Downloading mini bus from naver: 107 / 120
Downloading mini bus from naver: 108 / 120
Downloading mini bus from naver: 109 / 120
Downloading mini bus from naver: 110 / 120
Downloading mini bus from naver: 111 / 120
Downloading mini bus from naver: 112 / 120
Downloading mini bus from naver: 113 / 120
Downloading mini bus from naver: 114 / 120
Downloading mini bus from naver: 115 / 120
Downloading mini bus from naver: 116 / 120
Downloading mini bus from naver: 117 / 120
Downloading mini bus from naver: 118 / 120
Downloading mini bus from naver: 119 / 120
Downloading mini bus from naver: 120 / 120
Done naver : mini bus
_________________________________
Current web-browser version:	148.0.7778.168
Current chrome-driver version:	148.0.7778.167
_________________________________
Collecting links... minibus on road from naver
Scrolling down
Scraping links
Collect links done. Site: naver, Keyword: minibus on road, Total: 445
Downloading images from collected links... minibus on road from naver
Downloading minibus on road from naver: 1 / 120
Downloading minibus on road from naver: 2 / 120
Downloading minibus on road from naver: 3 / 120
Downloading minibus on road from naver: 4 / 120
Downloading minibus on road from naver: 5 / 120
Downloading minibus on road from naver: 6 / 120
Downloading minibus on road from naver: 7 / 120
Downloading minibus on road from naver: 8 / 120
Downloading minibus on road from naver: 9 / 120
Downloading minibus on road from naver: 10 / 120
Downloading minibus on road from naver: 11 / 120
Downloading minibus on road from naver: 12 / 120
Downloading minibus on road from naver: 13 / 120
Downloading minibus on road from naver: 14 / 120
Downloading minibus on road from naver: 15 / 120
Downloading minibus on road from naver: 16 / 120
Downloading minibus on road from naver: 17 / 120
Downloading minibus on road from naver: 18 / 120
Downloading minibus on road from naver: 19 / 120
Downloading minibus on road from naver: 20 / 120
Downloading minibus on road from naver: 21 / 120
Downloading minibus on road from naver: 22 / 120
Downloading minibus on road from naver: 23 / 120
Downloading minibus on road from naver: 24 / 120
Downloading minibus on road from naver: 25 / 120
Downloading minibus on road from naver: 26 / 120
Downloading minibus on road from naver: 27 / 120
Downloading minibus on road from naver: 28 / 120
Downloading minibus on road from naver: 29 / 120
Downloading minibus on road from naver: 30 / 120
Downloading minibus on road from naver: 31 / 120
Downloading minibus on road from naver: 32 / 120
Downloading minibus on road from naver: 33 / 120
Downloading minibus on road from naver: 34 / 120
Downloading minibus on road from naver: 35 / 120
Downloading minibus on road from naver: 36 / 120
Downloading minibus on road from naver: 37 / 120
Downloading minibus on road from naver: 38 / 120
Downloading minibus on road from naver: 39 / 120
Downloading minibus on road from naver: 40 / 120
Downloading minibus on road from naver: 41 / 120
Downloading minibus on road from naver: 42 / 120
Downloading minibus on road from naver: 43 / 120
Downloading minibus on road from naver: 44 / 120
Downloading minibus on road from naver: 45 / 120
_________________________________
Current web-browser version:	148.0.7778.168
Current chrome-driver version:	148.0.7778.167
_________________________________
Collecting links... commuter minibus from naver
Scrolling down
Scraping links
Collect links done. Site: naver, Keyword: commuter minibus, Total: 4
Downloading images from collected links... commuter minibus from naver
Downloading commuter minibus from naver: 1 / 120
Downloading commuter minibus from naver: 2 / 120
Downloading commuter minibus from naver: 3 / 120
Downloading commuter minibus from naver: 4 / 120
Done naver : commuter minibus
_________________________________
Current web-browser version:	148.0.7778.168
Current chrome-driver version:	148.0.7778.167
_________________________________
Collecting links... minibus on road from google
Scrolling down
Scraping links
Collect links done. Site: google, Keyword: minibus on road, Total: 0
Downloading images from collected links... minibus on road from google
Done google : minibus on road
_________________________________
Current web-browser version:	148.0.7778.168
Current chrome-driver version:	148.0.7778.167
_________________________________
Collecting links... passenger minibus from naver
Scrolling down
Scraping links
Collect links done. Site: naver, Keyword: passenger minibus, Total: 220
Downloading images from collected links... passenger minibus from naver
Downloading passenger minibus from naver: 1 / 120
Downloading passenger minibus from naver: 2 / 120
Downloading passenger minibus from naver: 3 / 120
Downloading passenger minibus from naver: 4 / 120
Downloading passenger minibus from naver: 5 / 120
Downloading passenger minibus from naver: 6 / 120
Downloading passenger minibus from naver: 7 / 120
Downloading passenger minibus from naver: 8 / 120
Downloading passenger minibus from naver: 9 / 120
Downloading passenger minibus from naver: 10 / 120
Downloading passenger minibus from naver: 11 / 120
Downloading passenger minibus from naver: 12 / 120
Downloading passenger minibus from naver: 13 / 120
Downloading passenger minibus from naver: 14 / 120
Downloading passenger minibus from naver: 15 / 120
Downloading passenger minibus from naver: 16 / 120
Downloading passenger minibus from naver: 17 / 120
Downloading passenger minibus from naver: 18 / 120
Downloading passenger minibus from naver: 19 / 120
Downloading passenger minibus from naver: 20 / 120
Downloading passenger minibus from naver: 21 / 120
Downloading passenger minibus from naver: 22 / 120
Downloading passenger minibus from naver: 23 / 120
Downloading passenger minibus from naver: 24 / 120
Downloading passenger minibus from naver: 25 / 120
Downloading passenger minibus from naver: 26 / 120
Downloading passenger minibus from naver: 27 / 120
Downloading passenger minibus from naver: 28 / 120
Downloading passenger minibus from naver: 29 / 120
Downloading passenger minibus from naver: 30 / 120
Downloading passenger minibus from naver: 31 / 120
Downloading passenger minibus from naver: 32 / 120
Downloading passenger minibus from naver: 33 / 120
Downloading passenger minibus from naver: 34 / 120
Downloading passenger minibus from naver: 35 / 120
Downloading passenger minibus from naver: 36 / 120
Downloading passenger minibus from naver: 37 / 120
Downloading passenger minibus from naver: 38 / 120
Downloading passenger minibus from naver: 39 / 120
Downloading passenger minibus from naver: 40 / 120
Downloading passenger minibus from naver: 41 / 120
Downloading passenger minibus from naver: 42 / 120
Downloading passenger minibus from naver: 43 / 120
Downloading passenger minibus from naver: 44 / 120
Downloading passenger minibus from naver: 45 / 120
Downloading passenger minibus from naver: 46 / 120
Downloading passenger minibus from naver: 47 / 120
Downloading passenger minibus from naver: 48 / 120
Downloading passenger minibus from naver: 49 / 120
Downloading passenger minibus from naver: 50 / 120
Downloading passenger minibus from naver: 51 / 120
Downloading passenger minibus from naver: 52 / 120
Downloading passenger minibus from naver: 53 / 120
Downloading passenger minibus from naver: 54 / 120
Downloading passenger minibus from naver: 55 / 120
Downloading passenger minibus from naver: 56 / 120
Downloading passenger minibus from naver: 57 / 120
Downloading passenger minibus from naver: 58 / 120
Downloading passenger minibus from naver: 59 / 120
Downloading passenger minibus from naver: 60 / 120
Downloading passenger minibus from naver: 61 / 120
Downloading passenger minibus from naver: 62 / 120
Downloading passenger minibus from naver: 63 / 120
Downloading passenger minibus from naver: 64 / 120
Downloading passenger minibus from naver: 65 / 120
Downloading passenger minibus from naver: 66 / 120
Downloading passenger minibus from naver: 67 / 120
Downloading passenger minibus from naver: 68 / 120
Downloading passenger minibus from naver: 69 / 120
Downloading passenger minibus from naver: 70 / 120
Downloading passenger minibus from naver: 71 / 120
Downloading passenger minibus from naver: 72 / 120
Downloading passenger minibus from naver: 73 / 120
Downloading passenger minibus from naver: 74 / 120
Downloading passenger minibus from naver: 75 / 120
Downloading passenger minibus from naver: 76 / 120
Downloading passenger minibus from naver: 77 / 120
Downloading passenger minibus from naver: 78 / 120
Downloading passenger minibus from naver: 79 / 120
Downloading passenger minibus from naver: 80 / 120
Downloading passenger minibus from naver: 81 / 120
Downloading passenger minibus from naver: 82 / 120
Downloading passenger minibus from naver: 83 / 120
Downloading passenger minibus from naver: 84 / 120
Downloading passenger minibus from naver: 85 / 120
Downloading passenger minibus from naver: 86 / 120
Downloading passenger minibus from naver: 87 / 120
Downloading passenger minibus from naver: 88 / 120
Downloading passenger minibus from naver: 89 / 120
Downloading passenger minibus from naver: 90 / 120
Downloading passenger minibus from naver: 91 / 120
Downloading passenger minibus from naver: 92 / 120
Downloading passenger minibus from naver: 93 / 120
Downloading passenger minibus from naver: 94 / 120
Downloading passenger minibus from naver: 95 / 120
Downloading passenger minibus from naver: 96 / 120
Downloading passenger minibus from naver: 97 / 120
Downloading passenger minibus from naver: 98 / 120
Downloading passenger minibus from naver: 99 / 120
Downloading passenger minibus from naver: 100 / 120
Downloading passenger minibus from naver: 101 / 120
Downloading passenger minibus from naver: 102 / 120
Downloading passenger minibus from naver: 103 / 120
Downloading passenger minibus from naver: 104 / 120
Downloading passenger minibus from naver: 105 / 120
Downloading passenger minibus from naver: 106 / 120
Downloading passenger minibus from naver: 107 / 120
Downloading passenger minibus from naver: 108 / 120
Downloading passenger minibus from naver: 109 / 120
Downloading passenger minibus from naver: 110 / 120
Downloading passenger minibus from naver: 111 / 120
Downloading passenger minibus from naver: 112 / 120
Downloading passenger minibus from naver: 113 / 120
Downloading passenger minibus from naver: 114 / 120
Downloading passenger minibus from naver: 115 / 120
Downloading passenger minibus from naver: 116 / 120
Downloading passenger minibus from naver: 117 / 120
Downloading passenger minibus from naver: 118 / 120
Downloading passenger minibus from naver: 119 / 120
Downloading passenger minibus from naver: 120 / 120
Done naver : passenger minibus
_________________________________
Current web-browser version:	148.0.7778.168
Current chrome-driver version:	148.0.7778.167
_________________________________
Collecting links... van minibus from google
Scrolling down
Scraping links
Collect links done. Site: google, Keyword: van minibus, Total: 0
Downloading images from collected links... van minibus from google
Done google : van minibus
Options - skip:False, threads:4, google:True, naver:True, full_resolution:False, face:False, no_gui:False, limit:120, _proxy_list:['']
8 keywords found: ['commuter minibus', 'mini bus', 'minibus', 'minibus on road', 'passenger minibus', 'shuttle minibus', 'small bus', 'van minibus']
Task ended. Pool join.
Data imbalance checking...
dir: download/commuter minibus, file_count: 6
dir: download/mini bus, file_count: 122
dir: download/minibus, file_count: 122
dir: download/minibus on road, file_count: 122
dir: download/passenger minibus, file_count: 122
dir: download/shuttle minibus, file_count: 103
dir: download/small bus, file_count: 122
dir: download/van minibus, file_count: 122
Data imbalance detected.
Below keywords have smaller than 50% of average file count.
I recommend you to remove these directories and re-download for that keyword.
_________________________________
Too small file count directories:
dir: download/commuter minibus, file_count: 6
Remove directories above? (y/n)
End Program
Project root: D:\Workspace\Nam4\KHDL\vehicle-classification\traffic_vehicle_classification
Selected sources: duckduckgo, google, naver
Target raw images per label: 300
[START] minibus: current=0, target=300
[AutoCrawler] minibus: crawling from google, naver
[DONE] minibus: raw_count=300

[Crawl] label=motorcycle, current_raw=0, next_raw_goal=300

$ C:\Users\Admin\AppData\Local\Programs\Python\Python310\python.exe scripts/crawl_images.py --labels motorcycle --sources google,naver,duckduckgo --limit-per-label 300
_________________________________
Current web-browser version:	148.0.7778.168
Current chrome-driver version:	148.0.7778.167
_________________________________
Collecting links... motorbike from google
Scrolling down
Scraping links
Collect links done. Site: google, Keyword: motorbike, Total: 0
Downloading images from collected links... motorbike from google
Done google : motorbike
_________________________________
Current web-browser version:	148.0.7778.168
Current chrome-driver version:	148.0.7778.167
_________________________________
Collecting links... motorcycle from naver
Scrolling down
Scraping links
Collect links done. Site: naver, Keyword: motorcycle, Total: 491
Downloading images from collected links... motorcycle from naver
Downloading motorcycle from naver: 1 / 120
Downloading motorcycle from naver: 2 / 120
Downloading motorcycle from naver: 3 / 120
Downloading motorcycle from naver: 4 / 120
Downloading motorcycle from naver: 5 / 120
Downloading motorcycle from naver: 6 / 120
Downloading motorcycle from naver: 7 / 120
Downloading motorcycle from naver: 8 / 120
Downloading motorcycle from naver: 9 / 120
Downloading motorcycle from naver: 10 / 120
Downloading motorcycle from naver: 11 / 120
Downloading motorcycle from naver: 12 / 120
Downloading motorcycle from naver: 13 / 120
Downloading motorcycle from naver: 14 / 120
Downloading motorcycle from naver: 15 / 120
Downloading motorcycle from naver: 16 / 120
Downloading motorcycle from naver: 17 / 120
Downloading motorcycle from naver: 18 / 120
Downloading motorcycle from naver: 19 / 120
Downloading motorcycle from naver: 20 / 120
Downloading motorcycle from naver: 21 / 120
Downloading motorcycle from naver: 22 / 120
Downloading motorcycle from naver: 23 / 120
Downloading motorcycle from naver: 24 / 120
Downloading motorcycle from naver: 25 / 120
Downloading motorcycle from naver: 26 / 120
Downloading motorcycle from naver: 27 / 120
Downloading motorcycle from naver: 28 / 120
Downloading motorcycle from naver: 29 / 120
Downloading motorcycle from naver: 30 / 120
Downloading motorcycle from naver: 31 / 120
Downloading motorcycle from naver: 32 / 120
Downloading motorcycle from naver: 33 / 120
Downloading motorcycle from naver: 34 / 120
Downloading motorcycle from naver: 35 / 120
Downloading motorcycle from naver: 36 / 120
Downloading motorcycle from naver: 37 / 120
Downloading motorcycle from naver: 38 / 120
Downloading motorcycle from naver: 39 / 120
Downloading motorcycle from naver: 40 / 120
Downloading motorcycle from naver: 41 / 120
Downloading motorcycle from naver: 42 / 120
Downloading motorcycle from naver: 43 / 120
Downloading motorcycle from naver: 44 / 120
Downloading motorcycle from naver: 45 / 120
Downloading motorcycle from naver: 46 / 120
Downloading motorcycle from naver: 47 / 120
Downloading motorcycle from naver: 48 / 120
Downloading motorcycle from naver: 49 / 120
Downloading motorcycle from naver: 50 / 120
Downloading motorcycle from naver: 51 / 120
Downloading motorcycle from naver: 52 / 120
Downloading motorcycle from naver: 53 / 120
Downloading motorcycle from naver: 54 / 120
Downloading motorcycle from naver: 55 / 120
Downloading motorcycle from naver: 56 / 120
Downloading motorcycle from naver: 57 / 120
Downloading motorcycle from naver: 58 / 120
Downloading motorcycle from naver: 59 / 120
Downloading motorcycle from naver: 60 / 120
Downloading motorcycle from naver: 61 / 120
Downloading motorcycle from naver: 62 / 120
Downloading motorcycle from naver: 63 / 120
Downloading motorcycle from naver: 64 / 120
Downloading motorcycle from naver: 65 / 120
Downloading motorcycle from naver: 66 / 120
Downloading motorcycle from naver: 67 / 120
Downloading motorcycle from naver: 68 / 120
Downloading motorcycle from naver: 69 / 120
Downloading motorcycle from naver: 70 / 120
Downloading motorcycle from naver: 71 / 120
Downloading motorcycle from naver: 72 / 120
Downloading motorcycle from naver: 73 / 120
Downloading motorcycle from naver: 74 / 120
Downloading motorcycle from naver: 75 / 120
Downloading motorcycle from naver: 76 / 120
Downloading motorcycle from naver: 77 / 120
Downloading motorcycle from naver: 78 / 120
Downloading motorcycle from naver: 79 / 120
Downloading motorcycle from naver: 80 / 120
Renamed extension jpg -> png
Downloading motorcycle from naver: 81 / 120
Downloading motorcycle from naver: 82 / 120
Downloading motorcycle from naver: 83 / 120
Downloading motorcycle from naver: 84 / 120
Downloading motorcycle from naver: 85 / 120
Downloading motorcycle from naver: 86 / 120
Downloading motorcycle from naver: 87 / 120
Downloading motorcycle from naver: 88 / 120
Downloading motorcycle from naver: 89 / 120
Downloading motorcycle from naver: 90 / 120
Downloading motorcycle from naver: 91 / 120
Downloading motorcycle from naver: 92 / 120
Downloading motorcycle from naver: 93 / 120
Downloading motorcycle from naver: 94 / 120
Downloading motorcycle from naver: 95 / 120
Downloading motorcycle from naver: 96 / 120
Downloading motorcycle from naver: 97 / 120
Downloading motorcycle from naver: 98 / 120
Downloading motorcycle from naver: 99 / 120
Downloading motorcycle from naver: 100 / 120
Downloading motorcycle from naver: 101 / 120
Downloading motorcycle from naver: 102 / 120
Downloading motorcycle from naver: 103 / 120
Downloading motorcycle from naver: 104 / 120
Downloading motorcycle from naver: 105 / 120
Downloading motorcycle from naver: 106 / 120
Downloading motorcycle from naver: 107 / 120
Downloading motorcycle from naver: 108 / 120
Downloading motorcycle from naver: 109 / 120
Downloading motorcycle from naver: 110 / 120
Downloading motorcycle from naver: 111 / 120
Renamed extension jpg -> png
Downloading motorcycle from naver: 112 / 120
Downloading motorcycle from naver: 113 / 120
Downloading motorcycle from naver: 114 / 120
Downloading motorcycle from naver: 115 / 120
Downloading motorcycle from naver: 116 / 120
Downloading motorcycle from naver: 117 / 120
Downloading motorcycle from naver: 118 / 120
Downloading motorcycle from naver: 119 / 120
Downloading motorcycle from naver: 120 / 120
Done naver : motorcycle
_________________________________
Current web-browser version:	148.0.7778.168
Current chrome-driver version:	148.0.7778.167
_________________________________
Collecting links... sport motorcycle from naver
Scrolling down
Scraping links
Collect links done. Site: naver, Keyword: sport motorcycle, Total: 494
Downloading images from collected links... sport motorcycle from naver
Downloading sport motorcycle from naver: 1 / 120
Downloading sport motorcycle from naver: 2 / 120
Downloading sport motorcycle from naver: 3 / 120
Downloading sport motorcycle from naver: 4 / 120
Downloading sport motorcycle from naver: 5 / 120
Downloading sport motorcycle from naver: 6 / 120
Downloading sport motorcycle from naver: 7 / 120
Downloading sport motorcycle from naver: 8 / 120
Downloading sport motorcycle from naver: 9 / 120
Downloading sport motorcycle from naver: 10 / 120
Downloading sport motorcycle from naver: 11 / 120
Downloading sport motorcycle from naver: 12 / 120
Downloading sport motorcycle from naver: 13 / 120
Downloading sport motorcycle from naver: 14 / 120
Downloading sport motorcycle from naver: 15 / 120
Downloading sport motorcycle from naver: 16 / 120
Downloading sport motorcycle from naver: 17 / 120
Downloading sport motorcycle from naver: 18 / 120
Downloading sport motorcycle from naver: 19 / 120
Downloading sport motorcycle from naver: 20 / 120
Downloading sport motorcycle from naver: 21 / 120
Downloading sport motorcycle from naver: 22 / 120
Downloading sport motorcycle from naver: 23 / 120
Downloading sport motorcycle from naver: 24 / 120
Downloading sport motorcycle from naver: 25 / 120
Downloading sport motorcycle from naver: 26 / 120
Downloading sport motorcycle from naver: 27 / 120
Downloading sport motorcycle from naver: 28 / 120
Downloading sport motorcycle from naver: 29 / 120
Downloading sport motorcycle from naver: 30 / 120
_________________________________
Current web-browser version:	148.0.7778.168
Current chrome-driver version:	148.0.7778.167
_________________________________
Collecting links... motor scooter from naver
Scrolling down
Scraping links
Collect links done. Site: naver, Keyword: motor scooter, Total: 494
Downloading images from collected links... motor scooter from naver
Downloading motor scooter from naver: 1 / 120
Downloading motor scooter from naver: 2 / 120
Downloading motor scooter from naver: 3 / 120
Downloading motor scooter from naver: 4 / 120
Downloading motor scooter from naver: 5 / 120
Downloading motor scooter from naver: 6 / 120
Downloading motor scooter from naver: 7 / 120
Downloading motor scooter from naver: 8 / 120
Downloading motor scooter from naver: 9 / 120
Downloading motor scooter from naver: 10 / 120
Downloading motor scooter from naver: 11 / 120
Downloading motor scooter from naver: 12 / 120
Downloading motor scooter from naver: 13 / 120
Downloading motor scooter from naver: 14 / 120
Downloading motor scooter from naver: 15 / 120
Downloading motor scooter from naver: 16 / 120
Downloading motor scooter from naver: 17 / 120
Downloading motor scooter from naver: 18 / 120
Downloading motor scooter from naver: 19 / 120
Downloading motor scooter from naver: 20 / 120
Downloading motor scooter from naver: 21 / 120
Downloading motor scooter from naver: 22 / 120
Downloading motor scooter from naver: 23 / 120
Downloading motor scooter from naver: 24 / 120
Downloading motor scooter from naver: 25 / 120
Downloading motor scooter from naver: 26 / 120
Downloading motor scooter from naver: 27 / 120
Downloading motor scooter from naver: 28 / 120
Downloading motor scooter from naver: 29 / 120
Downloading motor scooter from naver: 30 / 120
Downloading motor scooter from naver: 31 / 120
Downloading motor scooter from naver: 32 / 120
Downloading motor scooter from naver: 33 / 120
Downloading motor scooter from naver: 34 / 120
Downloading motor scooter from naver: 35 / 120
Downloading motor scooter from naver: 36 / 120
Downloading motor scooter from naver: 37 / 120
Downloading motor scooter from naver: 38 / 120
Downloading motor scooter from naver: 39 / 120
Downloading motor scooter from naver: 40 / 120
Downloading motor scooter from naver: 41 / 120
Downloading motor scooter from naver: 42 / 120
Downloading motor scooter from naver: 43 / 120
Downloading motor scooter from naver: 44 / 120
Downloading motor scooter from naver: 45 / 120
Downloading motor scooter from naver: 46 / 120
Downloading motor scooter from naver: 47 / 120
Downloading motor scooter from naver: 48 / 120
Downloading motor scooter from naver: 49 / 120
Downloading motor scooter from naver: 50 / 120
Downloading motor scooter from naver: 51 / 120
Downloading motor scooter from naver: 52 / 120
Downloading motor scooter from naver: 53 / 120
Downloading motor scooter from naver: 54 / 120
Downloading motor scooter from naver: 55 / 120
Downloading motor scooter from naver: 56 / 120
Downloading motor scooter from naver: 57 / 120
Downloading motor scooter from naver: 58 / 120
Downloading motor scooter from naver: 59 / 120
Downloading motor scooter from naver: 60 / 120
Downloading motor scooter from naver: 61 / 120
Downloading motor scooter from naver: 62 / 120
Downloading motor scooter from naver: 63 / 120
Downloading motor scooter from naver: 64 / 120
Downloading motor scooter from naver: 65 / 120
Downloading motor scooter from naver: 66 / 120
Downloading motor scooter from naver: 67 / 120
Downloading motor scooter from naver: 68 / 120
Downloading motor scooter from naver: 69 / 120
Downloading motor scooter from naver: 70 / 120
Downloading motor scooter from naver: 71 / 120
Downloading motor scooter from naver: 72 / 120
Downloading motor scooter from naver: 73 / 120
Downloading motor scooter from naver: 74 / 120
Downloading motor scooter from naver: 75 / 120
Downloading motor scooter from naver: 76 / 120
Downloading motor scooter from naver: 77 / 120
Downloading motor scooter from naver: 78 / 120
Downloading motor scooter from naver: 79 / 120
Downloading motor scooter from naver: 80 / 120
Downloading motor scooter from naver: 81 / 120
Downloading motor scooter from naver: 82 / 120
Downloading motor scooter from naver: 83 / 120
Downloading motor scooter from naver: 84 / 120
Downloading motor scooter from naver: 85 / 120
Downloading motor scooter from naver: 86 / 120
Downloading motor scooter from naver: 87 / 120
Downloading motor scooter from naver: 88 / 120
Downloading motor scooter from naver: 89 / 120
Downloading motor scooter from naver: 90 / 120
Downloading motor scooter from naver: 91 / 120
Downloading motor scooter from naver: 92 / 120
Downloading motor scooter from naver: 93 / 120
Downloading motor scooter from naver: 94 / 120
Downloading motor scooter from naver: 95 / 120
Downloading motor scooter from naver: 96 / 120
Downloading motor scooter from naver: 97 / 120
Downloading motor scooter from naver: 98 / 120
Downloading motor scooter from naver: 99 / 120
Downloading motor scooter from naver: 100 / 120
Downloading motor scooter from naver: 101 / 120
Downloading motor scooter from naver: 102 / 120
Downloading motor scooter from naver: 103 / 120
Downloading motor scooter from naver: 104 / 120
Downloading motor scooter from naver: 105 / 120
Downloading motor scooter from naver: 106 / 120
Downloading motor scooter from naver: 107 / 120
Downloading motor scooter from naver: 108 / 120
Downloading motor scooter from naver: 109 / 120
Downloading motor scooter from naver: 110 / 120
Downloading motor scooter from naver: 111 / 120
Downloading motor scooter from naver: 112 / 120
Downloading motor scooter from naver: 113 / 120
Downloading motor scooter from naver: 114 / 120
Downloading motor scooter from naver: 115 / 120
Downloading motor scooter from naver: 116 / 120
Downloading motor scooter from naver: 117 / 120
Downloading motor scooter from naver: 118 / 120
Downloading motor scooter from naver: 119 / 120
Downloading motor scooter from naver: 120 / 120
Done naver : motor scooter
_________________________________
Current web-browser version:	148.0.7778.168
Current chrome-driver version:	148.0.7778.167
_________________________________
Collecting links... motorcycle on road from google
Scrolling down
Scraping links
Collect links done. Site: google, Keyword: motorcycle on road, Total: 0
Downloading images from collected links... motorcycle on road from google
Done google : motorcycle on road
_________________________________
Current web-browser version:	148.0.7778.168
Current chrome-driver version:	148.0.7778.167
_________________________________
Collecting links... scooter motorcycle from naver
Scrolling down
Scraping links
Collect links done. Site: naver, Keyword: scooter motorcycle, Total: 493
Downloading images from collected links... scooter motorcycle from naver
Downloading scooter motorcycle from naver: 1 / 120
Downloading scooter motorcycle from naver: 2 / 120
Downloading scooter motorcycle from naver: 3 / 120
Downloading scooter motorcycle from naver: 4 / 120
Downloading scooter motorcycle from naver: 5 / 120
Downloading scooter motorcycle from naver: 6 / 120
Downloading scooter motorcycle from naver: 7 / 120
Downloading scooter motorcycle from naver: 8 / 120
Downloading scooter motorcycle from naver: 9 / 120
Downloading scooter motorcycle from naver: 10 / 120
Downloading scooter motorcycle from naver: 11 / 120
Downloading scooter motorcycle from naver: 12 / 120
Downloading scooter motorcycle from naver: 13 / 120
Downloading scooter motorcycle from naver: 14 / 120
Downloading scooter motorcycle from naver: 15 / 120
Downloading scooter motorcycle from naver: 16 / 120
Downloading scooter motorcycle from naver: 17 / 120
Downloading scooter motorcycle from naver: 18 / 120
Downloading scooter motorcycle from naver: 19 / 120
Downloading scooter motorcycle from naver: 20 / 120
Downloading scooter motorcycle from naver: 21 / 120
Downloading scooter motorcycle from naver: 22 / 120
Options - skip:False, threads:4, google:True, naver:True, full_resolution:False, face:False, no_gui:False, limit:120, _proxy_list:['']
8 keywords found: ['motor scooter', 'motorbike', 'motorcycle', 'motorcycle on road', 'scooter motorcycle', 'sport motorcycle', 'street motorcycle', 'touring motorcycle']
Task ended. Pool join.
Data imbalance checking...
dir: download/motor scooter, file_count: 122
dir: download/motorbike, file_count: 122
dir: download/motorcycle, file_count: 122
dir: download/motorcycle on road, file_count: 122
dir: download/scooter motorcycle, file_count: 122
dir: download/sport motorcycle, file_count: 122
dir: download/street motorcycle, file_count: 122
dir: download/touring motorcycle, file_count: 122
Data imbalance not detected.
End Program
Project root: D:\Workspace\Nam4\KHDL\vehicle-classification\traffic_vehicle_classification
Selected sources: duckduckgo, google, naver
Target raw images per label: 300
[START] motorcycle: current=0, target=300
[AutoCrawler] motorcycle: crawling from google, naver
[DONE] motorcycle: raw_count=300

[Crawl] label=taxi, current_raw=0, next_raw_goal=300

$ C:\Users\Admin\AppData\Local\Programs\Python\Python310\python.exe scripts/crawl_images.py --labels taxi --sources google,naver,duckduckgo --limit-per-label 300
_________________________________
Current web-browser version:	148.0.7778.168
Current chrome-driver version:	148.0.7778.167
_________________________________
Collecting links... airport taxi from naver
Scrolling down
Scraping links
Collect links done. Site: naver, Keyword: airport taxi, Total: 487
Downloading images from collected links... airport taxi from naver
Downloading airport taxi from naver: 1 / 120
Downloading airport taxi from naver: 2 / 120
Downloading airport taxi from naver: 3 / 120
Downloading airport taxi from naver: 4 / 120
Downloading airport taxi from naver: 5 / 120
Downloading airport taxi from naver: 6 / 120
Downloading airport taxi from naver: 7 / 120
Downloading airport taxi from naver: 8 / 120
Downloading airport taxi from naver: 9 / 120
Downloading airport taxi from naver: 10 / 120
Downloading airport taxi from naver: 11 / 120
Downloading airport taxi from naver: 12 / 120
Downloading airport taxi from naver: 13 / 120
Downloading airport taxi from naver: 14 / 120
Downloading airport taxi from naver: 15 / 120
Downloading airport taxi from naver: 16 / 120
Downloading airport taxi from naver: 17 / 120
Downloading airport taxi from naver: 18 / 120
Downloading airport taxi from naver: 19 / 120
Downloading airport taxi from naver: 20 / 120
Downloading airport taxi from naver: 21 / 120
Downloading airport taxi from naver: 22 / 120
Downloading airport taxi from naver: 23 / 120
Downloading airport taxi from naver: 24 / 120
Downloading airport taxi from naver: 25 / 120
Downloading airport taxi from naver: 26 / 120
Downloading airport taxi from naver: 27 / 120
Downloading airport taxi from naver: 28 / 120
Downloading airport taxi from naver: 29 / 120
Downloading airport taxi from naver: 30 / 120
Downloading airport taxi from naver: 31 / 120
Downloading airport taxi from naver: 32 / 120
Downloading airport taxi from naver: 33 / 120
Downloading airport taxi from naver: 34 / 120
Downloading airport taxi from naver: 35 / 120
Downloading airport taxi from naver: 36 / 120
Downloading airport taxi from naver: 37 / 120
Downloading airport taxi from naver: 38 / 120
Downloading airport taxi from naver: 39 / 120
Downloading airport taxi from naver: 40 / 120
Downloading airport taxi from naver: 41 / 120
Downloading airport taxi from naver: 42 / 120
Downloading airport taxi from naver: 43 / 120
Downloading airport taxi from naver: 44 / 120
Downloading airport taxi from naver: 45 / 120
Downloading airport taxi from naver: 46 / 120
Downloading airport taxi from naver: 47 / 120
Downloading airport taxi from naver: 48 / 120
Downloading airport taxi from naver: 49 / 120
Downloading airport taxi from naver: 50 / 120
Downloading airport taxi from naver: 51 / 120
Downloading airport taxi from naver: 52 / 120
Downloading airport taxi from naver: 53 / 120
Downloading airport taxi from naver: 54 / 120
Downloading airport taxi from naver: 55 / 120
Downloading airport taxi from naver: 56 / 120
Downloading airport taxi from naver: 57 / 120
Downloading airport taxi from naver: 58 / 120
Downloading airport taxi from naver: 59 / 120
Downloading airport taxi from naver: 60 / 120
Downloading airport taxi from naver: 61 / 120
Downloading airport taxi from naver: 62 / 120
Downloading airport taxi from naver: 63 / 120
Downloading airport taxi from naver: 64 / 120
Downloading airport taxi from naver: 65 / 120
Downloading airport taxi from naver: 66 / 120
Downloading airport taxi from naver: 67 / 120
Downloading airport taxi from naver: 68 / 120
Downloading airport taxi from naver: 69 / 120
Downloading airport taxi from naver: 70 / 120
Downloading airport taxi from naver: 71 / 120
Downloading airport taxi from naver: 72 / 120
Downloading airport taxi from naver: 73 / 120
Downloading airport taxi from naver: 74 / 120
Downloading airport taxi from naver: 75 / 120
Downloading airport taxi from naver: 76 / 120
Downloading airport taxi from naver: 77 / 120
Downloading airport taxi from naver: 78 / 120
Downloading airport taxi from naver: 79 / 120
Downloading airport taxi from naver: 80 / 120
Downloading airport taxi from naver: 81 / 120
Downloading airport taxi from naver: 82 / 120
Downloading airport taxi from naver: 83 / 120
Downloading airport taxi from naver: 84 / 120
Downloading airport taxi from naver: 85 / 120
Downloading airport taxi from naver: 86 / 120
Downloading airport taxi from naver: 87 / 120
Downloading airport taxi from naver: 88 / 120
Downloading airport taxi from naver: 89 / 120
Downloading airport taxi from naver: 90 / 120
Downloading airport taxi from naver: 91 / 120
Downloading airport taxi from naver: 92 / 120
Downloading airport taxi from naver: 93 / 120
Downloading airport taxi from naver: 94 / 120
Downloading airport taxi from naver: 95 / 120
Downloading airport taxi from naver: 96 / 120
Downloading airport taxi from naver: 97 / 120
Downloading airport taxi from naver: 98 / 120
Downloading airport taxi from naver: 99 / 120
Downloading airport taxi from naver: 100 / 120
Downloading airport taxi from naver: 101 / 120
Downloading airport taxi from naver: 102 / 120
Downloading airport taxi from naver: 103 / 120
Downloading airport taxi from naver: 104 / 120
Downloading airport taxi from naver: 105 / 120
Downloading airport taxi from naver: 106 / 120
Downloading airport taxi from naver: 107 / 120
Downloading airport taxi from naver: 108 / 120
Downloading airport taxi from naver: 109 / 120
Downloading airport taxi from naver: 110 / 120
Downloading airport taxi from naver: 111 / 120
Downloading airport taxi from naver: 112 / 120
Downloading airport taxi from naver: 113 / 120
Downloading airport taxi from naver: 114 / 120
Downloading airport taxi from naver: 115 / 120
Downloading airport taxi from naver: 116 / 120
Downloading airport taxi from naver: 117 / 120
Downloading airport taxi from naver: 118 / 120
Downloading airport taxi from naver: 119 / 120
Downloading airport taxi from naver: 120 / 120
Done naver : airport taxi
_________________________________
Current web-browser version:	148.0.7778.168
Current chrome-driver version:	148.0.7778.167
_________________________________
Collecting links... metered taxi from google
Scrolling down
Scraping links
Collect links done. Site: google, Keyword: metered taxi, Total: 0
Downloading images from collected links... metered taxi from google
Done google : metered taxi
_________________________________
Current web-browser version:	148.0.7778.168
Current chrome-driver version:	148.0.7778.167
_________________________________
Collecting links... taxi from naver
Scrolling down
Scraping links
Collect links done. Site: naver, Keyword: taxi, Total: 490
Downloading images from collected links... taxi from naver
Downloading taxi from naver: 1 / 120
Downloading taxi from naver: 2 / 120
Downloading taxi from naver: 3 / 120
Downloading taxi from naver: 4 / 120
Downloading taxi from naver: 5 / 120
Downloading taxi from naver: 6 / 120
Downloading taxi from naver: 7 / 120
Downloading taxi from naver: 8 / 120
Downloading taxi from naver: 9 / 120
Downloading taxi from naver: 10 / 120
Downloading taxi from naver: 11 / 120
Downloading taxi from naver: 12 / 120
Downloading taxi from naver: 13 / 120
Downloading taxi from naver: 14 / 120
Downloading taxi from naver: 15 / 120
Downloading taxi from naver: 16 / 120
Downloading taxi from naver: 17 / 120
Downloading taxi from naver: 18 / 120
Downloading taxi from naver: 19 / 120
Downloading taxi from naver: 20 / 120
Downloading taxi from naver: 21 / 120
Downloading taxi from naver: 22 / 120
Downloading taxi from naver: 23 / 120
Downloading taxi from naver: 24 / 120
Downloading taxi from naver: 25 / 120
Downloading taxi from naver: 26 / 120
Downloading taxi from naver: 27 / 120
Downloading taxi from naver: 28 / 120
Downloading taxi from naver: 29 / 120
Downloading taxi from naver: 30 / 120
Downloading taxi from naver: 31 / 120
Downloading taxi from naver: 32 / 120
Downloading taxi from naver: 33 / 120
Downloading taxi from naver: 34 / 120
Downloading taxi from naver: 35 / 120
_________________________________
Current web-browser version:	148.0.7778.168
Current chrome-driver version:	148.0.7778.167
_________________________________
Collecting links... cab car from naver
Scrolling down
Scraping links
Collect links done. Site: naver, Keyword: cab car, Total: 491
Downloading images from collected links... cab car from naver
Downloading cab car from naver: 1 / 120
Downloading cab car from naver: 2 / 120
Downloading cab car from naver: 3 / 120
Downloading cab car from naver: 4 / 120
Downloading cab car from naver: 5 / 120
Downloading cab car from naver: 6 / 120
Downloading cab car from naver: 7 / 120
Downloading cab car from naver: 8 / 120
Downloading cab car from naver: 9 / 120
Downloading cab car from naver: 10 / 120
Downloading cab car from naver: 11 / 120
Downloading cab car from naver: 12 / 120
Downloading cab car from naver: 13 / 120
Downloading cab car from naver: 14 / 120
Downloading cab car from naver: 15 / 120
Downloading cab car from naver: 16 / 120
Downloading cab car from naver: 17 / 120
Downloading cab car from naver: 18 / 120
Downloading cab car from naver: 19 / 120
Downloading cab car from naver: 20 / 120
Downloading cab car from naver: 21 / 120
Downloading cab car from naver: 22 / 120
Downloading cab car from naver: 23 / 120
Downloading cab car from naver: 24 / 120
Downloading cab car from naver: 25 / 120
Downloading cab car from naver: 26 / 120
Downloading cab car from naver: 27 / 120
Downloading cab car from naver: 28 / 120
Downloading cab car from naver: 29 / 120
Downloading cab car from naver: 30 / 120
Downloading cab car from naver: 31 / 120
Downloading cab car from naver: 32 / 120
Downloading cab car from naver: 33 / 120
Downloading cab car from naver: 34 / 120
Downloading cab car from naver: 35 / 120
Downloading cab car from naver: 36 / 120
Downloading cab car from naver: 37 / 120
Downloading cab car from naver: 38 / 120
Downloading cab car from naver: 39 / 120
Downloading cab car from naver: 40 / 120
Downloading cab car from naver: 41 / 120
Downloading cab car from naver: 42 / 120
Downloading cab car from naver: 43 / 120
Downloading cab car from naver: 44 / 120
Downloading cab car from naver: 45 / 120
Downloading cab car from naver: 46 / 120
Downloading cab car from naver: 47 / 120
Downloading cab car from naver: 48 / 120
Downloading cab car from naver: 49 / 120
Downloading cab car from naver: 50 / 120
Downloading cab car from naver: 51 / 120
Downloading cab car from naver: 52 / 120
Downloading cab car from naver: 53 / 120
Downloading cab car from naver: 54 / 120
Downloading cab car from naver: 55 / 120
Downloading cab car from naver: 56 / 120
Downloading cab car from naver: 57 / 120
Downloading cab car from naver: 58 / 120
Downloading cab car from naver: 59 / 120
Downloading cab car from naver: 60 / 120
Downloading cab car from naver: 61 / 120
Downloading cab car from naver: 62 / 120
Downloading cab car from naver: 63 / 120
Downloading cab car from naver: 64 / 120
Downloading cab car from naver: 65 / 120
Downloading cab car from naver: 66 / 120
Downloading cab car from naver: 67 / 120
Downloading cab car from naver: 68 / 120
Downloading cab car from naver: 69 / 120
Downloading cab car from naver: 70 / 120
Downloading cab car from naver: 71 / 120
Downloading cab car from naver: 72 / 120
Downloading cab car from naver: 73 / 120
Downloading cab car from naver: 74 / 120
Downloading cab car from naver: 75 / 120
Downloading cab car from naver: 76 / 120
Downloading cab car from naver: 77 / 120
Downloading cab car from naver: 78 / 120
Downloading cab car from naver: 79 / 120
Downloading cab car from naver: 80 / 120
Downloading cab car from naver: 81 / 120
Downloading cab car from naver: 82 / 120
Downloading cab car from naver: 83 / 120
Downloading cab car from naver: 84 / 120
Downloading cab car from naver: 85 / 120
Downloading cab car from naver: 86 / 120
Downloading cab car from naver: 87 / 120
Downloading cab car from naver: 88 / 120
Downloading cab car from naver: 89 / 120
Downloading cab car from naver: 90 / 120
Downloading cab car from naver: 91 / 120
Downloading cab car from naver: 92 / 120
Downloading cab car from naver: 93 / 120
Downloading cab car from naver: 94 / 120
Downloading cab car from naver: 95 / 120
Downloading cab car from naver: 96 / 120
Downloading cab car from naver: 97 / 120
Downloading cab car from naver: 98 / 120
Downloading cab car from naver: 99 / 120
Downloading cab car from naver: 100 / 120
Downloading cab car from naver: 101 / 120
Downloading cab car from naver: 102 / 120
Downloading cab car from naver: 103 / 120
Downloading cab car from naver: 104 / 120
Downloading cab car from naver: 105 / 120
Downloading cab car from naver: 106 / 120
Downloading cab car from naver: 107 / 120
Downloading cab car from naver: 108 / 120
Downloading cab car from naver: 109 / 120
Downloading cab car from naver: 110 / 120
Downloading cab car from naver: 111 / 120
Downloading cab car from naver: 112 / 120
Downloading cab car from naver: 113 / 120
Downloading cab car from naver: 114 / 120
Downloading cab car from naver: 115 / 120
Downloading cab car from naver: 116 / 120
Downloading cab car from naver: 117 / 120
Downloading cab car from naver: 118 / 120
Downloading cab car from naver: 119 / 120
Downloading cab car from naver: 120 / 120
Done naver : cab car
_________________________________
Current web-browser version:	148.0.7778.168
Current chrome-driver version:	148.0.7778.167
_________________________________
Collecting links... taxi from google
Scrolling down
Scraping links
Collect links done. Site: google, Keyword: taxi, Total: 0
Downloading images from collected links... taxi from google
Done google : taxi
_________________________________
Current web-browser version:	148.0.7778.168
Current chrome-driver version:	148.0.7778.167
_________________________________
Collecting links... taxi cab from naver
Scrolling down
Scraping links
Collect links done. Site: naver, Keyword: taxi cab, Total: 489
Downloading images from collected links... taxi cab from naver
Downloading taxi cab from naver: 1 / 120
Downloading taxi cab from naver: 2 / 120
Downloading taxi cab from naver: 3 / 120
Downloading taxi cab from naver: 4 / 120
Downloading taxi cab from naver: 5 / 120
Downloading taxi cab from naver: 6 / 120
Downloading taxi cab from naver: 7 / 120
Downloading taxi cab from naver: 8 / 120
Downloading taxi cab from naver: 9 / 120
Downloading taxi cab from naver: 10 / 120
Downloading taxi cab from naver: 11 / 120
Downloading taxi cab from naver: 12 / 120
Downloading taxi cab from naver: 13 / 120
Downloading taxi cab from naver: 14 / 120
Downloading taxi cab from naver: 15 / 120
Downloading taxi cab from naver: 16 / 120
Downloading taxi cab from naver: 17 / 120
Downloading taxi cab from naver: 18 / 120
Downloading taxi cab from naver: 19 / 120
Downloading taxi cab from naver: 20 / 120
Downloading taxi cab from naver: 21 / 120
Downloading taxi cab from naver: 22 / 120
Downloading taxi cab from naver: 23 / 120
Downloading taxi cab from naver: 24 / 120
Downloading taxi cab from naver: 25 / 120
Downloading taxi cab from naver: 26 / 120
Downloading taxi cab from naver: 27 / 120
Downloading taxi cab from naver: 28 / 120
Downloading taxi cab from naver: 29 / 120
Downloading taxi cab from naver: 30 / 120
Downloading taxi cab from naver: 31 / 120
Downloading taxi cab from naver: 32 / 120
Downloading taxi cab from naver: 33 / 120
Downloading taxi cab from naver: 34 / 120
Downloading taxi cab from naver: 35 / 120
Downloading taxi cab from naver: 36 / 120
Downloading taxi cab from naver: 37 / 120
Downloading taxi cab from naver: 38 / 120
Downloading taxi cab from naver: 39 / 120
Downloading taxi cab from naver: 40 / 120
Downloading taxi cab from naver: 41 / 120
Downloading taxi cab from naver: 42 / 120
Downloading taxi cab from naver: 43 / 120
Downloading taxi cab from naver: 44 / 120
Downloading taxi cab from naver: 45 / 120
Downloading taxi cab from naver: 46 / 120
Downloading taxi cab from naver: 47 / 120
Options - skip:False, threads:4, google:True, naver:True, full_resolution:False, face:False, no_gui:False, limit:120, _proxy_list:['']
8 keywords found: ['airport taxi', 'cab car', 'city taxi', 'metered taxi', 'taxi', 'taxi cab', 'taxi on street', 'yellow taxi']
Task ended. Pool join.
Data imbalance checking...
dir: download/airport taxi, file_count: 122
dir: download/cab car, file_count: 122
dir: download/city taxi, file_count: 122
dir: download/metered taxi, file_count: 60
dir: download/taxi, file_count: 122
dir: download/taxi cab, file_count: 122
dir: download/taxi on street, file_count: 122
dir: download/yellow taxi, file_count: 122
Data imbalance not detected.
End Program
Project root: D:\Workspace\Nam4\KHDL\vehicle-classification\traffic_vehicle_classification
Selected sources: duckduckgo, google, naver
Target raw images per label: 300
[START] taxi: current=0, target=300
[AutoCrawler] taxi: crawling from google, naver
[DONE] taxi: raw_count=300

[Crawl] label=train, current_raw=0, next_raw_goal=300

$ C:\Users\Admin\AppData\Local\Programs\Python\Python310\python.exe scripts/crawl_images.py --labels train --sources google,naver,duckduckgo --limit-per-label 300
_________________________________
Current web-browser version:	148.0.7778.168
Current chrome-driver version:	148.0.7778.167
_________________________________
Collecting links... commuter train from naver
Scrolling down
Scraping links
Collect links done. Site: naver, Keyword: commuter train, Total: 492
Downloading images from collected links... commuter train from naver
Downloading commuter train from naver: 1 / 120
Downloading commuter train from naver: 2 / 120
Downloading commuter train from naver: 3 / 120
Downloading commuter train from naver: 4 / 120
Downloading commuter train from naver: 5 / 120
Downloading commuter train from naver: 6 / 120
Downloading commuter train from naver: 7 / 120
Downloading commuter train from naver: 8 / 120
Downloading commuter train from naver: 9 / 120
Downloading commuter train from naver: 10 / 120
Downloading commuter train from naver: 11 / 120
Downloading commuter train from naver: 12 / 120
Downloading commuter train from naver: 13 / 120
Downloading commuter train from naver: 14 / 120
Downloading commuter train from naver: 15 / 120
Downloading commuter train from naver: 16 / 120
Downloading commuter train from naver: 17 / 120
Downloading commuter train from naver: 18 / 120
Downloading commuter train from naver: 19 / 120
Downloading commuter train from naver: 20 / 120
Downloading commuter train from naver: 21 / 120
Downloading commuter train from naver: 22 / 120
Downloading commuter train from naver: 23 / 120
Downloading commuter train from naver: 24 / 120
Downloading commuter train from naver: 25 / 120
Downloading commuter train from naver: 26 / 120
Downloading commuter train from naver: 27 / 120
Downloading commuter train from naver: 28 / 120
Downloading commuter train from naver: 29 / 120
Downloading commuter train from naver: 30 / 120
Downloading commuter train from naver: 31 / 120
Downloading commuter train from naver: 32 / 120
Downloading commuter train from naver: 33 / 120
Downloading commuter train from naver: 34 / 120
Downloading commuter train from naver: 35 / 120
Downloading commuter train from naver: 36 / 120
Downloading commuter train from naver: 37 / 120
Downloading commuter train from naver: 38 / 120
Downloading commuter train from naver: 39 / 120
Downloading commuter train from naver: 40 / 120
Downloading commuter train from naver: 41 / 120
Downloading commuter train from naver: 42 / 120
Downloading commuter train from naver: 43 / 120
Downloading commuter train from naver: 44 / 120
Downloading commuter train from naver: 45 / 120
Downloading commuter train from naver: 46 / 120
Downloading commuter train from naver: 47 / 120
Downloading commuter train from naver: 48 / 120
Downloading commuter train from naver: 49 / 120
Downloading commuter train from naver: 50 / 120
Downloading commuter train from naver: 51 / 120
Downloading commuter train from naver: 52 / 120
Downloading commuter train from naver: 53 / 120
Downloading commuter train from naver: 54 / 120
Downloading commuter train from naver: 55 / 120
Downloading commuter train from naver: 56 / 120
Downloading commuter train from naver: 57 / 120
Downloading commuter train from naver: 58 / 120
Downloading commuter train from naver: 59 / 120
Downloading commuter train from naver: 60 / 120
Downloading commuter train from naver: 61 / 120
Downloading commuter train from naver: 62 / 120
Downloading commuter train from naver: 63 / 120
Downloading commuter train from naver: 64 / 120
Downloading commuter train from naver: 65 / 120
Downloading commuter train from naver: 66 / 120
Downloading commuter train from naver: 67 / 120
Downloading commuter train from naver: 68 / 120
Downloading commuter train from naver: 69 / 120
Downloading commuter train from naver: 70 / 120
Downloading commuter train from naver: 71 / 120
Downloading commuter train from naver: 72 / 120
Downloading commuter train from naver: 73 / 120
Downloading commuter train from naver: 74 / 120
Downloading commuter train from naver: 75 / 120
Downloading commuter train from naver: 76 / 120
Downloading commuter train from naver: 77 / 120
Downloading commuter train from naver: 78 / 120
Downloading commuter train from naver: 79 / 120
Downloading commuter train from naver: 80 / 120
Downloading commuter train from naver: 81 / 120
Downloading commuter train from naver: 82 / 120
Downloading commuter train from naver: 83 / 120
Downloading commuter train from naver: 84 / 120
Downloading commuter train from naver: 85 / 120
Downloading commuter train from naver: 86 / 120
Downloading commuter train from naver: 87 / 120
Downloading commuter train from naver: 88 / 120
Downloading commuter train from naver: 89 / 120
Downloading commuter train from naver: 90 / 120
Downloading commuter train from naver: 91 / 120
Downloading commuter train from naver: 92 / 120
Downloading commuter train from naver: 93 / 120
Downloading commuter train from naver: 94 / 120
Downloading commuter train from naver: 95 / 120
Downloading commuter train from naver: 96 / 120
Downloading commuter train from naver: 97 / 120
Downloading commuter train from naver: 98 / 120
Downloading commuter train from naver: 99 / 120
Downloading commuter train from naver: 100 / 120
Downloading commuter train from naver: 101 / 120
Downloading commuter train from naver: 102 / 120
Downloading commuter train from naver: 103 / 120
Downloading commuter train from naver: 104 / 120
Downloading commuter train from naver: 105 / 120
Downloading commuter train from naver: 106 / 120
Downloading commuter train from naver: 107 / 120
Downloading commuter train from naver: 108 / 120
Downloading commuter train from naver: 109 / 120
Downloading commuter train from naver: 110 / 120
Downloading commuter train from naver: 111 / 120
Downloading commuter train from naver: 112 / 120
Downloading commuter train from naver: 113 / 120
Downloading commuter train from naver: 114 / 120
Downloading commuter train from naver: 115 / 120
Downloading commuter train from naver: 116 / 120
Downloading commuter train from naver: 117 / 120
Downloading commuter train from naver: 118 / 120
Downloading commuter train from naver: 119 / 120
Downloading commuter train from naver: 120 / 120
Done naver : commuter train
_________________________________
Current web-browser version:	148.0.7778.168
Current chrome-driver version:	148.0.7778.167
_________________________________
Collecting links... locomotive train from naver
Scrolling down
Scraping links
Collect links done. Site: naver, Keyword: locomotive train, Total: 489
Downloading images from collected links... locomotive train from naver
Downloading locomotive train from naver: 1 / 120
Downloading locomotive train from naver: 2 / 120
Downloading locomotive train from naver: 3 / 120
Downloading locomotive train from naver: 4 / 120
Renamed extension jpg -> png
Downloading locomotive train from naver: 5 / 120
Renamed extension jpg -> png
Downloading locomotive train from naver: 6 / 120
Downloading locomotive train from naver: 7 / 120
Downloading locomotive train from naver: 8 / 120
Downloading locomotive train from naver: 9 / 120
Downloading locomotive train from naver: 10 / 120
Downloading locomotive train from naver: 11 / 120
Downloading locomotive train from naver: 12 / 120
Downloading locomotive train from naver: 13 / 120
Downloading locomotive train from naver: 14 / 120
Downloading locomotive train from naver: 15 / 120
Downloading locomotive train from naver: 16 / 120
Downloading locomotive train from naver: 17 / 120
Downloading locomotive train from naver: 18 / 120
Downloading locomotive train from naver: 19 / 120
Downloading locomotive train from naver: 20 / 120
Downloading locomotive train from naver: 21 / 120
Downloading locomotive train from naver: 22 / 120
Downloading locomotive train from naver: 23 / 120
Downloading locomotive train from naver: 24 / 120
Downloading locomotive train from naver: 25 / 120
Downloading locomotive train from naver: 26 / 120
Downloading locomotive train from naver: 27 / 120
Downloading locomotive train from naver: 28 / 120
_________________________________
Current web-browser version:	148.0.7778.168
Current chrome-driver version:	148.0.7778.167
_________________________________
Collecting links... freight train from naver
Scrolling down
Scraping links
Collect links done. Site: naver, Keyword: freight train, Total: 495
Downloading images from collected links... freight train from naver
Downloading freight train from naver: 1 / 120
Downloading freight train from naver: 2 / 120
Downloading freight train from naver: 3 / 120
Downloading freight train from naver: 4 / 120
Downloading freight train from naver: 5 / 120
Downloading freight train from naver: 6 / 120
Downloading freight train from naver: 7 / 120
Downloading freight train from naver: 8 / 120
Downloading freight train from naver: 9 / 120
Downloading freight train from naver: 10 / 120
Renamed extension jpg -> png
Downloading freight train from naver: 11 / 120
Downloading freight train from naver: 12 / 120
Downloading freight train from naver: 13 / 120
Downloading freight train from naver: 14 / 120
Downloading freight train from naver: 15 / 120
Downloading freight train from naver: 16 / 120
Downloading freight train from naver: 17 / 120
Downloading freight train from naver: 18 / 120
Downloading freight train from naver: 19 / 120
Downloading freight train from naver: 20 / 120
Downloading freight train from naver: 21 / 120
Downloading freight train from naver: 22 / 120
Downloading freight train from naver: 23 / 120
Downloading freight train from naver: 24 / 120
Downloading freight train from naver: 25 / 120
Downloading freight train from naver: 26 / 120
Downloading freight train from naver: 27 / 120
Downloading freight train from naver: 28 / 120
Downloading freight train from naver: 29 / 120
Downloading freight train from naver: 30 / 120
Renamed extension jpg -> png
Downloading freight train from naver: 31 / 120
Downloading freight train from naver: 32 / 120
Downloading freight train from naver: 33 / 120
Downloading freight train from naver: 34 / 120
Downloading freight train from naver: 35 / 120
Renamed extension jpg -> png
Downloading freight train from naver: 36 / 120
Downloading freight train from naver: 37 / 120
Downloading freight train from naver: 38 / 120
Downloading freight train from naver: 39 / 120
Downloading freight train from naver: 40 / 120
Downloading freight train from naver: 41 / 120
Downloading freight train from naver: 42 / 120
Downloading freight train from naver: 43 / 120
Downloading freight train from naver: 44 / 120
Downloading freight train from naver: 45 / 120
Downloading freight train from naver: 46 / 120
Downloading freight train from naver: 47 / 120
Downloading freight train from naver: 48 / 120
Downloading freight train from naver: 49 / 120
Downloading freight train from naver: 50 / 120
Downloading freight train from naver: 51 / 120
Downloading freight train from naver: 52 / 120
Downloading freight train from naver: 53 / 120
Downloading freight train from naver: 54 / 120
Downloading freight train from naver: 55 / 120
Downloading freight train from naver: 56 / 120
Downloading freight train from naver: 57 / 120
Downloading freight train from naver: 58 / 120
Renamed extension jpg -> png
Downloading freight train from naver: 59 / 120
Downloading freight train from naver: 60 / 120
Downloading freight train from naver: 61 / 120
Downloading freight train from naver: 62 / 120
Downloading freight train from naver: 63 / 120
Downloading freight train from naver: 64 / 120
Downloading freight train from naver: 65 / 120
Downloading freight train from naver: 66 / 120
Downloading freight train from naver: 67 / 120
Downloading freight train from naver: 68 / 120
Downloading freight train from naver: 69 / 120
Downloading freight train from naver: 70 / 120
Downloading freight train from naver: 71 / 120
Downloading freight train from naver: 72 / 120
Downloading freight train from naver: 73 / 120
Downloading freight train from naver: 74 / 120
Downloading freight train from naver: 75 / 120
Downloading freight train from naver: 76 / 120
Downloading freight train from naver: 77 / 120
Downloading freight train from naver: 78 / 120
Downloading freight train from naver: 79 / 120
Downloading freight train from naver: 80 / 120
Downloading freight train from naver: 81 / 120
Downloading freight train from naver: 82 / 120
Downloading freight train from naver: 83 / 120
Downloading freight train from naver: 84 / 120
Downloading freight train from naver: 85 / 120
Downloading freight train from naver: 86 / 120
Downloading freight train from naver: 87 / 120
Downloading freight train from naver: 88 / 120
Downloading freight train from naver: 89 / 120
Downloading freight train from naver: 90 / 120
Downloading freight train from naver: 91 / 120
Downloading freight train from naver: 92 / 120
Downloading freight train from naver: 93 / 120
Downloading freight train from naver: 94 / 120
Downloading freight train from naver: 95 / 120
Downloading freight train from naver: 96 / 120
Downloading freight train from naver: 97 / 120
Downloading freight train from naver: 98 / 120
Downloading freight train from naver: 99 / 120
Downloading freight train from naver: 100 / 120
Downloading freight train from naver: 101 / 120
Downloading freight train from naver: 102 / 120
Downloading freight train from naver: 103 / 120
Downloading freight train from naver: 104 / 120
Downloading freight train from naver: 105 / 120
Downloading freight train from naver: 106 / 120
Downloading freight train from naver: 107 / 120
Downloading freight train from naver: 108 / 120
Downloading freight train from naver: 109 / 120
Downloading freight train from naver: 110 / 120
Downloading freight train from naver: 111 / 120
Downloading freight train from naver: 112 / 120
Downloading freight train from naver: 113 / 120
Downloading freight train from naver: 114 / 120
Downloading freight train from naver: 115 / 120
Downloading freight train from naver: 116 / 120
Downloading freight train from naver: 117 / 120
Downloading freight train from naver: 118 / 120
Renamed extension jpg -> png
Downloading freight train from naver: 119 / 120
Downloading freight train from naver: 120 / 120
Done naver : freight train
_________________________________
Current web-browser version:	148.0.7778.168
Current chrome-driver version:	148.0.7778.167
_________________________________
Collecting links... locomotive train from google
Scrolling down
Scraping links
Collect links done. Site: google, Keyword: locomotive train, Total: 0
Downloading images from collected links... locomotive train from google
Done google : locomotive train
_________________________________
Current web-browser version:	148.0.7778.168
Current chrome-driver version:	148.0.7778.167
_________________________________
Collecting links... railway train from naver
Scrolling down
Scraping links
Collect links done. Site: naver, Keyword: railway train, Total: 490
Downloading images from collected links... railway train from naver
Downloading railway train from naver: 1 / 120
Downloading railway train from naver: 2 / 120
Downloading railway train from naver: 3 / 120
Downloading railway train from naver: 4 / 120
Downloading railway train from naver: 5 / 120
Downloading railway train from naver: 6 / 120
Downloading railway train from naver: 7 / 120
Downloading railway train from naver: 8 / 120
Downloading railway train from naver: 9 / 120
Downloading railway train from naver: 10 / 120
Downloading railway train from naver: 11 / 120
Downloading railway train from naver: 12 / 120
Downloading railway train from naver: 13 / 120
Downloading railway train from naver: 14 / 120
Downloading railway train from naver: 15 / 120
Downloading railway train from naver: 16 / 120
Downloading railway train from naver: 17 / 120
Downloading railway train from naver: 18 / 120
Downloading railway train from naver: 19 / 120
Downloading railway train from naver: 20 / 120
Downloading railway train from naver: 21 / 120
Downloading railway train from naver: 22 / 120
Options - skip:False, threads:4, google:True, naver:True, full_resolution:False, face:False, no_gui:False, limit:120, _proxy_list:['']
8 keywords found: ['commuter train', 'freight train', 'high speed train', 'locomotive train', 'passenger train', 'railway train', 'train', 'train on railway']
Task ended. Pool join.
Data imbalance checking...
dir: download/commuter train, file_count: 122
dir: download/freight train, file_count: 122
dir: download/high speed train, file_count: 122
dir: download/locomotive train, file_count: 122
dir: download/passenger train, file_count: 122
dir: download/railway train, file_count: 122
dir: download/train, file_count: 122
dir: download/train on railway, file_count: 122
Data imbalance not detected.
End Program
Project root: D:\Workspace\Nam4\KHDL\vehicle-classification\traffic_vehicle_classification
Selected sources: duckduckgo, google, naver
Target raw images per label: 300
[START] train: current=0, target=300
[AutoCrawler] train: crawling from google, naver
[DONE] train: raw_count=300

[Crawl] label=truck, current_raw=0, next_raw_goal=300

$ C:\Users\Admin\AppData\Local\Programs\Python\Python310\python.exe scripts/crawl_images.py --labels truck --sources google,naver,duckduckgo --limit-per-label 300
_________________________________
Current web-browser version:	148.0.7778.168
Current chrome-driver version:	148.0.7778.167
_________________________________
Collecting links... cargo truck from naver
Scrolling down
Scraping links
Collect links done. Site: naver, Keyword: cargo truck, Total: 494
Downloading images from collected links... cargo truck from naver
Downloading cargo truck from naver: 1 / 120
Downloading cargo truck from naver: 2 / 120
Downloading cargo truck from naver: 3 / 120
Downloading cargo truck from naver: 4 / 120
Downloading cargo truck from naver: 5 / 120
Downloading cargo truck from naver: 6 / 120
Downloading cargo truck from naver: 7 / 120
Downloading cargo truck from naver: 8 / 120
Downloading cargo truck from naver: 9 / 120
Downloading cargo truck from naver: 10 / 120
Downloading cargo truck from naver: 11 / 120
Downloading cargo truck from naver: 12 / 120
Downloading cargo truck from naver: 13 / 120
Downloading cargo truck from naver: 14 / 120
Downloading cargo truck from naver: 15 / 120
Downloading cargo truck from naver: 16 / 120
Downloading cargo truck from naver: 17 / 120
Downloading cargo truck from naver: 18 / 120
Downloading cargo truck from naver: 19 / 120
Downloading cargo truck from naver: 20 / 120
Downloading cargo truck from naver: 21 / 120
Downloading cargo truck from naver: 22 / 120
Downloading cargo truck from naver: 23 / 120
Downloading cargo truck from naver: 24 / 120
Downloading cargo truck from naver: 25 / 120
Downloading cargo truck from naver: 26 / 120
Downloading cargo truck from naver: 27 / 120
Downloading cargo truck from naver: 28 / 120
Downloading cargo truck from naver: 29 / 120
Downloading cargo truck from naver: 30 / 120
Downloading cargo truck from naver: 31 / 120
Downloading cargo truck from naver: 32 / 120
Downloading cargo truck from naver: 33 / 120
Downloading cargo truck from naver: 34 / 120
Downloading cargo truck from naver: 35 / 120
Downloading cargo truck from naver: 36 / 120
Downloading cargo truck from naver: 37 / 120
Downloading cargo truck from naver: 38 / 120
Downloading cargo truck from naver: 39 / 120
Downloading cargo truck from naver: 40 / 120
Downloading cargo truck from naver: 41 / 120
Downloading cargo truck from naver: 42 / 120
Downloading cargo truck from naver: 43 / 120
Downloading cargo truck from naver: 44 / 120
Downloading cargo truck from naver: 45 / 120
Downloading cargo truck from naver: 46 / 120
Downloading cargo truck from naver: 47 / 120
Downloading cargo truck from naver: 48 / 120
Downloading cargo truck from naver: 49 / 120
Downloading cargo truck from naver: 50 / 120
Downloading cargo truck from naver: 51 / 120
Downloading cargo truck from naver: 52 / 120
Downloading cargo truck from naver: 53 / 120
Downloading cargo truck from naver: 54 / 120
Downloading cargo truck from naver: 55 / 120
Downloading cargo truck from naver: 56 / 120
Downloading cargo truck from naver: 57 / 120
Downloading cargo truck from naver: 58 / 120
Downloading cargo truck from naver: 59 / 120
Downloading cargo truck from naver: 60 / 120
Downloading cargo truck from naver: 61 / 120
Downloading cargo truck from naver: 62 / 120
Downloading cargo truck from naver: 63 / 120
Downloading cargo truck from naver: 64 / 120
Downloading cargo truck from naver: 65 / 120
Downloading cargo truck from naver: 66 / 120
Downloading cargo truck from naver: 67 / 120
Downloading cargo truck from naver: 68 / 120
Downloading cargo truck from naver: 69 / 120
Downloading cargo truck from naver: 70 / 120
Downloading cargo truck from naver: 71 / 120
Downloading cargo truck from naver: 72 / 120
Downloading cargo truck from naver: 73 / 120
Downloading cargo truck from naver: 74 / 120
Downloading cargo truck from naver: 75 / 120
Downloading cargo truck from naver: 76 / 120
Downloading cargo truck from naver: 77 / 120
Downloading cargo truck from naver: 78 / 120
Downloading cargo truck from naver: 79 / 120
Downloading cargo truck from naver: 80 / 120
Downloading cargo truck from naver: 81 / 120
Downloading cargo truck from naver: 82 / 120
Downloading cargo truck from naver: 83 / 120
Downloading cargo truck from naver: 84 / 120
Downloading cargo truck from naver: 85 / 120
Downloading cargo truck from naver: 86 / 120
Downloading cargo truck from naver: 87 / 120
Downloading cargo truck from naver: 88 / 120
Downloading cargo truck from naver: 89 / 120
Downloading cargo truck from naver: 90 / 120
Downloading cargo truck from naver: 91 / 120
Downloading cargo truck from naver: 92 / 120
Downloading cargo truck from naver: 93 / 120
Downloading cargo truck from naver: 94 / 120
Downloading cargo truck from naver: 95 / 120
Downloading cargo truck from naver: 96 / 120
Downloading cargo truck from naver: 97 / 120
Downloading cargo truck from naver: 98 / 120
Downloading cargo truck from naver: 99 / 120
Downloading cargo truck from naver: 100 / 120
Downloading cargo truck from naver: 101 / 120
Downloading cargo truck from naver: 102 / 120
Downloading cargo truck from naver: 103 / 120
Downloading cargo truck from naver: 104 / 120
Downloading cargo truck from naver: 105 / 120
Downloading cargo truck from naver: 106 / 120
Downloading cargo truck from naver: 107 / 120
Downloading cargo truck from naver: 108 / 120
Downloading cargo truck from naver: 109 / 120
Downloading cargo truck from naver: 110 / 120
Downloading cargo truck from naver: 111 / 120
Downloading cargo truck from naver: 112 / 120
Downloading cargo truck from naver: 113 / 120
Downloading cargo truck from naver: 114 / 120
Downloading cargo truck from naver: 115 / 120
Downloading cargo truck from naver: 116 / 120
Downloading cargo truck from naver: 117 / 120
Downloading cargo truck from naver: 118 / 120
Downloading cargo truck from naver: 119 / 120
Downloading cargo truck from naver: 120 / 120
Done naver : cargo truck
_________________________________
Current web-browser version:	148.0.7778.168
Current chrome-driver version:	148.0.7778.167
_________________________________
Collecting links... freight truck from google
Scrolling down
Scraping links
Collect links done. Site: google, Keyword: freight truck, Total: 0
Downloading images from collected links... freight truck from google
Done google : freight truck
_________________________________
Current web-browser version:	148.0.7778.168
Current chrome-driver version:	148.0.7778.167
_________________________________
Collecting links... pickup truck from naver
Scrolling down
Scraping links
Collect links done. Site: naver, Keyword: pickup truck, Total: 489
Downloading images from collected links... pickup truck from naver
Downloading pickup truck from naver: 1 / 120
Downloading pickup truck from naver: 2 / 120
Downloading pickup truck from naver: 3 / 120
Downloading pickup truck from naver: 4 / 120
Downloading pickup truck from naver: 5 / 120
Downloading pickup truck from naver: 6 / 120
Downloading pickup truck from naver: 7 / 120
Downloading pickup truck from naver: 8 / 120
Downloading pickup truck from naver: 9 / 120
Downloading pickup truck from naver: 10 / 120
Downloading pickup truck from naver: 11 / 120
Downloading pickup truck from naver: 12 / 120
Downloading pickup truck from naver: 13 / 120
Downloading pickup truck from naver: 14 / 120
Downloading pickup truck from naver: 15 / 120
Downloading pickup truck from naver: 16 / 120
Downloading pickup truck from naver: 17 / 120
Downloading pickup truck from naver: 18 / 120
Downloading pickup truck from naver: 19 / 120
Downloading pickup truck from naver: 20 / 120
Downloading pickup truck from naver: 21 / 120
Downloading pickup truck from naver: 22 / 120
Downloading pickup truck from naver: 23 / 120
Downloading pickup truck from naver: 24 / 120
Downloading pickup truck from naver: 25 / 120
Downloading pickup truck from naver: 26 / 120
Downloading pickup truck from naver: 27 / 120
Downloading pickup truck from naver: 28 / 120
Downloading pickup truck from naver: 29 / 120
Downloading pickup truck from naver: 30 / 120
Downloading pickup truck from naver: 31 / 120
_________________________________
Current web-browser version:	148.0.7778.168
Current chrome-driver version:	148.0.7778.167
_________________________________
Collecting links... cargo truck from google
Scrolling down
Scraping links
Collect links done. Site: google, Keyword: cargo truck, Total: 0
Downloading images from collected links... cargo truck from google
Done google : cargo truck
_________________________________
Current web-browser version:	148.0.7778.168
Current chrome-driver version:	148.0.7778.167
_________________________________
Collecting links... delivery truck from google
Scrolling down
Scraping links
Collect links done. Site: google, Keyword: delivery truck, Total: 0
Downloading images from collected links... delivery truck from google
Done google : delivery truck
_________________________________
Current web-browser version:	148.0.7778.168
Current chrome-driver version:	148.0.7778.167
_________________________________
Collecting links... pickup truck from google
Scrolling down
Scraping links
Collect links done. Site: google, Keyword: pickup truck, Total: 0
Downloading images from collected links... pickup truck from google
Done google : pickup truck
_________________________________
Current web-browser version:	148.0.7778.168
Current chrome-driver version:	148.0.7778.167
_________________________________
Collecting links... semi truck from naver
Scrolling down
Scraping links
Collect links done. Site: naver, Keyword: semi truck, Total: 443
Downloading images from collected links... semi truck from naver
Downloading semi truck from naver: 1 / 120
Downloading semi truck from naver: 2 / 120
Downloading semi truck from naver: 3 / 120
Downloading semi truck from naver: 4 / 120
Downloading semi truck from naver: 5 / 120
Downloading semi truck from naver: 6 / 120
Downloading semi truck from naver: 7 / 120
Downloading semi truck from naver: 8 / 120
Downloading semi truck from naver: 9 / 120
Downloading semi truck from naver: 10 / 120
Downloading semi truck from naver: 11 / 120
Downloading semi truck from naver: 12 / 120
Downloading semi truck from naver: 13 / 120
Downloading semi truck from naver: 14 / 120
Downloading semi truck from naver: 15 / 120
Downloading semi truck from naver: 16 / 120
Downloading semi truck from naver: 17 / 120
Downloading semi truck from naver: 18 / 120
Downloading semi truck from naver: 19 / 120
Downloading semi truck from naver: 20 / 120
Downloading semi truck from naver: 21 / 120
Downloading semi truck from naver: 22 / 120
Downloading semi truck from naver: 23 / 120
Downloading semi truck from naver: 24 / 120
Downloading semi truck from naver: 25 / 120
Downloading semi truck from naver: 26 / 120
Downloading semi truck from naver: 27 / 120
Downloading semi truck from naver: 28 / 120
Downloading semi truck from naver: 29 / 120
Downloading semi truck from naver: 30 / 120
Downloading semi truck from naver: 31 / 120
Downloading semi truck from naver: 32 / 120
Downloading semi truck from naver: 33 / 120
Downloading semi truck from naver: 34 / 120
Downloading semi truck from naver: 35 / 120
Downloading semi truck from naver: 36 / 120
Downloading semi truck from naver: 37 / 120
Downloading semi truck from naver: 38 / 120
Downloading semi truck from naver: 39 / 120
Downloading semi truck from naver: 40 / 120
Downloading semi truck from naver: 41 / 120
Downloading semi truck from naver: 42 / 120
Downloading semi truck from naver: 43 / 120
Downloading semi truck from naver: 44 / 120
Downloading semi truck from naver: 45 / 120
Downloading semi truck from naver: 46 / 120
Downloading semi truck from naver: 47 / 120
Downloading semi truck from naver: 48 / 120
Downloading semi truck from naver: 49 / 120
Downloading semi truck from naver: 50 / 120
Downloading semi truck from naver: 51 / 120
Downloading semi truck from naver: 52 / 120
Downloading semi truck from naver: 53 / 120
Downloading semi truck from naver: 54 / 120
Downloading semi truck from naver: 55 / 120
Downloading semi truck from naver: 56 / 120
Downloading semi truck from naver: 57 / 120
Downloading semi truck from naver: 58 / 120
Downloading semi truck from naver: 59 / 120
Downloading semi truck from naver: 60 / 120
Downloading semi truck from naver: 61 / 120
Downloading semi truck from naver: 62 / 120
Downloading semi truck from naver: 63 / 120
Downloading semi truck from naver: 64 / 120
Downloading semi truck from naver: 65 / 120
Downloading semi truck from naver: 66 / 120
Downloading semi truck from naver: 67 / 120
Downloading semi truck from naver: 68 / 120
Downloading semi truck from naver: 69 / 120
Downloading semi truck from naver: 70 / 120
Downloading semi truck from naver: 71 / 120
Downloading semi truck from naver: 72 / 120
Downloading semi truck from naver: 73 / 120
Downloading semi truck from naver: 74 / 120
Downloading semi truck from naver: 75 / 120
Downloading semi truck from naver: 76 / 120
Downloading semi truck from naver: 77 / 120
Downloading semi truck from naver: 78 / 120
Downloading semi truck from naver: 79 / 120
Downloading semi truck from naver: 80 / 120
Downloading semi truck from naver: 81 / 120
Downloading semi truck from naver: 82 / 120
Downloading semi truck from naver: 83 / 120
Downloading semi truck from naver: 84 / 120
Downloading semi truck from naver: 85 / 120
Downloading semi truck from naver: 86 / 120
Downloading semi truck from naver: 87 / 120
Downloading semi truck from naver: 88 / 120
Downloading semi truck from naver: 89 / 120
Downloading semi truck from naver: 90 / 120
Downloading semi truck from naver: 91 / 120
Downloading semi truck from naver: 92 / 120
Downloading semi truck from naver: 93 / 120
Downloading semi truck from naver: 94 / 120
Downloading semi truck from naver: 95 / 120
Downloading semi truck from naver: 96 / 120
Downloading semi truck from naver: 97 / 120
Downloading semi truck from naver: 98 / 120
Downloading semi truck from naver: 99 / 120
Downloading semi truck from naver: 100 / 120
Downloading semi truck from naver: 101 / 120
Downloading semi truck from naver: 102 / 120
Downloading semi truck from naver: 103 / 120
Downloading semi truck from naver: 104 / 120
Downloading semi truck from naver: 105 / 120
Downloading semi truck from naver: 106 / 120
Downloading semi truck from naver: 107 / 120
Downloading semi truck from naver: 108 / 120
Downloading semi truck from naver: 109 / 120
Downloading semi truck from naver: 110 / 120
Downloading semi truck from naver: 111 / 120
Downloading semi truck from naver: 112 / 120
Downloading semi truck from naver: 113 / 120
Downloading semi truck from naver: 114 / 120
Downloading semi truck from naver: 115 / 120
Downloading semi truck from naver: 116 / 120
Downloading semi truck from naver: 117 / 120
Downloading semi truck from naver: 118 / 120
Downloading semi truck from naver: 119 / 120
Downloading semi truck from naver: 120 / 120
Done naver : semi truck
Options - skip:False, threads:4, google:True, naver:True, full_resolution:False, face:False, no_gui:False, limit:120, _proxy_list:['']
8 keywords found: ['box truck', 'cargo truck', 'delivery truck', 'freight truck', 'pickup truck', 'semi truck', 'truck', 'truck on road']
Task ended. Pool join.
Data imbalance checking...
dir: download/box truck, file_count: 122
dir: download/cargo truck, file_count: 122
dir: download/delivery truck, file_count: 122
dir: download/freight truck, file_count: 122
dir: download/pickup truck, file_count: 122
dir: download/semi truck, file_count: 122
dir: download/truck, file_count: 122
dir: download/truck on road, file_count: 122
Data imbalance not detected.
End Program
Project root: D:\Workspace\Nam4\KHDL\vehicle-classification\traffic_vehicle_classification
Selected sources: duckduckgo, google, naver
Target raw images per label: 300
[START] truck: current=0, target=300
[AutoCrawler] truck: crawling from google, naver
[DONE] truck: raw_count=300

$ C:\Users\Admin\AppData\Local\Programs\Python\Python310\python.exe scripts/remove_corrupted_images.py --overwrite
Cleaned: 3295
Rejected: 3
Report: D:\Workspace\Nam4\KHDL\vehicle-classification\traffic_vehicle_classification\reports\cleaning_report.csv

$ C:\Users\Admin\AppData\Local\Programs\Python\Python310\python.exe scripts/remove_duplicate_images.py --method phash --threshold 6 --action move
Kept images: 3261
Duplicates handled: 34
Report: D:\Workspace\Nam4\KHDL\vehicle-classification\traffic_vehicle_classification\reports\duplicates.csv

$ C:\Users\Admin\AppData\Local\Programs\Python\Python310\python.exe scripts/dataset_statistics.py
Summary: D:\Workspace\Nam4\KHDL\vehicle-classification\traffic_vehicle_classification\reports\dataset_summary.csv
Details: D:\Workspace\Nam4\KHDL\vehicle-classification\traffic_vehicle_classification\reports\image_details.csv
Figures: D:\Workspace\Nam4\KHDL\vehicle-classification\traffic_vehicle_classification\reports\figures

Before round 2
------------------------------------------------------------------------
label              raw   cleaned   missing      status
bicycle            555       551       949   NEED_MORE
boat               339       338      1162   NEED_MORE
bus                300       298      1202   NEED_MORE
car                304       302      1198   NEED_MORE
helicopter         300       300      1200   NEED_MORE
minibus            300       295      1205   NEED_MORE
motorcycle         300       298      1202   NEED_MORE
taxi               300       298      1202   NEED_MORE
train              300       289      1211   NEED_MORE
truck              300       292      1208   NEED_MORE

[Crawl] label=bicycle, current_raw=555, next_raw_goal=855

$ C:\Users\Admin\AppData\Local\Programs\Python\Python310\python.exe scripts/crawl_images.py --labels bicycle --sources google,naver,duckduckgo --limit-per-label 855
_________________________________
Current web-browser version:	148.0.7778.168
Current chrome-driver version:	148.0.7778.167
_________________________________
Collecting links... bicycle on road from naver
Scrolling down
Scraping links
Collect links done. Site: naver, Keyword: bicycle on road, Total: 493
Downloading images from collected links... bicycle on road from naver
Downloading bicycle on road from naver: 1 / 120
Downloading bicycle on road from naver: 2 / 120
Downloading bicycle on road from naver: 3 / 120
Downloading bicycle on road from naver: 4 / 120
Downloading bicycle on road from naver: 5 / 120
Downloading bicycle on road from naver: 6 / 120
Downloading bicycle on road from naver: 7 / 120
Downloading bicycle on road from naver: 8 / 120
Downloading bicycle on road from naver: 9 / 120
Downloading bicycle on road from naver: 10 / 120
Downloading bicycle on road from naver: 11 / 120
Downloading bicycle on road from naver: 12 / 120
Downloading bicycle on road from naver: 13 / 120
Downloading bicycle on road from naver: 14 / 120
Downloading bicycle on road from naver: 15 / 120
Downloading bicycle on road from naver: 16 / 120
Downloading bicycle on road from naver: 17 / 120
Downloading bicycle on road from naver: 18 / 120
Downloading bicycle on road from naver: 19 / 120
Downloading bicycle on road from naver: 20 / 120
Downloading bicycle on road from naver: 21 / 120
Downloading bicycle on road from naver: 22 / 120
Downloading bicycle on road from naver: 23 / 120
Downloading bicycle on road from naver: 24 / 120
Downloading bicycle on road from naver: 25 / 120
Downloading bicycle on road from naver: 26 / 120
Downloading bicycle on road from naver: 27 / 120
Downloading bicycle on road from naver: 28 / 120
Downloading bicycle on road from naver: 29 / 120
Downloading bicycle on road from naver: 30 / 120
Downloading bicycle on road from naver: 31 / 120
Downloading bicycle on road from naver: 32 / 120
Downloading bicycle on road from naver: 33 / 120
Downloading bicycle on road from naver: 34 / 120
Downloading bicycle on road from naver: 35 / 120
Downloading bicycle on road from naver: 36 / 120
Downloading bicycle on road from naver: 37 / 120
Downloading bicycle on road from naver: 38 / 120
Downloading bicycle on road from naver: 39 / 120
Downloading bicycle on road from naver: 40 / 120
Downloading bicycle on road from naver: 41 / 120
Downloading bicycle on road from naver: 42 / 120
Downloading bicycle on road from naver: 43 / 120
Downloading bicycle on road from naver: 44 / 120
Downloading bicycle on road from naver: 45 / 120
Downloading bicycle on road from naver: 46 / 120
Downloading bicycle on road from naver: 47 / 120
Downloading bicycle on road from naver: 48 / 120
Downloading bicycle on road from naver: 49 / 120
Downloading bicycle on road from naver: 50 / 120
Downloading bicycle on road from naver: 51 / 120
Downloading bicycle on road from naver: 52 / 120
Downloading bicycle on road from naver: 53 / 120
Downloading bicycle on road from naver: 54 / 120
Downloading bicycle on road from naver: 55 / 120
Downloading bicycle on road from naver: 56 / 120
Downloading bicycle on road from naver: 57 / 120
Downloading bicycle on road from naver: 58 / 120
Downloading bicycle on road from naver: 59 / 120
Downloading bicycle on road from naver: 60 / 120
Downloading bicycle on road from naver: 61 / 120
Downloading bicycle on road from naver: 62 / 120
Downloading bicycle on road from naver: 63 / 120
Downloading bicycle on road from naver: 64 / 120
Downloading bicycle on road from naver: 65 / 120
Downloading bicycle on road from naver: 66 / 120
Downloading bicycle on road from naver: 67 / 120
Downloading bicycle on road from naver: 68 / 120
Downloading bicycle on road from naver: 69 / 120
Downloading bicycle on road from naver: 70 / 120
Downloading bicycle on road from naver: 71 / 120
Downloading bicycle on road from naver: 72 / 120
Downloading bicycle on road from naver: 73 / 120
Downloading bicycle on road from naver: 74 / 120
Downloading bicycle on road from naver: 75 / 120
Downloading bicycle on road from naver: 76 / 120
Downloading bicycle on road from naver: 77 / 120
Downloading bicycle on road from naver: 78 / 120
Downloading bicycle on road from naver: 79 / 120
Downloading bicycle on road from naver: 80 / 120
Downloading bicycle on road from naver: 81 / 120
Downloading bicycle on road from naver: 82 / 120
Downloading bicycle on road from naver: 83 / 120
Downloading bicycle on road from naver: 84 / 120
Downloading bicycle on road from naver: 85 / 120
Downloading bicycle on road from naver: 86 / 120
Downloading bicycle on road from naver: 87 / 120
Downloading bicycle on road from naver: 88 / 120
Downloading bicycle on road from naver: 89 / 120
Downloading bicycle on road from naver: 90 / 120
Downloading bicycle on road from naver: 91 / 120
Downloading bicycle on road from naver: 92 / 120
Downloading bicycle on road from naver: 93 / 120
Downloading bicycle on road from naver: 94 / 120
Downloading bicycle on road from naver: 95 / 120
Downloading bicycle on road from naver: 96 / 120
Downloading bicycle on road from naver: 97 / 120
Downloading bicycle on road from naver: 98 / 120
Downloading bicycle on road from naver: 99 / 120
Downloading bicycle on road from naver: 100 / 120
Downloading bicycle on road from naver: 101 / 120
Downloading bicycle on road from naver: 102 / 120
Downloading bicycle on road from naver: 103 / 120
Downloading bicycle on road from naver: 104 / 120
Downloading bicycle on road from naver: 105 / 120
Downloading bicycle on road from naver: 106 / 120
Downloading bicycle on road from naver: 107 / 120
Downloading bicycle on road from naver: 108 / 120
Downloading bicycle on road from naver: 109 / 120
Downloading bicycle on road from naver: 110 / 120
Downloading bicycle on road from naver: 111 / 120
Downloading bicycle on road from naver: 112 / 120
Downloading bicycle on road from naver: 113 / 120
Downloading bicycle on road from naver: 114 / 120
Downloading bicycle on road from naver: 115 / 120
Downloading bicycle on road from naver: 116 / 120
Downloading bicycle on road from naver: 117 / 120
Renamed extension jpg -> png
Downloading bicycle on road from naver: 118 / 120
Downloading bicycle on road from naver: 119 / 120
Downloading bicycle on road from naver: 120 / 120
Done naver : bicycle on road
_________________________________
Current web-browser version:	148.0.7778.168
Current chrome-driver version:	148.0.7778.167
_________________________________
Collecting links... city bicycle from naver
Scrolling down
Scraping links
Collect links done. Site: naver, Keyword: city bicycle, Total: 490
Downloading images from collected links... city bicycle from naver
Downloading city bicycle from naver: 1 / 120
Downloading city bicycle from naver: 2 / 120
Downloading city bicycle from naver: 3 / 120
Downloading city bicycle from naver: 4 / 120
Downloading city bicycle from naver: 5 / 120
Downloading city bicycle from naver: 6 / 120
Downloading city bicycle from naver: 7 / 120
Downloading city bicycle from naver: 8 / 120
Downloading city bicycle from naver: 9 / 120
Downloading city bicycle from naver: 10 / 120
Downloading city bicycle from naver: 11 / 120
Downloading city bicycle from naver: 12 / 120
Downloading city bicycle from naver: 13 / 120
Downloading city bicycle from naver: 14 / 120
Downloading city bicycle from naver: 15 / 120
Downloading city bicycle from naver: 16 / 120
Downloading city bicycle from naver: 17 / 120
Downloading city bicycle from naver: 18 / 120
Downloading city bicycle from naver: 19 / 120
Downloading city bicycle from naver: 20 / 120
Downloading city bicycle from naver: 21 / 120
Downloading city bicycle from naver: 22 / 120
Downloading city bicycle from naver: 23 / 120
Downloading city bicycle from naver: 24 / 120
Downloading city bicycle from naver: 25 / 120
Downloading city bicycle from naver: 26 / 120
Downloading city bicycle from naver: 27 / 120
Downloading city bicycle from naver: 28 / 120
Downloading city bicycle from naver: 29 / 120
_________________________________
Current web-browser version:	148.0.7778.168
Current chrome-driver version:	148.0.7778.167
_________________________________
Collecting links... bicycle on road from google
Scrolling down
Scraping links
Collect links done. Site: google, Keyword: bicycle on road, Total: 0
Downloading images from collected links... bicycle on road from google
Done google : bicycle on road
_________________________________
Current web-browser version:	148.0.7778.168
Current chrome-driver version:	148.0.7778.167
_________________________________
Collecting links... bike vehicle from naver
Scrolling down
Scraping links
Collect links done. Site: naver, Keyword: bike vehicle, Total: 487
Downloading images from collected links... bike vehicle from naver
Downloading bike vehicle from naver: 1 / 120
Downloading bike vehicle from naver: 2 / 120
Downloading bike vehicle from naver: 3 / 120
Downloading bike vehicle from naver: 4 / 120
Downloading bike vehicle from naver: 5 / 120
Downloading bike vehicle from naver: 6 / 120
Downloading bike vehicle from naver: 7 / 120
Downloading bike vehicle from naver: 8 / 120
Downloading bike vehicle from naver: 9 / 120
Downloading bike vehicle from naver: 10 / 120
Downloading bike vehicle from naver: 11 / 120
Downloading bike vehicle from naver: 12 / 120
Downloading bike vehicle from naver: 13 / 120
Downloading bike vehicle from naver: 14 / 120
Downloading bike vehicle from naver: 15 / 120
Downloading bike vehicle from naver: 16 / 120
Downloading bike vehicle from naver: 17 / 120
Downloading bike vehicle from naver: 18 / 120
Downloading bike vehicle from naver: 19 / 120
Downloading bike vehicle from naver: 20 / 120
Downloading bike vehicle from naver: 21 / 120
Downloading bike vehicle from naver: 22 / 120
Downloading bike vehicle from naver: 23 / 120
Downloading bike vehicle from naver: 24 / 120
Downloading bike vehicle from naver: 25 / 120
Downloading bike vehicle from naver: 26 / 120
Downloading bike vehicle from naver: 27 / 120
Downloading bike vehicle from naver: 28 / 120
Downloading bike vehicle from naver: 29 / 120
Downloading bike vehicle from naver: 30 / 120
Downloading bike vehicle from naver: 31 / 120
Downloading bike vehicle from naver: 32 / 120
Downloading bike vehicle from naver: 33 / 120
Downloading bike vehicle from naver: 34 / 120
Downloading bike vehicle from naver: 35 / 120
Downloading bike vehicle from naver: 36 / 120
Downloading bike vehicle from naver: 37 / 120
Downloading bike vehicle from naver: 38 / 120
Downloading bike vehicle from naver: 39 / 120
Downloading bike vehicle from naver: 40 / 120
Downloading bike vehicle from naver: 41 / 120
Downloading bike vehicle from naver: 42 / 120
Downloading bike vehicle from naver: 43 / 120
Downloading bike vehicle from naver: 44 / 120
Downloading bike vehicle from naver: 45 / 120
Downloading bike vehicle from naver: 46 / 120
Downloading bike vehicle from naver: 47 / 120
Downloading bike vehicle from naver: 48 / 120
Downloading bike vehicle from naver: 49 / 120
Downloading bike vehicle from naver: 50 / 120
Downloading bike vehicle from naver: 51 / 120
Downloading bike vehicle from naver: 52 / 120
Downloading bike vehicle from naver: 53 / 120
Downloading bike vehicle from naver: 54 / 120
Downloading bike vehicle from naver: 55 / 120
Downloading bike vehicle from naver: 56 / 120
Downloading bike vehicle from naver: 57 / 120
Downloading bike vehicle from naver: 58 / 120
Downloading bike vehicle from naver: 59 / 120
Downloading bike vehicle from naver: 60 / 120
Downloading bike vehicle from naver: 61 / 120
Downloading bike vehicle from naver: 62 / 120
Downloading bike vehicle from naver: 63 / 120
Downloading bike vehicle from naver: 64 / 120
Downloading bike vehicle from naver: 65 / 120
Downloading bike vehicle from naver: 66 / 120
Downloading bike vehicle from naver: 67 / 120
Downloading bike vehicle from naver: 68 / 120
Downloading bike vehicle from naver: 69 / 120
Downloading bike vehicle from naver: 70 / 120
Downloading bike vehicle from naver: 71 / 120
Downloading bike vehicle from naver: 72 / 120
Downloading bike vehicle from naver: 73 / 120
Downloading bike vehicle from naver: 74 / 120
Downloading bike vehicle from naver: 75 / 120
Downloading bike vehicle from naver: 76 / 120
Downloading bike vehicle from naver: 77 / 120
Downloading bike vehicle from naver: 78 / 120
Downloading bike vehicle from naver: 79 / 120
Downloading bike vehicle from naver: 80 / 120
Downloading bike vehicle from naver: 81 / 120
Downloading bike vehicle from naver: 82 / 120
Downloading bike vehicle from naver: 83 / 120
Downloading bike vehicle from naver: 84 / 120
Downloading bike vehicle from naver: 85 / 120
Downloading bike vehicle from naver: 86 / 120
Downloading bike vehicle from naver: 87 / 120
Downloading bike vehicle from naver: 88 / 120
Downloading bike vehicle from naver: 89 / 120
Downloading bike vehicle from naver: 90 / 120
Downloading bike vehicle from naver: 91 / 120
Downloading bike vehicle from naver: 92 / 120
Downloading bike vehicle from naver: 93 / 120
Downloading bike vehicle from naver: 94 / 120
Downloading bike vehicle from naver: 95 / 120
Downloading bike vehicle from naver: 96 / 120
Downloading bike vehicle from naver: 97 / 120
Downloading bike vehicle from naver: 98 / 120
Downloading bike vehicle from naver: 99 / 120
Downloading bike vehicle from naver: 100 / 120
Downloading bike vehicle from naver: 101 / 120
Downloading bike vehicle from naver: 102 / 120
Downloading bike vehicle from naver: 103 / 120
Downloading bike vehicle from naver: 104 / 120
Downloading bike vehicle from naver: 105 / 120
Downloading bike vehicle from naver: 106 / 120
Downloading bike vehicle from naver: 107 / 120
Downloading bike vehicle from naver: 108 / 120
Downloading bike vehicle from naver: 109 / 120
Downloading bike vehicle from naver: 110 / 120
Downloading bike vehicle from naver: 111 / 120
Downloading bike vehicle from naver: 112 / 120
Downloading bike vehicle from naver: 113 / 120
Downloading bike vehicle from naver: 114 / 120
Downloading bike vehicle from naver: 115 / 120
Downloading bike vehicle from naver: 116 / 120
Downloading bike vehicle from naver: 117 / 120
Downloading bike vehicle from naver: 118 / 120
Downloading bike vehicle from naver: 119 / 120
Downloading bike vehicle from naver: 120 / 120
Done naver : bike vehicle
_________________________________
Current web-browser version:	148.0.7778.168
Current chrome-driver version:	148.0.7778.167
_________________________________
Collecting links... mountain bicycle from google
Scrolling down
Scraping links
Collect links done. Site: google, Keyword: mountain bicycle, Total: 0
Downloading images from collected links... mountain bicycle from google
Done google : mountain bicycle
_________________________________
Current web-browser version:	148.0.7778.168
Current chrome-driver version:	148.0.7778.167
_________________________________
Collecting links... racing bicycle from google
Scrolling down
Scraping links
Collect links done. Site: google, Keyword: racing bicycle, Total: 0
Downloading images from collected links... racing bicycle from google
Done google : racing bicycle
Options - skip:False, threads:4, google:True, naver:True, full_resolution:False, face:False, no_gui:False, limit:120, _proxy_list:['']
8 keywords found: ['bicycle', 'bicycle on road', 'bike vehicle', 'city bicycle', 'electric bicycle', 'mountain bicycle', 'racing bicycle', 'road bicycle']
Task ended. Pool join.
Data imbalance checking...
dir: download/bicycle, file_count: 122
dir: download/bicycle on road, file_count: 122
dir: download/bike vehicle, file_count: 122
dir: download/city bicycle, file_count: 122
dir: download/electric bicycle, file_count: 122
dir: download/mountain bicycle, file_count: 122
dir: download/racing bicycle, file_count: 122
dir: download/road bicycle, file_count: 122
Data imbalance not detected.
End Program
Project root: D:\Workspace\Nam4\KHDL\vehicle-classification\traffic_vehicle_classification
Selected sources: duckduckgo, google, naver
Target raw images per label: 855
[START] bicycle: current=555, target=855
[AutoCrawler] bicycle: crawling from google, naver
[DONE] bicycle: raw_count=855

[Crawl] label=boat, current_raw=339, next_raw_goal=639

$ C:\Users\Admin\AppData\Local\Programs\Python\Python310\python.exe scripts/crawl_images.py --labels boat --sources google,naver,duckduckgo --limit-per-label 639
_________________________________
Current web-browser version:	148.0.7778.168
Current chrome-driver version:	148.0.7778.167
_________________________________
Collecting links... boat on water from naver
Scrolling down
Scraping links
Collect links done. Site: naver, Keyword: boat on water, Total: 493
Downloading images from collected links... boat on water from naver
Downloading boat on water from naver: 1 / 120
Downloading boat on water from naver: 2 / 120
Downloading boat on water from naver: 3 / 120
Downloading boat on water from naver: 4 / 120
Downloading boat on water from naver: 5 / 120
Downloading boat on water from naver: 6 / 120
Downloading boat on water from naver: 7 / 120
Downloading boat on water from naver: 8 / 120
Downloading boat on water from naver: 9 / 120
Downloading boat on water from naver: 10 / 120
Downloading boat on water from naver: 11 / 120
Downloading boat on water from naver: 12 / 120
Downloading boat on water from naver: 13 / 120
Downloading boat on water from naver: 14 / 120
Downloading boat on water from naver: 15 / 120
Downloading boat on water from naver: 16 / 120
Downloading boat on water from naver: 17 / 120
Downloading boat on water from naver: 18 / 120
Downloading boat on water from naver: 19 / 120
Downloading boat on water from naver: 20 / 120
Downloading boat on water from naver: 21 / 120
Downloading boat on water from naver: 22 / 120
Downloading boat on water from naver: 23 / 120
Downloading boat on water from naver: 24 / 120
Downloading boat on water from naver: 25 / 120
Downloading boat on water from naver: 26 / 120
Downloading boat on water from naver: 27 / 120
Downloading boat on water from naver: 28 / 120
Downloading boat on water from naver: 29 / 120
Downloading boat on water from naver: 30 / 120
Downloading boat on water from naver: 31 / 120
Downloading boat on water from naver: 32 / 120
Downloading boat on water from naver: 33 / 120
Downloading boat on water from naver: 34 / 120
Downloading boat on water from naver: 35 / 120
Downloading boat on water from naver: 36 / 120
Downloading boat on water from naver: 37 / 120
Downloading boat on water from naver: 38 / 120
Downloading boat on water from naver: 39 / 120
Downloading boat on water from naver: 40 / 120
Downloading boat on water from naver: 41 / 120
Downloading boat on water from naver: 42 / 120
Downloading boat on water from naver: 43 / 120
Downloading boat on water from naver: 44 / 120
Downloading boat on water from naver: 45 / 120
Downloading boat on water from naver: 46 / 120
Downloading boat on water from naver: 47 / 120
Downloading boat on water from naver: 48 / 120
Downloading boat on water from naver: 49 / 120
Downloading boat on water from naver: 50 / 120
Downloading boat on water from naver: 51 / 120
Downloading boat on water from naver: 52 / 120
Downloading boat on water from naver: 53 / 120
Downloading boat on water from naver: 54 / 120
Downloading boat on water from naver: 55 / 120
Downloading boat on water from naver: 56 / 120
Downloading boat on water from naver: 57 / 120
Downloading boat on water from naver: 58 / 120
Downloading boat on water from naver: 59 / 120
Downloading boat on water from naver: 60 / 120
Downloading boat on water from naver: 61 / 120
Downloading boat on water from naver: 62 / 120
Downloading boat on water from naver: 63 / 120
Downloading boat on water from naver: 64 / 120
Downloading boat on water from naver: 65 / 120
Downloading boat on water from naver: 66 / 120
Downloading boat on water from naver: 67 / 120
Downloading boat on water from naver: 68 / 120
Downloading boat on water from naver: 69 / 120
Downloading boat on water from naver: 70 / 120
Downloading boat on water from naver: 71 / 120
Downloading boat on water from naver: 72 / 120
Downloading boat on water from naver: 73 / 120
Downloading boat on water from naver: 74 / 120
Downloading boat on water from naver: 75 / 120
Downloading boat on water from naver: 76 / 120
Downloading boat on water from naver: 77 / 120
Downloading boat on water from naver: 78 / 120
Downloading boat on water from naver: 79 / 120
Downloading boat on water from naver: 80 / 120
Downloading boat on water from naver: 81 / 120
Downloading boat on water from naver: 82 / 120
Downloading boat on water from naver: 83 / 120
Downloading boat on water from naver: 84 / 120
Downloading boat on water from naver: 85 / 120
Downloading boat on water from naver: 86 / 120
Downloading boat on water from naver: 87 / 120
Downloading boat on water from naver: 88 / 120
Downloading boat on water from naver: 89 / 120
Downloading boat on water from naver: 90 / 120
Downloading boat on water from naver: 91 / 120
Downloading boat on water from naver: 92 / 120
Downloading boat on water from naver: 93 / 120
Downloading boat on water from naver: 94 / 120
Downloading boat on water from naver: 95 / 120
Downloading boat on water from naver: 96 / 120
Downloading boat on water from naver: 97 / 120
Downloading boat on water from naver: 98 / 120
Downloading boat on water from naver: 99 / 120
Downloading boat on water from naver: 100 / 120
Downloading boat on water from naver: 101 / 120
Downloading boat on water from naver: 102 / 120
Downloading boat on water from naver: 103 / 120
Downloading boat on water from naver: 104 / 120
Downloading boat on water from naver: 105 / 120
Downloading boat on water from naver: 106 / 120
Downloading boat on water from naver: 107 / 120
Downloading boat on water from naver: 108 / 120
Downloading boat on water from naver: 109 / 120
Downloading boat on water from naver: 110 / 120
Downloading boat on water from naver: 111 / 120
Downloading boat on water from naver: 112 / 120
Downloading boat on water from naver: 113 / 120
Downloading boat on water from naver: 114 / 120
Downloading boat on water from naver: 115 / 120
Downloading boat on water from naver: 116 / 120
Downloading boat on water from naver: 117 / 120
Downloading boat on water from naver: 118 / 120
Downloading boat on water from naver: 119 / 120
Downloading boat on water from naver: 120 / 120
Done naver : boat on water
_________________________________
Current web-browser version:	148.0.7778.168
Current chrome-driver version:	148.0.7778.167
_________________________________
Collecting links... motor boat from google
Scrolling down
Scraping links
Collect links done. Site: google, Keyword: motor boat, Total: 0
Downloading images from collected links... motor boat from google
Done google : motor boat
_________________________________
Current web-browser version:	148.0.7778.168
Current chrome-driver version:	148.0.7778.167
_________________________________
Collecting links... passenger boat from naver
Scrolling down
Scraping links
Collect links done. Site: naver, Keyword: passenger boat, Total: 486
Downloading images from collected links... passenger boat from naver
Downloading passenger boat from naver: 1 / 120
Downloading passenger boat from naver: 2 / 120
Downloading passenger boat from naver: 3 / 120
Downloading passenger boat from naver: 4 / 120
Downloading passenger boat from naver: 5 / 120
Downloading passenger boat from naver: 6 / 120
Downloading passenger boat from naver: 7 / 120
Downloading passenger boat from naver: 8 / 120
Downloading passenger boat from naver: 9 / 120
Downloading passenger boat from naver: 10 / 120
Downloading passenger boat from naver: 11 / 120
Downloading passenger boat from naver: 12 / 120
Downloading passenger boat from naver: 13 / 120
Downloading passenger boat from naver: 14 / 120
Downloading passenger boat from naver: 15 / 120
Downloading passenger boat from naver: 16 / 120
Downloading passenger boat from naver: 17 / 120
Downloading passenger boat from naver: 18 / 120
Downloading passenger boat from naver: 19 / 120
Downloading passenger boat from naver: 20 / 120
Downloading passenger boat from naver: 21 / 120
Downloading passenger boat from naver: 22 / 120
Downloading passenger boat from naver: 23 / 120
Downloading passenger boat from naver: 24 / 120
Downloading passenger boat from naver: 25 / 120
_________________________________
Current web-browser version:	148.0.7778.168
Current chrome-driver version:	148.0.7778.167
_________________________________
Collecting links... boat from google
Scrolling down
Scraping links
Collect links done. Site: google, Keyword: boat, Total: 0
Downloading images from collected links... boat from google
Done google : boat
_________________________________
Current web-browser version:	148.0.7778.168
Current chrome-driver version:	148.0.7778.167
_________________________________
Collecting links... fishing boat from google
Scrolling down
Scraping links
Collect links done. Site: google, Keyword: fishing boat, Total: 0
Downloading images from collected links... fishing boat from google
Done google : fishing boat
_________________________________
Current web-browser version:	148.0.7778.168
Current chrome-driver version:	148.0.7778.167
_________________________________
Collecting links... passenger boat from google
Scrolling down
Scraping links
Collect links done. Site: google, Keyword: passenger boat, Total: 0
Downloading images from collected links... passenger boat from google
Done google : passenger boat
_________________________________
Current web-browser version:	148.0.7778.168
Current chrome-driver version:	148.0.7778.167
_________________________________
Collecting links... river boat from naver
Scrolling down
Scraping links
Collect links done. Site: naver, Keyword: river boat, Total: 492
Downloading images from collected links... river boat from naver
Downloading river boat from naver: 1 / 120
Downloading river boat from naver: 2 / 120
Downloading river boat from naver: 3 / 120
Downloading river boat from naver: 4 / 120
Downloading river boat from naver: 5 / 120
Downloading river boat from naver: 6 / 120
Downloading river boat from naver: 7 / 120
Downloading river boat from naver: 8 / 120
Downloading river boat from naver: 9 / 120
Downloading river boat from naver: 10 / 120
Downloading river boat from naver: 11 / 120
Downloading river boat from naver: 12 / 120
Downloading river boat from naver: 13 / 120
Downloading river boat from naver: 14 / 120
Downloading river boat from naver: 15 / 120
Downloading river boat from naver: 16 / 120
Downloading river boat from naver: 17 / 120
Downloading river boat from naver: 18 / 120
Downloading river boat from naver: 19 / 120
Downloading river boat from naver: 20 / 120
Downloading river boat from naver: 21 / 120
Downloading river boat from naver: 22 / 120
Downloading river boat from naver: 23 / 120
Downloading river boat from naver: 24 / 120
Downloading river boat from naver: 25 / 120
Downloading river boat from naver: 26 / 120
Downloading river boat from naver: 27 / 120
Downloading river boat from naver: 28 / 120
Downloading river boat from naver: 29 / 120
Downloading river boat from naver: 30 / 120
Downloading river boat from naver: 31 / 120
Downloading river boat from naver: 32 / 120
Downloading river boat from naver: 33 / 120
Downloading river boat from naver: 34 / 120
Downloading river boat from naver: 35 / 120
Downloading river boat from naver: 36 / 120
Downloading river boat from naver: 37 / 120
Downloading river boat from naver: 38 / 120
Downloading river boat from naver: 39 / 120
Downloading river boat from naver: 40 / 120
Downloading river boat from naver: 41 / 120
Downloading river boat from naver: 42 / 120
Downloading river boat from naver: 43 / 120
Downloading river boat from naver: 44 / 120
Downloading river boat from naver: 45 / 120
Downloading river boat from naver: 46 / 120
Downloading river boat from naver: 47 / 120
Downloading river boat from naver: 48 / 120
Downloading river boat from naver: 49 / 120
Downloading river boat from naver: 50 / 120
Downloading river boat from naver: 51 / 120
Downloading river boat from naver: 52 / 120
Downloading river boat from naver: 53 / 120
Downloading river boat from naver: 54 / 120
Downloading river boat from naver: 55 / 120
Downloading river boat from naver: 56 / 120
Downloading river boat from naver: 57 / 120
Downloading river boat from naver: 58 / 120
Downloading river boat from naver: 59 / 120
Downloading river boat from naver: 60 / 120
Downloading river boat from naver: 61 / 120
Downloading river boat from naver: 62 / 120
Downloading river boat from naver: 63 / 120
Downloading river boat from naver: 64 / 120
Downloading river boat from naver: 65 / 120
Downloading river boat from naver: 66 / 120
Downloading river boat from naver: 67 / 120
Downloading river boat from naver: 68 / 120
Downloading river boat from naver: 69 / 120
Downloading river boat from naver: 70 / 120
Downloading river boat from naver: 71 / 120
Downloading river boat from naver: 72 / 120
Downloading river boat from naver: 73 / 120
Downloading river boat from naver: 74 / 120
Downloading river boat from naver: 75 / 120
Downloading river boat from naver: 76 / 120
Downloading river boat from naver: 77 / 120
Downloading river boat from naver: 78 / 120
Downloading river boat from naver: 79 / 120
Downloading river boat from naver: 80 / 120
Downloading river boat from naver: 81 / 120
Downloading river boat from naver: 82 / 120
Downloading river boat from naver: 83 / 120
Downloading river boat from naver: 84 / 120
Downloading river boat from naver: 85 / 120
Downloading river boat from naver: 86 / 120
Downloading river boat from naver: 87 / 120
Downloading river boat from naver: 88 / 120
Downloading river boat from naver: 89 / 120
Downloading river boat from naver: 90 / 120
Downloading river boat from naver: 91 / 120
Downloading river boat from naver: 92 / 120
Downloading river boat from naver: 93 / 120
Downloading river boat from naver: 94 / 120
Downloading river boat from naver: 95 / 120
Downloading river boat from naver: 96 / 120
Downloading river boat from naver: 97 / 120
Downloading river boat from naver: 98 / 120
Downloading river boat from naver: 99 / 120
Downloading river boat from naver: 100 / 120
Downloading river boat from naver: 101 / 120
Downloading river boat from naver: 102 / 120
Downloading river boat from naver: 103 / 120
Downloading river boat from naver: 104 / 120
Downloading river boat from naver: 105 / 120
Downloading river boat from naver: 106 / 120
Downloading river boat from naver: 107 / 120
Downloading river boat from naver: 108 / 120
Downloading river boat from naver: 109 / 120
Downloading river boat from naver: 110 / 120
Downloading river boat from naver: 111 / 120
Downloading river boat from naver: 112 / 120
Downloading river boat from naver: 113 / 120
Downloading river boat from naver: 114 / 120
Downloading river boat from naver: 115 / 120
Downloading river boat from naver: 116 / 120
Downloading river boat from naver: 117 / 120
Downloading river boat from naver: 118 / 120
Downloading river boat from naver: 119 / 120
Downloading river boat from naver: 120 / 120
Done naver : river boat
Options - skip:False, threads:4, google:True, naver:True, full_resolution:False, face:False, no_gui:False, limit:120, _proxy_list:['']
8 keywords found: ['boat', 'boat on water', 'fishing boat', 'motor boat', 'passenger boat', 'river boat', 'small boat', 'speed boat']
Task ended. Pool join.
Data imbalance checking...
dir: download/boat, file_count: 122
dir: download/boat on water, file_count: 122
dir: download/fishing boat, file_count: 122
dir: download/motor boat, file_count: 122
dir: download/passenger boat, file_count: 122
dir: download/river boat, file_count: 122
dir: download/small boat, file_count: 1
dir: download/speed boat, file_count: 122
Data imbalance detected.
Below keywords have smaller than 50% of average file count.
I recommend you to remove these directories and re-download for that keyword.
_________________________________
Too small file count directories:
dir: download/small boat, file_count: 1
Remove directories above? (y/n)
End Program
Project root: D:\Workspace\Nam4\KHDL\vehicle-classification\traffic_vehicle_classification
Selected sources: duckduckgo, google, naver
Target raw images per label: 639
[START] boat: current=339, target=639
[AutoCrawler] boat: crawling from google, naver
[DONE] boat: raw_count=639

[Crawl] label=bus, current_raw=300, next_raw_goal=600

$ C:\Users\Admin\AppData\Local\Programs\Python\Python310\python.exe scripts/crawl_images.py --labels bus --sources google,naver,duckduckgo --limit-per-label 600
_________________________________
Current web-browser version:	148.0.7778.168
Current chrome-driver version:	148.0.7778.167
_________________________________
Collecting links... bus on road from naver
Scrolling down
Scraping links
Collect links done. Site: naver, Keyword: bus on road, Total: 493
Downloading images from collected links... bus on road from naver
Downloading bus on road from naver: 1 / 120
Downloading bus on road from naver: 2 / 120
Downloading bus on road from naver: 3 / 120
Downloading bus on road from naver: 4 / 120
Downloading bus on road from naver: 5 / 120
Downloading bus on road from naver: 6 / 120
Downloading bus on road from naver: 7 / 120
Downloading bus on road from naver: 8 / 120
Downloading bus on road from naver: 9 / 120
Downloading bus on road from naver: 10 / 120
Downloading bus on road from naver: 11 / 120
Downloading bus on road from naver: 12 / 120
Downloading bus on road from naver: 13 / 120
Downloading bus on road from naver: 14 / 120
Downloading bus on road from naver: 15 / 120
Downloading bus on road from naver: 16 / 120
Downloading bus on road from naver: 17 / 120
Downloading bus on road from naver: 18 / 120
Downloading bus on road from naver: 19 / 120
Downloading bus on road from naver: 20 / 120
Downloading bus on road from naver: 21 / 120
Downloading bus on road from naver: 22 / 120
Downloading bus on road from naver: 23 / 120
Downloading bus on road from naver: 24 / 120
Downloading bus on road from naver: 25 / 120
Downloading bus on road from naver: 26 / 120
Downloading bus on road from naver: 27 / 120
Downloading bus on road from naver: 28 / 120
Downloading bus on road from naver: 29 / 120
Downloading bus on road from naver: 30 / 120
Downloading bus on road from naver: 31 / 120
Downloading bus on road from naver: 32 / 120
Downloading bus on road from naver: 33 / 120
Downloading bus on road from naver: 34 / 120
Downloading bus on road from naver: 35 / 120
Downloading bus on road from naver: 36 / 120
Downloading bus on road from naver: 37 / 120
Downloading bus on road from naver: 38 / 120
Downloading bus on road from naver: 39 / 120
Downloading bus on road from naver: 40 / 120
Downloading bus on road from naver: 41 / 120
Downloading bus on road from naver: 42 / 120
Downloading bus on road from naver: 43 / 120
Renamed extension jpg -> png
Downloading bus on road from naver: 44 / 120
Downloading bus on road from naver: 45 / 120
Downloading bus on road from naver: 46 / 120
Downloading bus on road from naver: 47 / 120
Downloading bus on road from naver: 48 / 120
Downloading bus on road from naver: 49 / 120
Downloading bus on road from naver: 50 / 120
Downloading bus on road from naver: 51 / 120
Downloading bus on road from naver: 52 / 120
Downloading bus on road from naver: 53 / 120
Downloading bus on road from naver: 54 / 120
Downloading bus on road from naver: 55 / 120
Renamed extension jpg -> png
Downloading bus on road from naver: 56 / 120
Downloading bus on road from naver: 57 / 120
Downloading bus on road from naver: 58 / 120
Downloading bus on road from naver: 59 / 120
Downloading bus on road from naver: 60 / 120
Downloading bus on road from naver: 61 / 120
Downloading bus on road from naver: 62 / 120
Downloading bus on road from naver: 63 / 120
Downloading bus on road from naver: 64 / 120
Downloading bus on road from naver: 65 / 120
Downloading bus on road from naver: 66 / 120
Downloading bus on road from naver: 67 / 120
Downloading bus on road from naver: 68 / 120
Downloading bus on road from naver: 69 / 120
Downloading bus on road from naver: 70 / 120
Downloading bus on road from naver: 71 / 120
Downloading bus on road from naver: 72 / 120
Downloading bus on road from naver: 73 / 120
Downloading bus on road from naver: 74 / 120
Downloading bus on road from naver: 75 / 120
Downloading bus on road from naver: 76 / 120
Downloading bus on road from naver: 77 / 120
Downloading bus on road from naver: 78 / 120
Downloading bus on road from naver: 79 / 120
Downloading bus on road from naver: 80 / 120
Downloading bus on road from naver: 81 / 120
Downloading bus on road from naver: 82 / 120
Downloading bus on road from naver: 83 / 120
Downloading bus on road from naver: 84 / 120
Downloading bus on road from naver: 85 / 120
Downloading bus on road from naver: 86 / 120
Downloading bus on road from naver: 87 / 120
Downloading bus on road from naver: 88 / 120
Downloading bus on road from naver: 89 / 120
Downloading bus on road from naver: 90 / 120
Downloading bus on road from naver: 91 / 120
Downloading bus on road from naver: 92 / 120
Downloading bus on road from naver: 93 / 120
Downloading bus on road from naver: 94 / 120
Downloading bus on road from naver: 95 / 120
Downloading bus on road from naver: 96 / 120
Downloading bus on road from naver: 97 / 120
Downloading bus on road from naver: 98 / 120
Downloading bus on road from naver: 99 / 120
Downloading bus on road from naver: 100 / 120
Downloading bus on road from naver: 101 / 120
Downloading bus on road from naver: 102 / 120
Downloading bus on road from naver: 103 / 120
Downloading bus on road from naver: 104 / 120
Downloading bus on road from naver: 105 / 120
Downloading bus on road from naver: 106 / 120
Downloading bus on road from naver: 107 / 120
Downloading bus on road from naver: 108 / 120
Downloading bus on road from naver: 109 / 120
Downloading bus on road from naver: 110 / 120
Downloading bus on road from naver: 111 / 120
Downloading bus on road from naver: 112 / 120
Downloading bus on road from naver: 113 / 120
Downloading bus on road from naver: 114 / 120
Downloading bus on road from naver: 115 / 120
Downloading bus on road from naver: 116 / 120
Downloading bus on road from naver: 117 / 120
Downloading bus on road from naver: 118 / 120
Downloading bus on road from naver: 119 / 120
Downloading bus on road from naver: 120 / 120
Done naver : bus on road
_________________________________
Current web-browser version:	148.0.7778.168
Current chrome-driver version:	148.0.7778.167
_________________________________
Collecting links... coach bus from google
Scrolling down
Scraping links
Collect links done. Site: google, Keyword: coach bus, Total: 0
Downloading images from collected links... coach bus from google
Done google : coach bus
_________________________________
Current web-browser version:	148.0.7778.168
Current chrome-driver version:	148.0.7778.167
_________________________________
Collecting links... passenger bus from naver
Scrolling down
Scraping links
Collect links done. Site: naver, Keyword: passenger bus, Total: 487
Downloading images from collected links... passenger bus from naver
Downloading passenger bus from naver: 1 / 120
Downloading passenger bus from naver: 2 / 120
Downloading passenger bus from naver: 3 / 120
Downloading passenger bus from naver: 4 / 120
Downloading passenger bus from naver: 5 / 120
Downloading passenger bus from naver: 6 / 120
Downloading passenger bus from naver: 7 / 120
Downloading passenger bus from naver: 8 / 120
Downloading passenger bus from naver: 9 / 120
Downloading passenger bus from naver: 10 / 120
Downloading passenger bus from naver: 11 / 120
Downloading passenger bus from naver: 12 / 120
Downloading passenger bus from naver: 13 / 120
Downloading passenger bus from naver: 14 / 120
Downloading passenger bus from naver: 15 / 120
Downloading passenger bus from naver: 16 / 120
Downloading passenger bus from naver: 17 / 120
Downloading passenger bus from naver: 18 / 120
Downloading passenger bus from naver: 19 / 120
Downloading passenger bus from naver: 20 / 120
Downloading passenger bus from naver: 21 / 120
Downloading passenger bus from naver: 22 / 120
Downloading passenger bus from naver: 23 / 120
Downloading passenger bus from naver: 24 / 120
Downloading passenger bus from naver: 25 / 120
Downloading passenger bus from naver: 26 / 120
Downloading passenger bus from naver: 27 / 120
Downloading passenger bus from naver: 28 / 120
Downloading passenger bus from naver: 29 / 120
Downloading passenger bus from naver: 30 / 120
_________________________________
Current web-browser version:	148.0.7778.168
Current chrome-driver version:	148.0.7778.167
_________________________________
Collecting links... bus from google
Scrolling down
Scraping links
Collect links done. Site: google, Keyword: bus, Total: 0
Downloading images from collected links... bus from google
Done google : bus
_________________________________
Current web-browser version:	148.0.7778.168
Current chrome-driver version:	148.0.7778.167
_________________________________
Collecting links... city bus from google
Scrolling down
Scraping links
Collect links done. Site: google, Keyword: city bus, Total: 0
Downloading images from collected links... city bus from google
Done google : city bus
_________________________________
Current web-browser version:	148.0.7778.168
Current chrome-driver version:	148.0.7778.167
_________________________________
Collecting links... passenger bus from google
Scrolling down
Scraping links
Collect links done. Site: google, Keyword: passenger bus, Total: 0
Downloading images from collected links... passenger bus from google
Done google : passenger bus
_________________________________
Current web-browser version:	148.0.7778.168
Current chrome-driver version:	148.0.7778.167
_________________________________
Collecting links... public bus from naver
Scrolling down
Scraping links
Collect links done. Site: naver, Keyword: public bus, Total: 459
Downloading images from collected links... public bus from naver
Downloading public bus from naver: 1 / 120
Downloading public bus from naver: 2 / 120
Downloading public bus from naver: 3 / 120
Downloading public bus from naver: 4 / 120
Downloading public bus from naver: 5 / 120
Downloading public bus from naver: 6 / 120
Downloading public bus from naver: 7 / 120
Downloading public bus from naver: 8 / 120
Downloading public bus from naver: 9 / 120
Downloading public bus from naver: 10 / 120
Downloading public bus from naver: 11 / 120
Downloading public bus from naver: 12 / 120
Downloading public bus from naver: 13 / 120
Downloading public bus from naver: 14 / 120
Downloading public bus from naver: 15 / 120
Downloading public bus from naver: 16 / 120
Downloading public bus from naver: 17 / 120
Downloading public bus from naver: 18 / 120
Downloading public bus from naver: 19 / 120
Downloading public bus from naver: 20 / 120
Downloading public bus from naver: 21 / 120
Downloading public bus from naver: 22 / 120
Downloading public bus from naver: 23 / 120
Downloading public bus from naver: 24 / 120
Downloading public bus from naver: 25 / 120
Downloading public bus from naver: 26 / 120
Downloading public bus from naver: 27 / 120
Downloading public bus from naver: 28 / 120
Downloading public bus from naver: 29 / 120
Downloading public bus from naver: 30 / 120
Downloading public bus from naver: 31 / 120
Downloading public bus from naver: 32 / 120
Downloading public bus from naver: 33 / 120
Downloading public bus from naver: 34 / 120
Downloading public bus from naver: 35 / 120
Downloading public bus from naver: 36 / 120
Downloading public bus from naver: 37 / 120
Downloading public bus from naver: 38 / 120
Downloading public bus from naver: 39 / 120
Downloading public bus from naver: 40 / 120
Downloading public bus from naver: 41 / 120
Downloading public bus from naver: 42 / 120
Downloading public bus from naver: 43 / 120
Downloading public bus from naver: 44 / 120
Downloading public bus from naver: 45 / 120
Downloading public bus from naver: 46 / 120
Downloading public bus from naver: 47 / 120
Downloading public bus from naver: 48 / 120
Downloading public bus from naver: 49 / 120
Downloading public bus from naver: 50 / 120
Downloading public bus from naver: 51 / 120
Downloading public bus from naver: 52 / 120
Downloading public bus from naver: 53 / 120
Downloading public bus from naver: 54 / 120
Downloading public bus from naver: 55 / 120
Downloading public bus from naver: 56 / 120
Downloading public bus from naver: 57 / 120
Downloading public bus from naver: 58 / 120
Downloading public bus from naver: 59 / 120
Downloading public bus from naver: 60 / 120
Downloading public bus from naver: 61 / 120
Downloading public bus from naver: 62 / 120
Downloading public bus from naver: 63 / 120
Downloading public bus from naver: 64 / 120
Downloading public bus from naver: 65 / 120
Downloading public bus from naver: 66 / 120
Downloading public bus from naver: 67 / 120
Downloading public bus from naver: 68 / 120
Downloading public bus from naver: 69 / 120
Downloading public bus from naver: 70 / 120
Downloading public bus from naver: 71 / 120
Downloading public bus from naver: 72 / 120
Downloading public bus from naver: 73 / 120
Downloading public bus from naver: 74 / 120
Downloading public bus from naver: 75 / 120
Downloading public bus from naver: 76 / 120
Downloading public bus from naver: 77 / 120
Downloading public bus from naver: 78 / 120
Downloading public bus from naver: 79 / 120
Downloading public bus from naver: 80 / 120
Downloading public bus from naver: 81 / 120
Downloading public bus from naver: 82 / 120
Downloading public bus from naver: 83 / 120
Downloading public bus from naver: 84 / 120
Downloading public bus from naver: 85 / 120
Downloading public bus from naver: 86 / 120
Downloading public bus from naver: 87 / 120
Downloading public bus from naver: 88 / 120
Downloading public bus from naver: 89 / 120
Downloading public bus from naver: 90 / 120
Downloading public bus from naver: 91 / 120
Downloading public bus from naver: 92 / 120
Downloading public bus from naver: 93 / 120
Downloading public bus from naver: 94 / 120
Downloading public bus from naver: 95 / 120
Downloading public bus from naver: 96 / 120
Downloading public bus from naver: 97 / 120
Downloading public bus from naver: 98 / 120
Downloading public bus from naver: 99 / 120
Downloading public bus from naver: 100 / 120
Downloading public bus from naver: 101 / 120
Downloading public bus from naver: 102 / 120
Downloading public bus from naver: 103 / 120
Downloading public bus from naver: 104 / 120
Downloading public bus from naver: 105 / 120
Downloading public bus from naver: 106 / 120
Downloading public bus from naver: 107 / 120
Downloading public bus from naver: 108 / 120
Downloading public bus from naver: 109 / 120
Downloading public bus from naver: 110 / 120
Downloading public bus from naver: 111 / 120
Downloading public bus from naver: 112 / 120
Downloading public bus from naver: 113 / 120
Downloading public bus from naver: 114 / 120
Downloading public bus from naver: 115 / 120
Downloading public bus from naver: 116 / 120
Downloading public bus from naver: 117 / 120
Downloading public bus from naver: 118 / 120
Downloading public bus from naver: 119 / 120
Downloading public bus from naver: 120 / 120
Done naver : public bus
Options - skip:False, threads:4, google:True, naver:True, full_resolution:False, face:False, no_gui:False, limit:120, _proxy_list:['']
8 keywords found: ['bus', 'bus on road', 'city bus', 'coach bus', 'passenger bus', 'public bus', 'school bus', 'transit bus']
Task ended. Pool join.
Data imbalance checking...
dir: download/bus, file_count: 122
dir: download/bus on road, file_count: 122
dir: download/city bus, file_count: 122
dir: download/coach bus, file_count: 122
dir: download/passenger bus, file_count: 122
dir: download/public bus, file_count: 122
dir: download/school bus, file_count: 122
dir: download/transit bus, file_count: 122
Data imbalance not detected.
End Program
Project root: D:\Workspace\Nam4\KHDL\vehicle-classification\traffic_vehicle_classification
Selected sources: duckduckgo, google, naver
Target raw images per label: 600
[START] bus: current=300, target=600
[AutoCrawler] bus: crawling from google, naver
[DONE] bus: raw_count=600

[Crawl] label=car, current_raw=304, next_raw_goal=604

$ C:\Users\Admin\AppData\Local\Programs\Python\Python310\python.exe scripts/crawl_images.py --labels car --sources google,naver,duckduckgo --limit-per-label 604
_________________________________
Current web-browser version:	148.0.7778.168
Current chrome-driver version:	148.0.7778.167
_________________________________
Collecting links... car on street from naver
Scrolling down
Scraping links
Collect links done. Site: naver, Keyword: car on street, Total: 490
Downloading images from collected links... car on street from naver
Downloading car on street from naver: 1 / 120
Downloading car on street from naver: 2 / 120
Downloading car on street from naver: 3 / 120
Downloading car on street from naver: 4 / 120
Downloading car on street from naver: 5 / 120
Downloading car on street from naver: 6 / 120
Downloading car on street from naver: 7 / 120
Downloading car on street from naver: 8 / 120
Downloading car on street from naver: 9 / 120
Downloading car on street from naver: 10 / 120
Downloading car on street from naver: 11 / 120
Downloading car on street from naver: 12 / 120
Downloading car on street from naver: 13 / 120
Downloading car on street from naver: 14 / 120
Downloading car on street from naver: 15 / 120
Downloading car on street from naver: 16 / 120
Downloading car on street from naver: 17 / 120
Downloading car on street from naver: 18 / 120
Downloading car on street from naver: 19 / 120
Downloading car on street from naver: 20 / 120
Downloading car on street from naver: 21 / 120
Downloading car on street from naver: 22 / 120
Downloading car on street from naver: 23 / 120
Downloading car on street from naver: 24 / 120
Downloading car on street from naver: 25 / 120
Downloading car on street from naver: 26 / 120
Downloading car on street from naver: 27 / 120
Downloading car on street from naver: 28 / 120
Downloading car on street from naver: 29 / 120
Downloading car on street from naver: 30 / 120
Downloading car on street from naver: 31 / 120
Downloading car on street from naver: 32 / 120
Downloading car on street from naver: 33 / 120
Downloading car on street from naver: 34 / 120
Downloading car on street from naver: 35 / 120
Downloading car on street from naver: 36 / 120
Downloading car on street from naver: 37 / 120
Downloading car on street from naver: 38 / 120
Downloading car on street from naver: 39 / 120
Downloading car on street from naver: 40 / 120
Downloading car on street from naver: 41 / 120
Downloading car on street from naver: 42 / 120
Downloading car on street from naver: 43 / 120
Downloading car on street from naver: 44 / 120
Downloading car on street from naver: 45 / 120
Downloading car on street from naver: 46 / 120
Downloading car on street from naver: 47 / 120
Downloading car on street from naver: 48 / 120
Downloading car on street from naver: 49 / 120
Downloading car on street from naver: 50 / 120
Downloading car on street from naver: 51 / 120
Downloading car on street from naver: 52 / 120
Downloading car on street from naver: 53 / 120
Downloading car on street from naver: 54 / 120
Downloading car on street from naver: 55 / 120
Downloading car on street from naver: 56 / 120
Downloading car on street from naver: 57 / 120
Downloading car on street from naver: 58 / 120
Downloading car on street from naver: 59 / 120
Downloading car on street from naver: 60 / 120
Downloading car on street from naver: 61 / 120
Downloading car on street from naver: 62 / 120
Downloading car on street from naver: 63 / 120
Downloading car on street from naver: 64 / 120
Downloading car on street from naver: 65 / 120
Downloading car on street from naver: 66 / 120
Downloading car on street from naver: 67 / 120
Downloading car on street from naver: 68 / 120
Downloading car on street from naver: 69 / 120
Downloading car on street from naver: 70 / 120
Downloading car on street from naver: 71 / 120
Downloading car on street from naver: 72 / 120
Downloading car on street from naver: 73 / 120
Downloading car on street from naver: 74 / 120
Downloading car on street from naver: 75 / 120
Downloading car on street from naver: 76 / 120
Downloading car on street from naver: 77 / 120
Downloading car on street from naver: 78 / 120
Downloading car on street from naver: 79 / 120
Downloading car on street from naver: 80 / 120
Downloading car on street from naver: 81 / 120
Downloading car on street from naver: 82 / 120
Downloading car on street from naver: 83 / 120
Downloading car on street from naver: 84 / 120
Downloading car on street from naver: 85 / 120
Downloading car on street from naver: 86 / 120
Downloading car on street from naver: 87 / 120
Downloading car on street from naver: 88 / 120
Downloading car on street from naver: 89 / 120
Downloading car on street from naver: 90 / 120
Downloading car on street from naver: 91 / 120
Downloading car on street from naver: 92 / 120
Downloading car on street from naver: 93 / 120
Downloading car on street from naver: 94 / 120
Downloading car on street from naver: 95 / 120
Downloading car on street from naver: 96 / 120
Downloading car on street from naver: 97 / 120
Downloading car on street from naver: 98 / 120
Downloading car on street from naver: 99 / 120
Downloading car on street from naver: 100 / 120
Downloading car on street from naver: 101 / 120
Downloading car on street from naver: 102 / 120
Downloading car on street from naver: 103 / 120
Downloading car on street from naver: 104 / 120
Downloading car on street from naver: 105 / 120
Downloading car on street from naver: 106 / 120
Downloading car on street from naver: 107 / 120
Downloading car on street from naver: 108 / 120
Downloading car on street from naver: 109 / 120
Downloading car on street from naver: 110 / 120
Downloading car on street from naver: 111 / 120
Downloading car on street from naver: 112 / 120
Downloading car on street from naver: 113 / 120
Downloading car on street from naver: 114 / 120
Downloading car on street from naver: 115 / 120
Downloading car on street from naver: 116 / 120
Downloading car on street from naver: 117 / 120
Downloading car on street from naver: 118 / 120
Downloading car on street from naver: 119 / 120
Downloading car on street from naver: 120 / 120
Done naver : car on street
_________________________________
Current web-browser version:	148.0.7778.168
Current chrome-driver version:	148.0.7778.167
_________________________________
Collecting links... family car from naver
Scrolling down
Scraping links
Collect links done. Site: naver, Keyword: family car, Total: 488
Downloading images from collected links... family car from naver
Downloading family car from naver: 1 / 120
Downloading family car from naver: 2 / 120
Downloading family car from naver: 3 / 120
Downloading family car from naver: 4 / 120
Downloading family car from naver: 5 / 120
Downloading family car from naver: 6 / 120
Downloading family car from naver: 7 / 120
Downloading family car from naver: 8 / 120
Downloading family car from naver: 9 / 120
Downloading family car from naver: 10 / 120
Downloading family car from naver: 11 / 120
Downloading family car from naver: 12 / 120
Downloading family car from naver: 13 / 120
Downloading family car from naver: 14 / 120
Downloading family car from naver: 15 / 120
Downloading family car from naver: 16 / 120
Downloading family car from naver: 17 / 120
Downloading family car from naver: 18 / 120
Downloading family car from naver: 19 / 120
Downloading family car from naver: 20 / 120
Downloading family car from naver: 21 / 120
Downloading family car from naver: 22 / 120
Downloading family car from naver: 23 / 120
Downloading family car from naver: 24 / 120
Downloading family car from naver: 25 / 120
Downloading family car from naver: 26 / 120
Downloading family car from naver: 27 / 120
Downloading family car from naver: 28 / 120
Downloading family car from naver: 29 / 120
Downloading family car from naver: 30 / 120
Downloading family car from naver: 31 / 120
Downloading family car from naver: 32 / 120
Downloading family car from naver: 33 / 120
Downloading family car from naver: 34 / 120
Downloading family car from naver: 35 / 120
Downloading family car from naver: 36 / 120
_________________________________
Current web-browser version:	148.0.7778.168
Current chrome-driver version:	148.0.7778.167
_________________________________
Collecting links... car from google
Scrolling down
Scraping links
Collect links done. Site: google, Keyword: car, Total: 0
Downloading images from collected links... car from google
Done google : car
_________________________________
Current web-browser version:	148.0.7778.168
Current chrome-driver version:	148.0.7778.167
_________________________________
Collecting links... compact car from google
Scrolling down
Scraping links
Collect links done. Site: google, Keyword: compact car, Total: 0
Downloading images from collected links... compact car from google
Done google : compact car
_________________________________
Current web-browser version:	148.0.7778.168
Current chrome-driver version:	148.0.7778.167
_________________________________
Collecting links... hatchback car from google
Scrolling down
Scraping links
Collect links done. Site: google, Keyword: hatchback car, Total: 0
Downloading images from collected links... hatchback car from google
Done google : hatchback car
_________________________________
Current web-browser version:	148.0.7778.168
Current chrome-driver version:	148.0.7778.167
_________________________________
Collecting links... road car from naver
Scrolling down
Scraping links
Collect links done. Site: naver, Keyword: road car, Total: 490
Downloading images from collected links... road car from naver
Downloading road car from naver: 1 / 120
Downloading road car from naver: 2 / 120
Downloading road car from naver: 3 / 120
Downloading road car from naver: 4 / 120
Downloading road car from naver: 5 / 120
Downloading road car from naver: 6 / 120
Downloading road car from naver: 7 / 120
Downloading road car from naver: 8 / 120
Downloading road car from naver: 9 / 120
Downloading road car from naver: 10 / 120
Downloading road car from naver: 11 / 120
Downloading road car from naver: 12 / 120
Downloading road car from naver: 13 / 120
Downloading road car from naver: 14 / 120
Downloading road car from naver: 15 / 120
Downloading road car from naver: 16 / 120
Downloading road car from naver: 17 / 120
Downloading road car from naver: 18 / 120
Downloading road car from naver: 19 / 120
Downloading road car from naver: 20 / 120
Downloading road car from naver: 21 / 120
Downloading road car from naver: 22 / 120
Downloading road car from naver: 23 / 120
Downloading road car from naver: 24 / 120
Downloading road car from naver: 25 / 120
Downloading road car from naver: 26 / 120
Downloading road car from naver: 27 / 120
Downloading road car from naver: 28 / 120
Downloading road car from naver: 29 / 120
Downloading road car from naver: 30 / 120
Downloading road car from naver: 31 / 120
Downloading road car from naver: 32 / 120
Downloading road car from naver: 33 / 120
Downloading road car from naver: 34 / 120
Downloading road car from naver: 35 / 120
Downloading road car from naver: 36 / 120
Downloading road car from naver: 37 / 120
Downloading road car from naver: 38 / 120
Downloading road car from naver: 39 / 120
Downloading road car from naver: 40 / 120
Downloading road car from naver: 41 / 120
Downloading road car from naver: 42 / 120
Downloading road car from naver: 43 / 120
Downloading road car from naver: 44 / 120
Downloading road car from naver: 45 / 120
Downloading road car from naver: 46 / 120
Downloading road car from naver: 47 / 120
Downloading road car from naver: 48 / 120
Downloading road car from naver: 49 / 120
Downloading road car from naver: 50 / 120
Downloading road car from naver: 51 / 120
Downloading road car from naver: 52 / 120
Downloading road car from naver: 53 / 120
Downloading road car from naver: 54 / 120
Downloading road car from naver: 55 / 120
Downloading road car from naver: 56 / 120
Downloading road car from naver: 57 / 120
Downloading road car from naver: 58 / 120
Downloading road car from naver: 59 / 120
Downloading road car from naver: 60 / 120
Downloading road car from naver: 61 / 120
Downloading road car from naver: 62 / 120
Downloading road car from naver: 63 / 120
Downloading road car from naver: 64 / 120
Downloading road car from naver: 65 / 120
Downloading road car from naver: 66 / 120
Downloading road car from naver: 67 / 120
Downloading road car from naver: 68 / 120
Downloading road car from naver: 69 / 120
Downloading road car from naver: 70 / 120
Downloading road car from naver: 71 / 120
Downloading road car from naver: 72 / 120
Downloading road car from naver: 73 / 120
Downloading road car from naver: 74 / 120
Downloading road car from naver: 75 / 120
Downloading road car from naver: 76 / 120
Downloading road car from naver: 77 / 120
Downloading road car from naver: 78 / 120
Downloading road car from naver: 79 / 120
Renamed extension jpg -> png
Downloading road car from naver: 80 / 120
Downloading road car from naver: 81 / 120
Downloading road car from naver: 82 / 120
Downloading road car from naver: 83 / 120
Downloading road car from naver: 84 / 120
Downloading road car from naver: 85 / 120
Downloading road car from naver: 86 / 120
Downloading road car from naver: 87 / 120
Downloading road car from naver: 88 / 120
Downloading road car from naver: 89 / 120
Downloading road car from naver: 90 / 120
Downloading road car from naver: 91 / 120
Downloading road car from naver: 92 / 120
Downloading road car from naver: 93 / 120
Downloading road car from naver: 94 / 120
Downloading road car from naver: 95 / 120
Downloading road car from naver: 96 / 120
Downloading road car from naver: 97 / 120
Downloading road car from naver: 98 / 120
Downloading road car from naver: 99 / 120
Downloading road car from naver: 100 / 120
Downloading road car from naver: 101 / 120
Downloading road car from naver: 102 / 120
Downloading road car from naver: 103 / 120
Downloading road car from naver: 104 / 120
Downloading road car from naver: 105 / 120
Downloading road car from naver: 106 / 120
Downloading road car from naver: 107 / 120
Downloading road car from naver: 108 / 120
Downloading road car from naver: 109 / 120
Downloading road car from naver: 110 / 120
Downloading road car from naver: 111 / 120
Downloading road car from naver: 112 / 120
Downloading road car from naver: 113 / 120
Downloading road car from naver: 114 / 120
Downloading road car from naver: 115 / 120
Downloading road car from naver: 116 / 120
Downloading road car from naver: 117 / 120
Downloading road car from naver: 118 / 120
Downloading road car from naver: 119 / 120
Downloading road car from naver: 120 / 120
Done naver : road car
Options - skip:False, threads:4, google:True, naver:True, full_resolution:False, face:False, no_gui:False, limit:120, _proxy_list:['']
8 keywords found: ['car', 'car on street', 'compact car', 'family car', 'hatchback car', 'road car', 'sedan car', 'vehicle car']
Task ended. Pool join.
Data imbalance checking...
dir: download/car, file_count: 122
dir: download/car on street, file_count: 122
dir: download/compact car, file_count: 122
dir: download/family car, file_count: 122
dir: download/hatchback car, file_count: 122
dir: download/road car, file_count: 122
dir: download/sedan car, file_count: 122
dir: download/vehicle car, file_count: 122
Data imbalance not detected.
End Program
Project root: D:\Workspace\Nam4\KHDL\vehicle-classification\traffic_vehicle_classification
Selected sources: duckduckgo, google, naver
Target raw images per label: 604
[START] car: current=304, target=604
[AutoCrawler] car: crawling from google, naver
[DONE] car: raw_count=604

[Crawl] label=helicopter, current_raw=300, next_raw_goal=600

$ C:\Users\Admin\AppData\Local\Programs\Python\Python310\python.exe scripts/crawl_images.py --labels helicopter --sources google,naver,duckduckgo --limit-per-label 600
_________________________________
Current web-browser version:	148.0.7778.168
Current chrome-driver version:	148.0.7778.167
_________________________________
Collecting links... civilian helicopter from naver
Scrolling down
Scraping links
Collect links done. Site: naver, Keyword: civilian helicopter, Total: 258
Downloading images from collected links... civilian helicopter from naver
Downloading civilian helicopter from naver: 1 / 120
Downloading civilian helicopter from naver: 2 / 120
Downloading civilian helicopter from naver: 3 / 120
Downloading civilian helicopter from naver: 4 / 120
Downloading civilian helicopter from naver: 5 / 120
Downloading civilian helicopter from naver: 6 / 120
Downloading civilian helicopter from naver: 7 / 120
Downloading civilian helicopter from naver: 8 / 120
Downloading civilian helicopter from naver: 9 / 120
Downloading civilian helicopter from naver: 10 / 120
Downloading civilian helicopter from naver: 11 / 120
Downloading civilian helicopter from naver: 12 / 120
Downloading civilian helicopter from naver: 13 / 120
Downloading civilian helicopter from naver: 14 / 120
Downloading civilian helicopter from naver: 15 / 120
Downloading civilian helicopter from naver: 16 / 120
Downloading civilian helicopter from naver: 17 / 120
Downloading civilian helicopter from naver: 18 / 120
Downloading civilian helicopter from naver: 19 / 120
Downloading civilian helicopter from naver: 20 / 120
Downloading civilian helicopter from naver: 21 / 120
Downloading civilian helicopter from naver: 22 / 120
Downloading civilian helicopter from naver: 23 / 120
Downloading civilian helicopter from naver: 24 / 120
Downloading civilian helicopter from naver: 25 / 120
Downloading civilian helicopter from naver: 26 / 120
Downloading civilian helicopter from naver: 27 / 120
Downloading civilian helicopter from naver: 28 / 120
Downloading civilian helicopter from naver: 29 / 120
Downloading civilian helicopter from naver: 30 / 120
Downloading civilian helicopter from naver: 31 / 120
Downloading civilian helicopter from naver: 32 / 120
Downloading civilian helicopter from naver: 33 / 120
Downloading civilian helicopter from naver: 34 / 120
Downloading civilian helicopter from naver: 35 / 120
Downloading civilian helicopter from naver: 36 / 120
Downloading civilian helicopter from naver: 37 / 120
Downloading civilian helicopter from naver: 38 / 120
Downloading civilian helicopter from naver: 39 / 120
Downloading civilian helicopter from naver: 40 / 120
Downloading civilian helicopter from naver: 41 / 120
Downloading civilian helicopter from naver: 42 / 120
Downloading civilian helicopter from naver: 43 / 120
Downloading civilian helicopter from naver: 44 / 120
Downloading civilian helicopter from naver: 45 / 120
Downloading civilian helicopter from naver: 46 / 120
Downloading civilian helicopter from naver: 47 / 120
Downloading civilian helicopter from naver: 48 / 120
Downloading civilian helicopter from naver: 49 / 120
Downloading civilian helicopter from naver: 50 / 120
Downloading civilian helicopter from naver: 51 / 120
Downloading civilian helicopter from naver: 52 / 120
Downloading civilian helicopter from naver: 53 / 120
Downloading civilian helicopter from naver: 54 / 120
Downloading civilian helicopter from naver: 55 / 120
Downloading civilian helicopter from naver: 56 / 120
Downloading civilian helicopter from naver: 57 / 120
Downloading civilian helicopter from naver: 58 / 120
Downloading civilian helicopter from naver: 59 / 120
Downloading civilian helicopter from naver: 60 / 120
Downloading civilian helicopter from naver: 61 / 120
Downloading civilian helicopter from naver: 62 / 120
Downloading civilian helicopter from naver: 63 / 120
Downloading civilian helicopter from naver: 64 / 120
Downloading civilian helicopter from naver: 65 / 120
Downloading civilian helicopter from naver: 66 / 120
Downloading civilian helicopter from naver: 67 / 120
Downloading civilian helicopter from naver: 68 / 120
Downloading civilian helicopter from naver: 69 / 120
Downloading civilian helicopter from naver: 70 / 120
Downloading civilian helicopter from naver: 71 / 120
Downloading civilian helicopter from naver: 72 / 120
Downloading civilian helicopter from naver: 73 / 120
Downloading civilian helicopter from naver: 74 / 120
Downloading civilian helicopter from naver: 75 / 120
Downloading civilian helicopter from naver: 76 / 120
Downloading civilian helicopter from naver: 77 / 120
Downloading civilian helicopter from naver: 78 / 120
Downloading civilian helicopter from naver: 79 / 120
Downloading civilian helicopter from naver: 80 / 120
Downloading civilian helicopter from naver: 81 / 120
Downloading civilian helicopter from naver: 82 / 120
Downloading civilian helicopter from naver: 83 / 120
Downloading civilian helicopter from naver: 84 / 120
Downloading civilian helicopter from naver: 85 / 120
Downloading civilian helicopter from naver: 86 / 120
Downloading civilian helicopter from naver: 87 / 120
Downloading civilian helicopter from naver: 88 / 120
Downloading civilian helicopter from naver: 89 / 120
Downloading civilian helicopter from naver: 90 / 120
Downloading civilian helicopter from naver: 91 / 120
Downloading civilian helicopter from naver: 92 / 120
Downloading civilian helicopter from naver: 93 / 120
Downloading civilian helicopter from naver: 94 / 120
Downloading civilian helicopter from naver: 95 / 120
Downloading civilian helicopter from naver: 96 / 120
Downloading civilian helicopter from naver: 97 / 120
Downloading civilian helicopter from naver: 98 / 120
Downloading civilian helicopter from naver: 99 / 120
Downloading civilian helicopter from naver: 100 / 120
Downloading civilian helicopter from naver: 101 / 120
Downloading civilian helicopter from naver: 102 / 120
Downloading civilian helicopter from naver: 103 / 120
Downloading civilian helicopter from naver: 104 / 120
Downloading civilian helicopter from naver: 105 / 120
Downloading civilian helicopter from naver: 106 / 120
Downloading civilian helicopter from naver: 107 / 120
Downloading civilian helicopter from naver: 108 / 120
Downloading civilian helicopter from naver: 109 / 120
Downloading civilian helicopter from naver: 110 / 120
Downloading civilian helicopter from naver: 111 / 120
Downloading civilian helicopter from naver: 112 / 120
Downloading civilian helicopter from naver: 113 / 120
Downloading civilian helicopter from naver: 114 / 120
Downloading civilian helicopter from naver: 115 / 120
Downloading civilian helicopter from naver: 116 / 120
Downloading civilian helicopter from naver: 117 / 120
Downloading civilian helicopter from naver: 118 / 120
Downloading civilian helicopter from naver: 119 / 120
Downloading civilian helicopter from naver: 120 / 120
Done naver : civilian helicopter
_________________________________
Current web-browser version:	148.0.7778.168
Current chrome-driver version:	148.0.7778.167
_________________________________
Collecting links... helicopter landing from google
Scrolling down
Scraping links
Collect links done. Site: google, Keyword: helicopter landing, Total: 0
Downloading images from collected links... helicopter landing from google
Done google : helicopter landing
_________________________________
Current web-browser version:	148.0.7778.168
Current chrome-driver version:	148.0.7778.167
_________________________________
Collecting links... military helicopter from naver
Scrolling down
Scraping links
Collect links done. Site: naver, Keyword: military helicopter, Total: 490
Downloading images from collected links... military helicopter from naver
Downloading military helicopter from naver: 1 / 120
Downloading military helicopter from naver: 2 / 120
Downloading military helicopter from naver: 3 / 120
Downloading military helicopter from naver: 4 / 120
Downloading military helicopter from naver: 5 / 120
Downloading military helicopter from naver: 6 / 120
Downloading military helicopter from naver: 7 / 120
Downloading military helicopter from naver: 8 / 120
_________________________________
Current web-browser version:	148.0.7778.168
Current chrome-driver version:	148.0.7778.167
_________________________________
Collecting links... helicopter from google
Scrolling down
Scraping links
Collect links done. Site: google, Keyword: helicopter, Total: 0
Downloading images from collected links... helicopter from google
Done google : helicopter
_________________________________
Current web-browser version:	148.0.7778.168
Current chrome-driver version:	148.0.7778.167
_________________________________
Collecting links... helicopter flying from google
Scrolling down
Scraping links
Collect links done. Site: google, Keyword: helicopter flying, Total: 0
Downloading images from collected links... helicopter flying from google
Done google : helicopter flying
_________________________________
Current web-browser version:	148.0.7778.168
Current chrome-driver version:	148.0.7778.167
_________________________________
Collecting links... military helicopter from google
Scrolling down
Scraping links
Collect links done. Site: google, Keyword: military helicopter, Total: 0
Downloading images from collected links... military helicopter from google
Done google : military helicopter
_________________________________
Current web-browser version:	148.0.7778.168
Current chrome-driver version:	148.0.7778.167
_________________________________
Collecting links... police helicopter from naver
Scrolling down
Scraping links
Collect links done. Site: naver, Keyword: police helicopter, Total: 490
Downloading images from collected links... police helicopter from naver
Downloading police helicopter from naver: 1 / 120
Downloading police helicopter from naver: 2 / 120
Downloading police helicopter from naver: 3 / 120
Downloading police helicopter from naver: 4 / 120
Downloading police helicopter from naver: 5 / 120
Downloading police helicopter from naver: 6 / 120
Downloading police helicopter from naver: 7 / 120
Downloading police helicopter from naver: 8 / 120
Downloading police helicopter from naver: 9 / 120
Downloading police helicopter from naver: 10 / 120
Downloading police helicopter from naver: 11 / 120
Downloading police helicopter from naver: 12 / 120
Downloading police helicopter from naver: 13 / 120
Downloading police helicopter from naver: 14 / 120
Downloading police helicopter from naver: 15 / 120
Downloading police helicopter from naver: 16 / 120
Downloading police helicopter from naver: 17 / 120
Downloading police helicopter from naver: 18 / 120
Downloading police helicopter from naver: 19 / 120
Downloading police helicopter from naver: 20 / 120
Downloading police helicopter from naver: 21 / 120
Downloading police helicopter from naver: 22 / 120
Downloading police helicopter from naver: 23 / 120
Downloading police helicopter from naver: 24 / 120
Downloading police helicopter from naver: 25 / 120
Downloading police helicopter from naver: 26 / 120
Downloading police helicopter from naver: 27 / 120
Downloading police helicopter from naver: 28 / 120
Downloading police helicopter from naver: 29 / 120
Downloading police helicopter from naver: 30 / 120
Downloading police helicopter from naver: 31 / 120
Downloading police helicopter from naver: 32 / 120
Downloading police helicopter from naver: 33 / 120
Downloading police helicopter from naver: 34 / 120
Downloading police helicopter from naver: 35 / 120
Downloading police helicopter from naver: 36 / 120
Downloading police helicopter from naver: 37 / 120
Downloading police helicopter from naver: 38 / 120
Downloading police helicopter from naver: 39 / 120
Downloading police helicopter from naver: 40 / 120
Downloading police helicopter from naver: 41 / 120
Downloading police helicopter from naver: 42 / 120
Downloading police helicopter from naver: 43 / 120
Downloading police helicopter from naver: 44 / 120
Downloading police helicopter from naver: 45 / 120
Downloading police helicopter from naver: 46 / 120
Downloading police helicopter from naver: 47 / 120
Downloading police helicopter from naver: 48 / 120
Downloading police helicopter from naver: 49 / 120
Downloading police helicopter from naver: 50 / 120
Downloading police helicopter from naver: 51 / 120
Downloading police helicopter from naver: 52 / 120
Downloading police helicopter from naver: 53 / 120
Downloading police helicopter from naver: 54 / 120
Downloading police helicopter from naver: 55 / 120
Downloading police helicopter from naver: 56 / 120
Downloading police helicopter from naver: 57 / 120
Downloading police helicopter from naver: 58 / 120
Downloading police helicopter from naver: 59 / 120
Downloading police helicopter from naver: 60 / 120
Downloading police helicopter from naver: 61 / 120
Downloading police helicopter from naver: 62 / 120
Downloading police helicopter from naver: 63 / 120
Downloading police helicopter from naver: 64 / 120
Downloading police helicopter from naver: 65 / 120
Downloading police helicopter from naver: 66 / 120
Downloading police helicopter from naver: 67 / 120
Downloading police helicopter from naver: 68 / 120
Downloading police helicopter from naver: 69 / 120
Downloading police helicopter from naver: 70 / 120
Downloading police helicopter from naver: 71 / 120
Downloading police helicopter from naver: 72 / 120
Downloading police helicopter from naver: 73 / 120
Downloading police helicopter from naver: 74 / 120
Downloading police helicopter from naver: 75 / 120
Downloading police helicopter from naver: 76 / 120
Downloading police helicopter from naver: 77 / 120
Downloading police helicopter from naver: 78 / 120
Downloading police helicopter from naver: 79 / 120
Downloading police helicopter from naver: 80 / 120
Downloading police helicopter from naver: 81 / 120
Downloading police helicopter from naver: 82 / 120
Downloading police helicopter from naver: 83 / 120
Downloading police helicopter from naver: 84 / 120
Downloading police helicopter from naver: 85 / 120
Downloading police helicopter from naver: 86 / 120
Downloading police helicopter from naver: 87 / 120
Downloading police helicopter from naver: 88 / 120
Downloading police helicopter from naver: 89 / 120
Downloading police helicopter from naver: 90 / 120
Downloading police helicopter from naver: 91 / 120
Downloading police helicopter from naver: 92 / 120
Downloading police helicopter from naver: 93 / 120
Downloading police helicopter from naver: 94 / 120
Downloading police helicopter from naver: 95 / 120
Downloading police helicopter from naver: 96 / 120
Downloading police helicopter from naver: 97 / 120
Downloading police helicopter from naver: 98 / 120
Downloading police helicopter from naver: 99 / 120
Downloading police helicopter from naver: 100 / 120
Downloading police helicopter from naver: 101 / 120
Downloading police helicopter from naver: 102 / 120
Downloading police helicopter from naver: 103 / 120
Downloading police helicopter from naver: 104 / 120
Downloading police helicopter from naver: 105 / 120
Downloading police helicopter from naver: 106 / 120
Downloading police helicopter from naver: 107 / 120
Downloading police helicopter from naver: 108 / 120
Downloading police helicopter from naver: 109 / 120
Downloading police helicopter from naver: 110 / 120
Downloading police helicopter from naver: 111 / 120
Downloading police helicopter from naver: 112 / 120
Downloading police helicopter from naver: 113 / 120
Downloading police helicopter from naver: 114 / 120
Downloading police helicopter from naver: 115 / 120
Downloading police helicopter from naver: 116 / 120
Downloading police helicopter from naver: 117 / 120
Downloading police helicopter from naver: 118 / 120
Downloading police helicopter from naver: 119 / 120
Downloading police helicopter from naver: 120 / 120
Done naver : police helicopter
Options - skip:False, threads:4, google:True, naver:True, full_resolution:False, face:False, no_gui:False, limit:120, _proxy_list:['']
8 keywords found: ['civilian helicopter', 'helicopter', 'helicopter flying', 'helicopter landing', 'military helicopter', 'police helicopter', 'rescue helicopter', 'transport helicopter']
Task ended. Pool join.
Data imbalance checking...
dir: download/civilian helicopter, file_count: 122
dir: download/helicopter, file_count: 122
dir: download/helicopter flying, file_count: 122
dir: download/helicopter landing, file_count: 122
dir: download/military helicopter, file_count: 122
dir: download/police helicopter, file_count: 122
dir: download/rescue helicopter, file_count: 122
dir: download/transport helicopter, file_count: 122
Data imbalance not detected.
End Program
Project root: D:\Workspace\Nam4\KHDL\vehicle-classification\traffic_vehicle_classification
Selected sources: duckduckgo, google, naver
Target raw images per label: 600
[START] helicopter: current=300, target=600
[AutoCrawler] helicopter: crawling from google, naver
[DONE] helicopter: raw_count=600

[Crawl] label=minibus, current_raw=300, next_raw_goal=600

$ C:\Users\Admin\AppData\Local\Programs\Python\Python310\python.exe scripts/crawl_images.py --labels minibus --sources google,naver,duckduckgo --limit-per-label 600
_________________________________
Current web-browser version:	148.0.7778.168
Current chrome-driver version:	148.0.7778.167
_________________________________
Collecting links... mini bus from naver
Scrolling down
Scraping links
Collect links done. Site: naver, Keyword: mini bus, Total: 465
Downloading images from collected links... mini bus from naver
Downloading mini bus from naver: 1 / 120
Downloading mini bus from naver: 2 / 120
Downloading mini bus from naver: 3 / 120
Downloading mini bus from naver: 4 / 120
Downloading mini bus from naver: 5 / 120
Downloading mini bus from naver: 6 / 120
Downloading mini bus from naver: 7 / 120
Downloading mini bus from naver: 8 / 120
Downloading mini bus from naver: 9 / 120
Downloading mini bus from naver: 10 / 120
Downloading mini bus from naver: 11 / 120
Downloading mini bus from naver: 12 / 120
Downloading mini bus from naver: 13 / 120
Downloading mini bus from naver: 14 / 120
Downloading mini bus from naver: 15 / 120
Downloading mini bus from naver: 16 / 120
Downloading mini bus from naver: 17 / 120
Downloading mini bus from naver: 18 / 120
Downloading mini bus from naver: 19 / 120
Downloading mini bus from naver: 20 / 120
Downloading mini bus from naver: 21 / 120
Downloading mini bus from naver: 22 / 120
Downloading mini bus from naver: 23 / 120
Downloading mini bus from naver: 24 / 120
Downloading mini bus from naver: 25 / 120
Downloading mini bus from naver: 26 / 120
Downloading mini bus from naver: 27 / 120
Downloading mini bus from naver: 28 / 120
Downloading mini bus from naver: 29 / 120
Downloading mini bus from naver: 30 / 120
Downloading mini bus from naver: 31 / 120
Downloading mini bus from naver: 32 / 120
Downloading mini bus from naver: 33 / 120
Downloading mini bus from naver: 34 / 120
Downloading mini bus from naver: 35 / 120
Downloading mini bus from naver: 36 / 120
Downloading mini bus from naver: 37 / 120
Downloading mini bus from naver: 38 / 120
Downloading mini bus from naver: 39 / 120
Downloading mini bus from naver: 40 / 120
Downloading mini bus from naver: 41 / 120
Downloading mini bus from naver: 42 / 120
Downloading mini bus from naver: 43 / 120
Downloading mini bus from naver: 44 / 120
Downloading mini bus from naver: 45 / 120
Downloading mini bus from naver: 46 / 120
Downloading mini bus from naver: 47 / 120
Downloading mini bus from naver: 48 / 120
Downloading mini bus from naver: 49 / 120
Downloading mini bus from naver: 50 / 120
Downloading mini bus from naver: 51 / 120
Downloading mini bus from naver: 52 / 120
Downloading mini bus from naver: 53 / 120
Downloading mini bus from naver: 54 / 120
Downloading mini bus from naver: 55 / 120
Downloading mini bus from naver: 56 / 120
Downloading mini bus from naver: 57 / 120
Downloading mini bus from naver: 58 / 120
Downloading mini bus from naver: 59 / 120
Downloading mini bus from naver: 60 / 120
Downloading mini bus from naver: 61 / 120
Downloading mini bus from naver: 62 / 120
Downloading mini bus from naver: 63 / 120
Downloading mini bus from naver: 64 / 120
Downloading mini bus from naver: 65 / 120
Downloading mini bus from naver: 66 / 120
Downloading mini bus from naver: 67 / 120
Downloading mini bus from naver: 68 / 120
Downloading mini bus from naver: 69 / 120
Downloading mini bus from naver: 70 / 120
Downloading mini bus from naver: 71 / 120
Downloading mini bus from naver: 72 / 120
Downloading mini bus from naver: 73 / 120
Downloading mini bus from naver: 74 / 120
Downloading mini bus from naver: 75 / 120
Downloading mini bus from naver: 76 / 120
Downloading mini bus from naver: 77 / 120
Downloading mini bus from naver: 78 / 120
Downloading mini bus from naver: 79 / 120
Downloading mini bus from naver: 80 / 120
Downloading mini bus from naver: 81 / 120
Downloading mini bus from naver: 82 / 120
Downloading mini bus from naver: 83 / 120
Downloading mini bus from naver: 84 / 120
Downloading mini bus from naver: 85 / 120
Downloading mini bus from naver: 86 / 120
Downloading mini bus from naver: 87 / 120
Downloading mini bus from naver: 88 / 120
Downloading mini bus from naver: 89 / 120
Downloading mini bus from naver: 90 / 120
Downloading mini bus from naver: 91 / 120
Downloading mini bus from naver: 92 / 120
Downloading mini bus from naver: 93 / 120
Downloading mini bus from naver: 94 / 120
Downloading mini bus from naver: 95 / 120
Downloading mini bus from naver: 96 / 120
Downloading mini bus from naver: 97 / 120
Downloading mini bus from naver: 98 / 120
Downloading mini bus from naver: 99 / 120
Downloading mini bus from naver: 100 / 120
Downloading mini bus from naver: 101 / 120
Downloading mini bus from naver: 102 / 120
Downloading mini bus from naver: 103 / 120
Downloading mini bus from naver: 104 / 120
Downloading mini bus from naver: 105 / 120
Downloading mini bus from naver: 106 / 120
Downloading mini bus from naver: 107 / 120
Downloading mini bus from naver: 108 / 120
Downloading mini bus from naver: 109 / 120
Downloading mini bus from naver: 110 / 120
Downloading mini bus from naver: 111 / 120
Downloading mini bus from naver: 112 / 120
Downloading mini bus from naver: 113 / 120
Downloading mini bus from naver: 114 / 120
Downloading mini bus from naver: 115 / 120
Downloading mini bus from naver: 116 / 120
Downloading mini bus from naver: 117 / 120
Downloading mini bus from naver: 118 / 120
Downloading mini bus from naver: 119 / 120
Downloading mini bus from naver: 120 / 120
Done naver : mini bus
_________________________________
Current web-browser version:	148.0.7778.168
Current chrome-driver version:	148.0.7778.167
_________________________________
Collecting links... minibus on road from naver
Scrolling down
Scraping links
Collect links done. Site: naver, Keyword: minibus on road, Total: 451
Downloading images from collected links... minibus on road from naver
Downloading minibus on road from naver: 1 / 120
Downloading minibus on road from naver: 2 / 120
Downloading minibus on road from naver: 3 / 120
Downloading minibus on road from naver: 4 / 120
Downloading minibus on road from naver: 5 / 120
Downloading minibus on road from naver: 6 / 120
Downloading minibus on road from naver: 7 / 120
Downloading minibus on road from naver: 8 / 120
Downloading minibus on road from naver: 9 / 120
Downloading minibus on road from naver: 10 / 120
Downloading minibus on road from naver: 11 / 120
Downloading minibus on road from naver: 12 / 120
Downloading minibus on road from naver: 13 / 120
Downloading minibus on road from naver: 14 / 120
Downloading minibus on road from naver: 15 / 120
Downloading minibus on road from naver: 16 / 120
Downloading minibus on road from naver: 17 / 120
Downloading minibus on road from naver: 18 / 120
Downloading minibus on road from naver: 19 / 120
Downloading minibus on road from naver: 20 / 120
Downloading minibus on road from naver: 21 / 120
Downloading minibus on road from naver: 22 / 120
Downloading minibus on road from naver: 23 / 120
Downloading minibus on road from naver: 24 / 120
Downloading minibus on road from naver: 25 / 120
Downloading minibus on road from naver: 26 / 120
Downloading minibus on road from naver: 27 / 120
Downloading minibus on road from naver: 28 / 120
Downloading minibus on road from naver: 29 / 120
Downloading minibus on road from naver: 30 / 120
Downloading minibus on road from naver: 31 / 120
Downloading minibus on road from naver: 32 / 120
Downloading minibus on road from naver: 33 / 120
Downloading minibus on road from naver: 34 / 120
Downloading minibus on road from naver: 35 / 120
Downloading minibus on road from naver: 36 / 120
Downloading minibus on road from naver: 37 / 120
Downloading minibus on road from naver: 38 / 120
Downloading minibus on road from naver: 39 / 120
Downloading minibus on road from naver: 40 / 120
Downloading minibus on road from naver: 41 / 120
Downloading minibus on road from naver: 42 / 120
Downloading minibus on road from naver: 43 / 120
Downloading minibus on road from naver: 44 / 120
Downloading minibus on road from naver: 45 / 120
_________________________________
Current web-browser version:	148.0.7778.168
Current chrome-driver version:	148.0.7778.167
_________________________________
Collecting links... commuter minibus from google
Scrolling down
Scraping links
Collect links done. Site: google, Keyword: commuter minibus, Total: 0
Downloading images from collected links... commuter minibus from google
Done google : commuter minibus
_________________________________
Current web-browser version:	148.0.7778.168
Current chrome-driver version:	148.0.7778.167
_________________________________
Collecting links... minibus from google
Scrolling down
Scraping links
Collect links done. Site: google, Keyword: minibus, Total: 0
Downloading images from collected links... minibus from google
Done google : minibus
_________________________________
Current web-browser version:	148.0.7778.168
Current chrome-driver version:	148.0.7778.167
_________________________________
Collecting links... passenger minibus from google
Scrolling down
Scraping links
Collect links done. Site: google, Keyword: passenger minibus, Total: 0
Downloading images from collected links... passenger minibus from google
Done google : passenger minibus
_________________________________
Current web-browser version:	148.0.7778.168
Current chrome-driver version:	148.0.7778.167
_________________________________
Collecting links... shuttle minibus from naver
Scrolling down
Scraping links
Collect links done. Site: naver, Keyword: shuttle minibus, Total: 100
Downloading images from collected links... shuttle minibus from naver
Downloading shuttle minibus from naver: 1 / 120
Downloading shuttle minibus from naver: 2 / 120
Downloading shuttle minibus from naver: 3 / 120
Downloading shuttle minibus from naver: 4 / 120
Downloading shuttle minibus from naver: 5 / 120
Downloading shuttle minibus from naver: 6 / 120
Downloading shuttle minibus from naver: 7 / 120
Downloading shuttle minibus from naver: 8 / 120
Downloading shuttle minibus from naver: 9 / 120
Downloading shuttle minibus from naver: 10 / 120
Downloading shuttle minibus from naver: 11 / 120
Downloading shuttle minibus from naver: 12 / 120
Downloading shuttle minibus from naver: 13 / 120
Downloading shuttle minibus from naver: 14 / 120
Downloading shuttle minibus from naver: 15 / 120
Downloading shuttle minibus from naver: 16 / 120
Downloading shuttle minibus from naver: 17 / 120
Downloading shuttle minibus from naver: 18 / 120
Downloading shuttle minibus from naver: 19 / 120
Downloading shuttle minibus from naver: 20 / 120
Downloading shuttle minibus from naver: 21 / 120
Downloading shuttle minibus from naver: 22 / 120
Downloading shuttle minibus from naver: 23 / 120
Downloading shuttle minibus from naver: 24 / 120
Downloading shuttle minibus from naver: 25 / 120
Downloading shuttle minibus from naver: 26 / 120
Downloading shuttle minibus from naver: 27 / 120
Downloading shuttle minibus from naver: 28 / 120
Downloading shuttle minibus from naver: 29 / 120
Downloading shuttle minibus from naver: 30 / 120
Downloading shuttle minibus from naver: 31 / 120
Downloading shuttle minibus from naver: 32 / 120
Downloading shuttle minibus from naver: 33 / 120
Downloading shuttle minibus from naver: 34 / 120
Downloading shuttle minibus from naver: 35 / 120
Downloading shuttle minibus from naver: 36 / 120
Downloading shuttle minibus from naver: 37 / 120
Downloading shuttle minibus from naver: 38 / 120
Downloading shuttle minibus from naver: 39 / 120
Downloading shuttle minibus from naver: 40 / 120
Downloading shuttle minibus from naver: 41 / 120
Downloading shuttle minibus from naver: 42 / 120
Downloading shuttle minibus from naver: 43 / 120
Downloading shuttle minibus from naver: 44 / 120
Downloading shuttle minibus from naver: 45 / 120
Downloading shuttle minibus from naver: 46 / 120
Downloading shuttle minibus from naver: 47 / 120
Downloading shuttle minibus from naver: 48 / 120
Downloading shuttle minibus from naver: 49 / 120
Downloading shuttle minibus from naver: 50 / 120
Downloading shuttle minibus from naver: 51 / 120
Downloading shuttle minibus from naver: 52 / 120
Downloading shuttle minibus from naver: 53 / 120
Downloading shuttle minibus from naver: 54 / 120
Downloading shuttle minibus from naver: 55 / 120
Downloading shuttle minibus from naver: 56 / 120
Downloading shuttle minibus from naver: 57 / 120
Downloading shuttle minibus from naver: 58 / 120
Downloading shuttle minibus from naver: 59 / 120
Downloading shuttle minibus from naver: 60 / 120
Downloading shuttle minibus from naver: 61 / 120
Downloading shuttle minibus from naver: 62 / 120
Downloading shuttle minibus from naver: 63 / 120
Downloading shuttle minibus from naver: 64 / 120
Downloading shuttle minibus from naver: 65 / 120
Downloading shuttle minibus from naver: 66 / 120
Downloading shuttle minibus from naver: 67 / 120
Downloading shuttle minibus from naver: 68 / 120
Downloading shuttle minibus from naver: 69 / 120
Downloading shuttle minibus from naver: 70 / 120
Downloading shuttle minibus from naver: 71 / 120
Downloading shuttle minibus from naver: 72 / 120
Downloading shuttle minibus from naver: 73 / 120
Downloading shuttle minibus from naver: 74 / 120
Downloading shuttle minibus from naver: 75 / 120
Downloading shuttle minibus from naver: 76 / 120
Downloading shuttle minibus from naver: 77 / 120
Downloading shuttle minibus from naver: 78 / 120
Downloading shuttle minibus from naver: 79 / 120
Downloading shuttle minibus from naver: 80 / 120
Downloading shuttle minibus from naver: 81 / 120
Downloading shuttle minibus from naver: 82 / 120
Downloading shuttle minibus from naver: 83 / 120
Downloading shuttle minibus from naver: 84 / 120
Downloading shuttle minibus from naver: 85 / 120
Downloading shuttle minibus from naver: 86 / 120
Downloading shuttle minibus from naver: 87 / 120
Downloading shuttle minibus from naver: 88 / 120
Downloading shuttle minibus from naver: 89 / 120
Downloading shuttle minibus from naver: 90 / 120
Downloading shuttle minibus from naver: 91 / 120
Downloading shuttle minibus from naver: 92 / 120
Downloading shuttle minibus from naver: 93 / 120
Downloading shuttle minibus from naver: 94 / 120
Downloading shuttle minibus from naver: 95 / 120
Downloading shuttle minibus from naver: 96 / 120
Downloading shuttle minibus from naver: 97 / 120
Downloading shuttle minibus from naver: 98 / 120
Downloading shuttle minibus from naver: 99 / 120
Downloading shuttle minibus from naver: 100 / 120
Done naver : shuttle minibus
_________________________________
Current web-browser version:	148.0.7778.168
Current chrome-driver version:	148.0.7778.167
_________________________________
Collecting links... commuter minibus from naver
Scrolling down
Scraping links
Collect links done. Site: naver, Keyword: commuter minibus, Total: 4
Downloading images from collected links... commuter minibus from naver
Downloading commuter minibus from naver: 1 / 120
Downloading commuter minibus from naver: 2 / 120
Downloading commuter minibus from naver: 3 / 120
Downloading commuter minibus from naver: 4 / 120
Done naver : commuter minibus
_________________________________
Current web-browser version:	148.0.7778.168
Current chrome-driver version:	148.0.7778.167
_________________________________
Collecting links... minibus on road from google
Scrolling down
Scraping links
Collect links done. Site: google, Keyword: minibus on road, Total: 0
Downloading images from collected links... minibus on road from google
Done google : minibus on road
_________________________________
Current web-browser version:	148.0.7778.168
Current chrome-driver version:	148.0.7778.167
_________________________________
Collecting links... passenger minibus from naver
Scrolling down
Scraping links
Collect links done. Site: naver, Keyword: passenger minibus, Total: 219
Downloading images from collected links... passenger minibus from naver
Downloading passenger minibus from naver: 1 / 120
Downloading passenger minibus from naver: 2 / 120
Downloading passenger minibus from naver: 3 / 120
Downloading passenger minibus from naver: 4 / 120
Downloading passenger minibus from naver: 5 / 120
Downloading passenger minibus from naver: 6 / 120
Downloading passenger minibus from naver: 7 / 120
Downloading passenger minibus from naver: 8 / 120
Downloading passenger minibus from naver: 9 / 120
Downloading passenger minibus from naver: 10 / 120
Downloading passenger minibus from naver: 11 / 120
Downloading passenger minibus from naver: 12 / 120
Downloading passenger minibus from naver: 13 / 120
Downloading passenger minibus from naver: 14 / 120
Downloading passenger minibus from naver: 15 / 120
Downloading passenger minibus from naver: 16 / 120
Downloading passenger minibus from naver: 17 / 120
Downloading passenger minibus from naver: 18 / 120
Downloading passenger minibus from naver: 19 / 120
Downloading passenger minibus from naver: 20 / 120
Downloading passenger minibus from naver: 21 / 120
Downloading passenger minibus from naver: 22 / 120
Downloading passenger minibus from naver: 23 / 120
Downloading passenger minibus from naver: 24 / 120
Downloading passenger minibus from naver: 25 / 120
Downloading passenger minibus from naver: 26 / 120
Downloading passenger minibus from naver: 27 / 120
Downloading passenger minibus from naver: 28 / 120
Downloading passenger minibus from naver: 29 / 120
Downloading passenger minibus from naver: 30 / 120
Downloading passenger minibus from naver: 31 / 120
Downloading passenger minibus from naver: 32 / 120
Downloading passenger minibus from naver: 33 / 120
Downloading passenger minibus from naver: 34 / 120
Downloading passenger minibus from naver: 35 / 120
Downloading passenger minibus from naver: 36 / 120
Downloading passenger minibus from naver: 37 / 120
Downloading passenger minibus from naver: 38 / 120
Downloading passenger minibus from naver: 39 / 120
Downloading passenger minibus from naver: 40 / 120
Downloading passenger minibus from naver: 41 / 120
Downloading passenger minibus from naver: 42 / 120
Downloading passenger minibus from naver: 43 / 120
Downloading passenger minibus from naver: 44 / 120
Downloading passenger minibus from naver: 45 / 120
Downloading passenger minibus from naver: 46 / 120
Downloading passenger minibus from naver: 47 / 120
Downloading passenger minibus from naver: 48 / 120
Downloading passenger minibus from naver: 49 / 120
Downloading passenger minibus from naver: 50 / 120
Downloading passenger minibus from naver: 51 / 120
Downloading passenger minibus from naver: 52 / 120
Downloading passenger minibus from naver: 53 / 120
Downloading passenger minibus from naver: 54 / 120
Downloading passenger minibus from naver: 55 / 120
Downloading passenger minibus from naver: 56 / 120
Downloading passenger minibus from naver: 57 / 120
Downloading passenger minibus from naver: 58 / 120
Downloading passenger minibus from naver: 59 / 120
Downloading passenger minibus from naver: 60 / 120
Downloading passenger minibus from naver: 61 / 120
Downloading passenger minibus from naver: 62 / 120
Downloading passenger minibus from naver: 63 / 120
Downloading passenger minibus from naver: 64 / 120
Downloading passenger minibus from naver: 65 / 120
Downloading passenger minibus from naver: 66 / 120
Downloading passenger minibus from naver: 67 / 120
Downloading passenger minibus from naver: 68 / 120
Downloading passenger minibus from naver: 69 / 120
Downloading passenger minibus from naver: 70 / 120
Downloading passenger minibus from naver: 71 / 120
Downloading passenger minibus from naver: 72 / 120
Downloading passenger minibus from naver: 73 / 120
Downloading passenger minibus from naver: 74 / 120
Downloading passenger minibus from naver: 75 / 120
Downloading passenger minibus from naver: 76 / 120
Downloading passenger minibus from naver: 77 / 120
Downloading passenger minibus from naver: 78 / 120
Downloading passenger minibus from naver: 79 / 120
Downloading passenger minibus from naver: 80 / 120
Downloading passenger minibus from naver: 81 / 120
Downloading passenger minibus from naver: 82 / 120
Downloading passenger minibus from naver: 83 / 120
Downloading passenger minibus from naver: 84 / 120
Downloading passenger minibus from naver: 85 / 120
Downloading passenger minibus from naver: 86 / 120
Downloading passenger minibus from naver: 87 / 120
Downloading passenger minibus from naver: 88 / 120
Downloading passenger minibus from naver: 89 / 120
Downloading passenger minibus from naver: 90 / 120
Downloading passenger minibus from naver: 91 / 120
Downloading passenger minibus from naver: 92 / 120
Downloading passenger minibus from naver: 93 / 120
Downloading passenger minibus from naver: 94 / 120
Downloading passenger minibus from naver: 95 / 120
Downloading passenger minibus from naver: 96 / 120
Downloading passenger minibus from naver: 97 / 120
Downloading passenger minibus from naver: 98 / 120
Downloading passenger minibus from naver: 99 / 120
Downloading passenger minibus from naver: 100 / 120
Downloading passenger minibus from naver: 101 / 120
Downloading passenger minibus from naver: 102 / 120
Downloading passenger minibus from naver: 103 / 120
Downloading passenger minibus from naver: 104 / 120
Downloading passenger minibus from naver: 105 / 120
Downloading passenger minibus from naver: 106 / 120
Downloading passenger minibus from naver: 107 / 120
Downloading passenger minibus from naver: 108 / 120
Downloading passenger minibus from naver: 109 / 120
Downloading passenger minibus from naver: 110 / 120
Downloading passenger minibus from naver: 111 / 120
Downloading passenger minibus from naver: 112 / 120
Downloading passenger minibus from naver: 113 / 120
Downloading passenger minibus from naver: 114 / 120
Downloading passenger minibus from naver: 115 / 120
Downloading passenger minibus from naver: 116 / 120
Downloading passenger minibus from naver: 117 / 120
Downloading passenger minibus from naver: 118 / 120
Downloading passenger minibus from naver: 119 / 120
Downloading passenger minibus from naver: 120 / 120
Done naver : passenger minibus
_________________________________
Current web-browser version:	148.0.7778.168
Current chrome-driver version:	148.0.7778.167
_________________________________
Collecting links... van minibus from google
Scrolling down
Scraping links
Collect links done. Site: google, Keyword: van minibus, Total: 0
Downloading images from collected links... van minibus from google
Done google : van minibus
Downloading minibus on road from naver: 46 / 120
Downloading minibus on road from naver: 47 / 120
Downloading minibus on road from naver: 48 / 120
Downloading minibus on road from naver: 49 / 120
Downloading minibus on road from naver: 50 / 120
Downloading minibus on road from naver: 51 / 120
Downloading minibus on road from naver: 52 / 120
Downloading minibus on road from naver: 53 / 120
Downloading minibus on road from naver: 54 / 120
Downloading minibus on road from naver: 55 / 120
Downloading minibus on road from naver: 56 / 120
Downloading minibus on road from naver: 57 / 120
Downloading minibus on road from naver: 58 / 120
Downloading minibus on road from naver: 59 / 120
Downloading minibus on road from naver: 60 / 120
Downloading minibus on road from naver: 61 / 120
Downloading minibus on road from naver: 62 / 120
Downloading minibus on road from naver: 63 / 120
Downloading minibus on road from naver: 64 / 120
Downloading minibus on road from naver: 65 / 120
Downloading minibus on road from naver: 66 / 120
Downloading minibus on road from naver: 67 / 120
Downloading minibus on road from naver: 68 / 120
Downloading minibus on road from naver: 69 / 120
Downloading minibus on road from naver: 70 / 120
Downloading minibus on road from naver: 71 / 120
Downloading minibus on road from naver: 72 / 120
Downloading minibus on road from naver: 73 / 120
Downloading minibus on road from naver: 74 / 120
Downloading minibus on road from naver: 75 / 120
Downloading minibus on road from naver: 76 / 120
Downloading minibus on road from naver: 77 / 120
Downloading minibus on road from naver: 78 / 120
Downloading minibus on road from naver: 79 / 120
Downloading minibus on road from naver: 80 / 120
Downloading minibus on road from naver: 81 / 120
Downloading minibus on road from naver: 82 / 120
Downloading minibus on road from naver: 83 / 120
Downloading minibus on road from naver: 84 / 120
Downloading minibus on road from naver: 85 / 120
Downloading minibus on road from naver: 86 / 120
Downloading minibus on road from naver: 87 / 120
Downloading minibus on road from naver: 88 / 120
Downloading minibus on road from naver: 89 / 120
Downloading minibus on road from naver: 90 / 120
Downloading minibus on road from naver: 91 / 120
Downloading minibus on road from naver: 92 / 120
Downloading minibus on road from naver: 93 / 120
Downloading minibus on road from naver: 94 / 120
Downloading minibus on road from naver: 95 / 120
Downloading minibus on road from naver: 96 / 120
Downloading minibus on road from naver: 97 / 120
Downloading minibus on road from naver: 98 / 120
Downloading minibus on road from naver: 99 / 120
Downloading minibus on road from naver: 100 / 120
Downloading minibus on road from naver: 101 / 120
Downloading minibus on road from naver: 102 / 120
Downloading minibus on road from naver: 103 / 120
Downloading minibus on road from naver: 104 / 120
Downloading minibus on road from naver: 105 / 120
Downloading minibus on road from naver: 106 / 120
Downloading minibus on road from naver: 107 / 120
Downloading minibus on road from naver: 108 / 120
Downloading minibus on road from naver: 109 / 120
Downloading minibus on road from naver: 110 / 120
Downloading minibus on road from naver: 111 / 120
Downloading minibus on road from naver: 112 / 120
Downloading minibus on road from naver: 113 / 120
Downloading minibus on road from naver: 114 / 120
Downloading minibus on road from naver: 115 / 120
Downloading minibus on road from naver: 116 / 120
Downloading minibus on road from naver: 117 / 120
Downloading minibus on road from naver: 118 / 120
Downloading minibus on road from naver: 119 / 120
Downloading minibus on road from naver: 120 / 120
Done naver : minibus on road
_________________________________
Current web-browser version:	148.0.7778.168
Current chrome-driver version:	148.0.7778.167
_________________________________
Collecting links... small bus from naver
Scrolling down
Scraping links
Collect links done. Site: naver, Keyword: small bus, Total: 483
Downloading images from collected links... small bus from naver
Downloading small bus from naver: 1 / 120
Downloading small bus from naver: 2 / 120
Downloading small bus from naver: 3 / 120
Downloading small bus from naver: 4 / 120
Downloading small bus from naver: 5 / 120
Downloading small bus from naver: 6 / 120
Downloading small bus from naver: 7 / 120
Downloading small bus from naver: 8 / 120
Downloading small bus from naver: 9 / 120
Downloading small bus from naver: 10 / 120
Downloading small bus from naver: 11 / 120
Downloading small bus from naver: 12 / 120
Downloading small bus from naver: 13 / 120
Downloading small bus from naver: 14 / 120
Downloading small bus from naver: 15 / 120
Downloading small bus from naver: 16 / 120
Downloading small bus from naver: 17 / 120
Downloading small bus from naver: 18 / 120
Downloading small bus from naver: 19 / 120
Downloading small bus from naver: 20 / 120
Downloading small bus from naver: 21 / 120
Downloading small bus from naver: 22 / 120
Downloading small bus from naver: 23 / 120
Downloading small bus from naver: 24 / 120
Downloading small bus from naver: 25 / 120
Downloading small bus from naver: 26 / 120
Downloading small bus from naver: 27 / 120
Downloading small bus from naver: 28 / 120
Downloading small bus from naver: 29 / 120
Downloading small bus from naver: 30 / 120
Downloading small bus from naver: 31 / 120
Downloading small bus from naver: 32 / 120
Downloading small bus from naver: 33 / 120
Downloading small bus from naver: 34 / 120
Downloading small bus from naver: 35 / 120
Downloading small bus from naver: 36 / 120
Downloading small bus from naver: 37 / 120
Downloading small bus from naver: 38 / 120
Downloading small bus from naver: 39 / 120
Downloading small bus from naver: 40 / 120
Downloading small bus from naver: 41 / 120
Downloading small bus from naver: 42 / 120
Downloading small bus from naver: 43 / 120
Downloading small bus from naver: 44 / 120
Downloading small bus from naver: 45 / 120
Downloading small bus from naver: 46 / 120
Downloading small bus from naver: 47 / 120
Downloading small bus from naver: 48 / 120
Downloading small bus from naver: 49 / 120
Downloading small bus from naver: 50 / 120
Downloading small bus from naver: 51 / 120
Downloading small bus from naver: 52 / 120
Downloading small bus from naver: 53 / 120
Downloading small bus from naver: 54 / 120
Downloading small bus from naver: 55 / 120
Downloading small bus from naver: 56 / 120
Downloading small bus from naver: 57 / 120
Downloading small bus from naver: 58 / 120
Downloading small bus from naver: 59 / 120
Downloading small bus from naver: 60 / 120
Downloading small bus from naver: 61 / 120
Downloading small bus from naver: 62 / 120
Downloading small bus from naver: 63 / 120
Downloading small bus from naver: 64 / 120
Downloading small bus from naver: 65 / 120
Downloading small bus from naver: 66 / 120
Downloading small bus from naver: 67 / 120
Downloading small bus from naver: 68 / 120
Downloading small bus from naver: 69 / 120
Downloading small bus from naver: 70 / 120
Downloading small bus from naver: 71 / 120
Downloading small bus from naver: 72 / 120
Downloading small bus from naver: 73 / 120
Downloading small bus from naver: 74 / 120
Downloading small bus from naver: 75 / 120
Downloading small bus from naver: 76 / 120
Downloading small bus from naver: 77 / 120
Downloading small bus from naver: 78 / 120
Downloading small bus from naver: 79 / 120
Downloading small bus from naver: 80 / 120
Downloading small bus from naver: 81 / 120
Downloading small bus from naver: 82 / 120
Downloading small bus from naver: 83 / 120
Downloading small bus from naver: 84 / 120
Downloading small bus from naver: 85 / 120
Downloading small bus from naver: 86 / 120
Downloading small bus from naver: 87 / 120
Downloading small bus from naver: 88 / 120
Downloading small bus from naver: 89 / 120
Downloading small bus from naver: 90 / 120
Downloading small bus from naver: 91 / 120
Options - skip:False, threads:4, google:True, naver:True, full_resolution:False, face:False, no_gui:False, limit:120, _proxy_list:['']
8 keywords found: ['commuter minibus', 'mini bus', 'minibus', 'minibus on road', 'passenger minibus', 'shuttle minibus', 'small bus', 'van minibus']
Task ended. Pool join.
Data imbalance checking...
dir: download/commuter minibus, file_count: 6
dir: download/mini bus, file_count: 122
dir: download/minibus, file_count: 122
dir: download/minibus on road, file_count: 122
dir: download/passenger minibus, file_count: 122
dir: download/shuttle minibus, file_count: 102
dir: download/small bus, file_count: 122
dir: download/van minibus, file_count: 122
Data imbalance detected.
Below keywords have smaller than 50% of average file count.
I recommend you to remove these directories and re-download for that keyword.
_________________________________
Too small file count directories:
dir: download/commuter minibus, file_count: 6
Remove directories above? (y/n)
End Program
Project root: D:\Workspace\Nam4\KHDL\vehicle-classification\traffic_vehicle_classification
Selected sources: duckduckgo, google, naver
Target raw images per label: 600
[START] minibus: current=300, target=600
[AutoCrawler] minibus: crawling from google, naver
[DONE] minibus: raw_count=600

[Crawl] label=motorcycle, current_raw=300, next_raw_goal=600

$ C:\Users\Admin\AppData\Local\Programs\Python\Python310\python.exe scripts/crawl_images.py --labels motorcycle --sources google,naver,duckduckgo --limit-per-label 600
_________________________________
Current web-browser version:	148.0.7778.168
Current chrome-driver version:	148.0.7778.167
_________________________________
Collecting links... motorbike from naver
Scrolling down
Scraping links
Collect links done. Site: naver, Keyword: motorbike, Total: 489
Downloading images from collected links... motorbike from naver
Downloading motorbike from naver: 1 / 120
Downloading motorbike from naver: 2 / 120
Downloading motorbike from naver: 3 / 120
Downloading motorbike from naver: 4 / 120
Downloading motorbike from naver: 5 / 120
Downloading motorbike from naver: 6 / 120
Downloading motorbike from naver: 7 / 120
Downloading motorbike from naver: 8 / 120
Downloading motorbike from naver: 9 / 120
Downloading motorbike from naver: 10 / 120
Downloading motorbike from naver: 11 / 120
Downloading motorbike from naver: 12 / 120
Downloading motorbike from naver: 13 / 120
Downloading motorbike from naver: 14 / 120
Downloading motorbike from naver: 15 / 120
Downloading motorbike from naver: 16 / 120
Downloading motorbike from naver: 17 / 120
Downloading motorbike from naver: 18 / 120
Downloading motorbike from naver: 19 / 120
Downloading motorbike from naver: 20 / 120
Downloading motorbike from naver: 21 / 120
Downloading motorbike from naver: 22 / 120
Downloading motorbike from naver: 23 / 120
Downloading motorbike from naver: 24 / 120
Downloading motorbike from naver: 25 / 120
Downloading motorbike from naver: 26 / 120
Downloading motorbike from naver: 27 / 120
Downloading motorbike from naver: 28 / 120
Downloading motorbike from naver: 29 / 120
Downloading motorbike from naver: 30 / 120
Downloading motorbike from naver: 31 / 120
Downloading motorbike from naver: 32 / 120
Downloading motorbike from naver: 33 / 120
Downloading motorbike from naver: 34 / 120
Downloading motorbike from naver: 35 / 120
Downloading motorbike from naver: 36 / 120
Downloading motorbike from naver: 37 / 120
Downloading motorbike from naver: 38 / 120
Downloading motorbike from naver: 39 / 120
Downloading motorbike from naver: 40 / 120
Downloading motorbike from naver: 41 / 120
Downloading motorbike from naver: 42 / 120
Downloading motorbike from naver: 43 / 120
Downloading motorbike from naver: 44 / 120
Downloading motorbike from naver: 45 / 120
Downloading motorbike from naver: 46 / 120
Downloading motorbike from naver: 47 / 120
Downloading motorbike from naver: 48 / 120
Downloading motorbike from naver: 49 / 120
Downloading motorbike from naver: 50 / 120
Downloading motorbike from naver: 51 / 120
Downloading motorbike from naver: 52 / 120
Downloading motorbike from naver: 53 / 120
Downloading motorbike from naver: 54 / 120
Downloading motorbike from naver: 55 / 120
Downloading motorbike from naver: 56 / 120
Downloading motorbike from naver: 57 / 120
Downloading motorbike from naver: 58 / 120
Downloading motorbike from naver: 59 / 120
Downloading motorbike from naver: 60 / 120
Downloading motorbike from naver: 61 / 120
Downloading motorbike from naver: 62 / 120
Downloading motorbike from naver: 63 / 120
Downloading motorbike from naver: 64 / 120
Downloading motorbike from naver: 65 / 120
Downloading motorbike from naver: 66 / 120
Downloading motorbike from naver: 67 / 120
Downloading motorbike from naver: 68 / 120
Downloading motorbike from naver: 69 / 120
Downloading motorbike from naver: 70 / 120
Downloading motorbike from naver: 71 / 120
Downloading motorbike from naver: 72 / 120
Downloading motorbike from naver: 73 / 120
Downloading motorbike from naver: 74 / 120
Downloading motorbike from naver: 75 / 120
Downloading motorbike from naver: 76 / 120
Downloading motorbike from naver: 77 / 120
Downloading motorbike from naver: 78 / 120
Downloading motorbike from naver: 79 / 120
Downloading motorbike from naver: 80 / 120
Downloading motorbike from naver: 81 / 120
Downloading motorbike from naver: 82 / 120
Downloading motorbike from naver: 83 / 120
Downloading motorbike from naver: 84 / 120
Downloading motorbike from naver: 85 / 120
Downloading motorbike from naver: 86 / 120
Downloading motorbike from naver: 87 / 120
Downloading motorbike from naver: 88 / 120
Downloading motorbike from naver: 89 / 120
Downloading motorbike from naver: 90 / 120
Downloading motorbike from naver: 91 / 120
Downloading motorbike from naver: 92 / 120
Downloading motorbike from naver: 93 / 120
Downloading motorbike from naver: 94 / 120
Downloading motorbike from naver: 95 / 120
Downloading motorbike from naver: 96 / 120
Downloading motorbike from naver: 97 / 120
Downloading motorbike from naver: 98 / 120
Downloading motorbike from naver: 99 / 120
Downloading motorbike from naver: 100 / 120
Downloading motorbike from naver: 101 / 120
Downloading motorbike from naver: 102 / 120
Downloading motorbike from naver: 103 / 120
Downloading motorbike from naver: 104 / 120
Downloading motorbike from naver: 105 / 120
Downloading motorbike from naver: 106 / 120
Downloading motorbike from naver: 107 / 120
Downloading motorbike from naver: 108 / 120
Downloading motorbike from naver: 109 / 120
Downloading motorbike from naver: 110 / 120
Downloading motorbike from naver: 111 / 120
Downloading motorbike from naver: 112 / 120
Downloading motorbike from naver: 113 / 120
Downloading motorbike from naver: 114 / 120
Downloading motorbike from naver: 115 / 120
Downloading motorbike from naver: 116 / 120
Downloading motorbike from naver: 117 / 120
Downloading motorbike from naver: 118 / 120
Downloading motorbike from naver: 119 / 120
Downloading motorbike from naver: 120 / 120
Done naver : motorbike
_________________________________
Current web-browser version:	148.0.7778.168
Current chrome-driver version:	148.0.7778.167
_________________________________
Collecting links... motorcycle on road from naver
Scrolling down
Scraping links
Collect links done. Site: naver, Keyword: motorcycle on road, Total: 483
Downloading images from collected links... motorcycle on road from naver
Downloading motorcycle on road from naver: 1 / 120
Downloading motorcycle on road from naver: 2 / 120
Downloading motorcycle on road from naver: 3 / 120
Downloading motorcycle on road from naver: 4 / 120
Downloading motorcycle on road from naver: 5 / 120
Downloading motorcycle on road from naver: 6 / 120
Downloading motorcycle on road from naver: 7 / 120
Downloading motorcycle on road from naver: 8 / 120
Downloading motorcycle on road from naver: 9 / 120
Downloading motorcycle on road from naver: 10 / 120
Downloading motorcycle on road from naver: 11 / 120
Downloading motorcycle on road from naver: 12 / 120
Downloading motorcycle on road from naver: 13 / 120
Downloading motorcycle on road from naver: 14 / 120
Downloading motorcycle on road from naver: 15 / 120
Downloading motorcycle on road from naver: 16 / 120
Downloading motorcycle on road from naver: 17 / 120
Downloading motorcycle on road from naver: 18 / 120
Downloading motorcycle on road from naver: 19 / 120
Downloading motorcycle on road from naver: 20 / 120
Downloading motorcycle on road from naver: 21 / 120
Downloading motorcycle on road from naver: 22 / 120
Downloading motorcycle on road from naver: 23 / 120
Downloading motorcycle on road from naver: 24 / 120
Downloading motorcycle on road from naver: 25 / 120
Downloading motorcycle on road from naver: 26 / 120
Downloading motorcycle on road from naver: 27 / 120
Downloading motorcycle on road from naver: 28 / 120
Downloading motorcycle on road from naver: 29 / 120
Downloading motorcycle on road from naver: 30 / 120
Downloading motorcycle on road from naver: 31 / 120
Downloading motorcycle on road from naver: 32 / 120
Downloading motorcycle on road from naver: 33 / 120
Downloading motorcycle on road from naver: 34 / 120
Downloading motorcycle on road from naver: 35 / 120
Downloading motorcycle on road from naver: 36 / 120
Downloading motorcycle on road from naver: 37 / 120
Downloading motorcycle on road from naver: 38 / 120
Downloading motorcycle on road from naver: 39 / 120
Downloading motorcycle on road from naver: 40 / 120
_________________________________
Current web-browser version:	148.0.7778.168
Current chrome-driver version:	148.0.7778.167
_________________________________
Collecting links... motor scooter from naver
Scrolling down
Scraping links
Collect links done. Site: naver, Keyword: motor scooter, Total: 493
Downloading images from collected links... motor scooter from naver
Downloading motor scooter from naver: 1 / 120
Downloading motor scooter from naver: 2 / 120
Downloading motor scooter from naver: 3 / 120
Downloading motor scooter from naver: 4 / 120
Downloading motor scooter from naver: 5 / 120
Downloading motor scooter from naver: 6 / 120
Downloading motor scooter from naver: 7 / 120
Downloading motor scooter from naver: 8 / 120
Downloading motor scooter from naver: 9 / 120
Downloading motor scooter from naver: 10 / 120
Downloading motor scooter from naver: 11 / 120
Downloading motor scooter from naver: 12 / 120
Downloading motor scooter from naver: 13 / 120
Downloading motor scooter from naver: 14 / 120
Downloading motor scooter from naver: 15 / 120
Downloading motor scooter from naver: 16 / 120
Downloading motor scooter from naver: 17 / 120
Downloading motor scooter from naver: 18 / 120
Downloading motor scooter from naver: 19 / 120
Downloading motor scooter from naver: 20 / 120
Downloading motor scooter from naver: 21 / 120
Downloading motor scooter from naver: 22 / 120
Downloading motor scooter from naver: 23 / 120
Downloading motor scooter from naver: 24 / 120
Downloading motor scooter from naver: 25 / 120
Downloading motor scooter from naver: 26 / 120
Downloading motor scooter from naver: 27 / 120
Downloading motor scooter from naver: 28 / 120
Downloading motor scooter from naver: 29 / 120
Downloading motor scooter from naver: 30 / 120
Downloading motor scooter from naver: 31 / 120
Downloading motor scooter from naver: 32 / 120
Downloading motor scooter from naver: 33 / 120
Downloading motor scooter from naver: 34 / 120
Downloading motor scooter from naver: 35 / 120
Downloading motor scooter from naver: 36 / 120
Downloading motor scooter from naver: 37 / 120
Downloading motor scooter from naver: 38 / 120
Downloading motor scooter from naver: 39 / 120
Downloading motor scooter from naver: 40 / 120
Downloading motor scooter from naver: 41 / 120
Downloading motor scooter from naver: 42 / 120
Downloading motor scooter from naver: 43 / 120
Downloading motor scooter from naver: 44 / 120
Downloading motor scooter from naver: 45 / 120
Downloading motor scooter from naver: 46 / 120
Downloading motor scooter from naver: 47 / 120
Downloading motor scooter from naver: 48 / 120
Downloading motor scooter from naver: 49 / 120
Downloading motor scooter from naver: 50 / 120
Downloading motor scooter from naver: 51 / 120
Downloading motor scooter from naver: 52 / 120
Downloading motor scooter from naver: 53 / 120
Downloading motor scooter from naver: 54 / 120
Downloading motor scooter from naver: 55 / 120
Downloading motor scooter from naver: 56 / 120
Downloading motor scooter from naver: 57 / 120
Downloading motor scooter from naver: 58 / 120
Downloading motor scooter from naver: 59 / 120
Downloading motor scooter from naver: 60 / 120
Downloading motor scooter from naver: 61 / 120
Downloading motor scooter from naver: 62 / 120
Downloading motor scooter from naver: 63 / 120
Downloading motor scooter from naver: 64 / 120
Downloading motor scooter from naver: 65 / 120
Downloading motor scooter from naver: 66 / 120
Downloading motor scooter from naver: 67 / 120
Downloading motor scooter from naver: 68 / 120
Downloading motor scooter from naver: 69 / 120
Downloading motor scooter from naver: 70 / 120
Downloading motor scooter from naver: 71 / 120
Downloading motor scooter from naver: 72 / 120
Downloading motor scooter from naver: 73 / 120
Downloading motor scooter from naver: 74 / 120
Downloading motor scooter from naver: 75 / 120
Downloading motor scooter from naver: 76 / 120
Downloading motor scooter from naver: 77 / 120
Downloading motor scooter from naver: 78 / 120
Downloading motor scooter from naver: 79 / 120
Downloading motor scooter from naver: 80 / 120
Downloading motor scooter from naver: 81 / 120
Downloading motor scooter from naver: 82 / 120
Downloading motor scooter from naver: 83 / 120
Downloading motor scooter from naver: 84 / 120
Downloading motor scooter from naver: 85 / 120
Downloading motor scooter from naver: 86 / 120
Downloading motor scooter from naver: 87 / 120
Downloading motor scooter from naver: 88 / 120
Downloading motor scooter from naver: 89 / 120
Downloading motor scooter from naver: 90 / 120
Downloading motor scooter from naver: 91 / 120
Downloading motor scooter from naver: 92 / 120
Downloading motor scooter from naver: 93 / 120
Downloading motor scooter from naver: 94 / 120
Downloading motor scooter from naver: 95 / 120
Downloading motor scooter from naver: 96 / 120
Downloading motor scooter from naver: 97 / 120
Downloading motor scooter from naver: 98 / 120
Downloading motor scooter from naver: 99 / 120
Downloading motor scooter from naver: 100 / 120
Downloading motor scooter from naver: 101 / 120
Downloading motor scooter from naver: 102 / 120
Downloading motor scooter from naver: 103 / 120
Downloading motor scooter from naver: 104 / 120
Downloading motor scooter from naver: 105 / 120
Downloading motor scooter from naver: 106 / 120
Downloading motor scooter from naver: 107 / 120
Downloading motor scooter from naver: 108 / 120
Downloading motor scooter from naver: 109 / 120
Downloading motor scooter from naver: 110 / 120
Downloading motor scooter from naver: 111 / 120
Downloading motor scooter from naver: 112 / 120
Downloading motor scooter from naver: 113 / 120
Downloading motor scooter from naver: 114 / 120
Downloading motor scooter from naver: 115 / 120
Downloading motor scooter from naver: 116 / 120
Downloading motor scooter from naver: 117 / 120
Downloading motor scooter from naver: 118 / 120
Downloading motor scooter from naver: 119 / 120
Downloading motor scooter from naver: 120 / 120
Done naver : motor scooter
_________________________________
Current web-browser version:	148.0.7778.168
Current chrome-driver version:	148.0.7778.167
_________________________________
Collecting links... motorcycle on road from google
Scrolling down
Scraping links
Collect links done. Site: google, Keyword: motorcycle on road, Total: 0
Downloading images from collected links... motorcycle on road from google
Done google : motorcycle on road
_________________________________
Current web-browser version:	148.0.7778.168
Current chrome-driver version:	148.0.7778.167
_________________________________
Collecting links... scooter motorcycle from naver
Scrolling down
Scraping links
Collect links done. Site: naver, Keyword: scooter motorcycle, Total: 493
Downloading images from collected links... scooter motorcycle from naver
Downloading scooter motorcycle from naver: 1 / 120
Downloading scooter motorcycle from naver: 2 / 120
Downloading scooter motorcycle from naver: 3 / 120
Downloading scooter motorcycle from naver: 4 / 120
Downloading scooter motorcycle from naver: 5 / 120
Downloading scooter motorcycle from naver: 6 / 120
Downloading scooter motorcycle from naver: 7 / 120
Downloading scooter motorcycle from naver: 8 / 120
Downloading scooter motorcycle from naver: 9 / 120
Downloading scooter motorcycle from naver: 10 / 120
Downloading scooter motorcycle from naver: 11 / 120
Downloading scooter motorcycle from naver: 12 / 120
Downloading scooter motorcycle from naver: 13 / 120
Downloading scooter motorcycle from naver: 14 / 120
Downloading scooter motorcycle from naver: 15 / 120
Downloading scooter motorcycle from naver: 16 / 120
Downloading scooter motorcycle from naver: 17 / 120
Downloading scooter motorcycle from naver: 18 / 120
Downloading scooter motorcycle from naver: 19 / 120
Downloading scooter motorcycle from naver: 20 / 120
Downloading scooter motorcycle from naver: 21 / 120
Downloading scooter motorcycle from naver: 22 / 120
_________________________________
Current web-browser version:	148.0.7778.168
Current chrome-driver version:	148.0.7778.167
_________________________________
Collecting links... motor scooter from google
Scrolling down
Scraping links
Collect links done. Site: google, Keyword: motor scooter, Total: 0
Downloading images from collected links... motor scooter from google
Done google : motor scooter
_________________________________
Current web-browser version:	148.0.7778.168
Current chrome-driver version:	148.0.7778.167
_________________________________
Collecting links... motorcycle from naver
Scrolling down
Scraping links
Collect links done. Site: naver, Keyword: motorcycle, Total: 491
Downloading images from collected links... motorcycle from naver
Downloading motorcycle from naver: 1 / 120
Downloading motorcycle from naver: 2 / 120
Downloading motorcycle from naver: 3 / 120
Downloading motorcycle from naver: 4 / 120
Downloading motorcycle from naver: 5 / 120
Downloading motorcycle from naver: 6 / 120
Downloading motorcycle from naver: 7 / 120
Downloading motorcycle from naver: 8 / 120
Downloading motorcycle from naver: 9 / 120
Downloading motorcycle from naver: 10 / 120
Downloading motorcycle from naver: 11 / 120
Downloading motorcycle from naver: 12 / 120
Downloading motorcycle from naver: 13 / 120
Downloading motorcycle from naver: 14 / 120
Downloading motorcycle from naver: 15 / 120
Downloading motorcycle from naver: 16 / 120
Downloading motorcycle from naver: 17 / 120
Downloading motorcycle from naver: 18 / 120
Downloading motorcycle from naver: 19 / 120
Downloading motorcycle from naver: 20 / 120
Downloading motorcycle from naver: 21 / 120
Downloading motorcycle from naver: 22 / 120
Downloading motorcycle from naver: 23 / 120
Downloading motorcycle from naver: 24 / 120
Downloading motorcycle from naver: 25 / 120
Downloading motorcycle from naver: 26 / 120
Downloading motorcycle from naver: 27 / 120
Downloading motorcycle from naver: 28 / 120
Downloading motorcycle from naver: 29 / 120
Downloading motorcycle from naver: 30 / 120
Downloading motorcycle from naver: 31 / 120
Downloading motorcycle from naver: 32 / 120
Downloading motorcycle from naver: 33 / 120
Downloading motorcycle from naver: 34 / 120
Downloading motorcycle from naver: 35 / 120
Downloading motorcycle from naver: 36 / 120
Downloading motorcycle from naver: 37 / 120
Downloading motorcycle from naver: 38 / 120
Downloading motorcycle from naver: 39 / 120
Downloading motorcycle from naver: 40 / 120
Downloading motorcycle from naver: 41 / 120
Downloading motorcycle from naver: 42 / 120
Downloading motorcycle from naver: 43 / 120
Downloading motorcycle from naver: 44 / 120
Downloading motorcycle from naver: 45 / 120
Downloading motorcycle from naver: 46 / 120
Downloading motorcycle from naver: 47 / 120
Downloading motorcycle from naver: 48 / 120
Downloading motorcycle from naver: 49 / 120
Downloading motorcycle from naver: 50 / 120
Downloading motorcycle from naver: 51 / 120
Downloading motorcycle from naver: 52 / 120
Downloading motorcycle from naver: 53 / 120
Downloading motorcycle from naver: 54 / 120
Downloading motorcycle from naver: 55 / 120
Downloading motorcycle from naver: 56 / 120
Downloading motorcycle from naver: 57 / 120
Downloading motorcycle from naver: 58 / 120
Downloading motorcycle from naver: 59 / 120
Downloading motorcycle from naver: 60 / 120
Downloading motorcycle from naver: 61 / 120
Downloading motorcycle from naver: 62 / 120
Downloading motorcycle from naver: 63 / 120
Downloading motorcycle from naver: 64 / 120
Downloading motorcycle from naver: 65 / 120
Downloading motorcycle from naver: 66 / 120
Downloading motorcycle from naver: 67 / 120
Downloading motorcycle from naver: 68 / 120
Downloading motorcycle from naver: 69 / 120
Downloading motorcycle from naver: 70 / 120
Downloading motorcycle from naver: 71 / 120
Downloading motorcycle from naver: 72 / 120
Downloading motorcycle from naver: 73 / 120
Downloading motorcycle from naver: 74 / 120
Downloading motorcycle from naver: 75 / 120
Downloading motorcycle from naver: 76 / 120
Downloading motorcycle from naver: 77 / 120
Downloading motorcycle from naver: 78 / 120
Downloading motorcycle from naver: 79 / 120
Downloading motorcycle from naver: 80 / 120
Renamed extension jpg -> png
Downloading motorcycle from naver: 81 / 120
Downloading motorcycle from naver: 82 / 120
Downloading motorcycle from naver: 83 / 120
Downloading motorcycle from naver: 84 / 120
Downloading motorcycle from naver: 85 / 120
Downloading motorcycle from naver: 86 / 120
Downloading motorcycle from naver: 87 / 120
Downloading motorcycle from naver: 88 / 120
Downloading motorcycle from naver: 89 / 120
Downloading motorcycle from naver: 90 / 120
Downloading motorcycle from naver: 91 / 120
Downloading motorcycle from naver: 92 / 120
Downloading motorcycle from naver: 93 / 120
Downloading motorcycle from naver: 94 / 120
Downloading motorcycle from naver: 95 / 120
Downloading motorcycle from naver: 96 / 120
Downloading motorcycle from naver: 97 / 120
Downloading motorcycle from naver: 98 / 120
Downloading motorcycle from naver: 99 / 120
Downloading motorcycle from naver: 100 / 120
Downloading motorcycle from naver: 101 / 120
Downloading motorcycle from naver: 102 / 120
Downloading motorcycle from naver: 103 / 120
Downloading motorcycle from naver: 104 / 120
Downloading motorcycle from naver: 105 / 120
Downloading motorcycle from naver: 106 / 120
Downloading motorcycle from naver: 107 / 120
Downloading motorcycle from naver: 108 / 120
Downloading motorcycle from naver: 109 / 120
Downloading motorcycle from naver: 110 / 120
Downloading motorcycle from naver: 111 / 120
Renamed extension jpg -> png
Downloading motorcycle from naver: 112 / 120
Downloading motorcycle from naver: 113 / 120
Downloading motorcycle from naver: 114 / 120
Downloading motorcycle from naver: 115 / 120
Downloading motorcycle from naver: 116 / 120
Downloading motorcycle from naver: 117 / 120
Downloading motorcycle from naver: 118 / 120
Downloading motorcycle from naver: 119 / 120
Downloading motorcycle from naver: 120 / 120
Done naver : motorcycle
_________________________________
Current web-browser version:	148.0.7778.168
Current chrome-driver version:	148.0.7778.167
_________________________________
Collecting links... sport motorcycle from google
Scrolling down
Scraping links
Collect links done. Site: google, Keyword: sport motorcycle, Total: 0
Downloading images from collected links... sport motorcycle from google
Done google : sport motorcycle
_________________________________
Current web-browser version:	148.0.7778.168
Current chrome-driver version:	148.0.7778.167
_________________________________
Collecting links... street motorcycle from google
Scrolling down
Scraping links
Collect links done. Site: google, Keyword: street motorcycle, Total: 0
Downloading images from collected links... street motorcycle from google
Done google : street motorcycle
Downloading motorcycle on road from naver: 41 / 120
Downloading motorcycle on road from naver: 42 / 120
Downloading motorcycle on road from naver: 43 / 120
Downloading motorcycle on road from naver: 44 / 120
Downloading motorcycle on road from naver: 45 / 120
Downloading motorcycle on road from naver: 46 / 120
Downloading motorcycle on road from naver: 47 / 120
Downloading motorcycle on road from naver: 48 / 120
Downloading motorcycle on road from naver: 49 / 120
Downloading motorcycle on road from naver: 50 / 120
Downloading motorcycle on road from naver: 51 / 120
Downloading motorcycle on road from naver: 52 / 120
Downloading motorcycle on road from naver: 53 / 120
Downloading motorcycle on road from naver: 54 / 120
Downloading motorcycle on road from naver: 55 / 120
Downloading motorcycle on road from naver: 56 / 120
Downloading motorcycle on road from naver: 57 / 120
Downloading motorcycle on road from naver: 58 / 120
Downloading motorcycle on road from naver: 59 / 120
Downloading motorcycle on road from naver: 60 / 120
Downloading motorcycle on road from naver: 61 / 120
Downloading motorcycle on road from naver: 62 / 120
Downloading motorcycle on road from naver: 63 / 120
Downloading motorcycle on road from naver: 64 / 120
Downloading motorcycle on road from naver: 65 / 120
Downloading motorcycle on road from naver: 66 / 120
Downloading motorcycle on road from naver: 67 / 120
Downloading motorcycle on road from naver: 68 / 120
Downloading motorcycle on road from naver: 69 / 120
Downloading motorcycle on road from naver: 70 / 120
Downloading motorcycle on road from naver: 71 / 120
Downloading motorcycle on road from naver: 72 / 120
Downloading motorcycle on road from naver: 73 / 120
Downloading motorcycle on road from naver: 74 / 120
Downloading motorcycle on road from naver: 75 / 120
Downloading motorcycle on road from naver: 76 / 120
Downloading motorcycle on road from naver: 77 / 120
Downloading motorcycle on road from naver: 78 / 120
Downloading motorcycle on road from naver: 79 / 120
Downloading motorcycle on road from naver: 80 / 120
Downloading motorcycle on road from naver: 81 / 120
Downloading motorcycle on road from naver: 82 / 120
Downloading motorcycle on road from naver: 83 / 120
Downloading motorcycle on road from naver: 84 / 120
Downloading motorcycle on road from naver: 85 / 120
Downloading motorcycle on road from naver: 86 / 120
Downloading motorcycle on road from naver: 87 / 120
Downloading motorcycle on road from naver: 88 / 120
Downloading motorcycle on road from naver: 89 / 120
Downloading motorcycle on road from naver: 90 / 120
Downloading motorcycle on road from naver: 91 / 120
Downloading motorcycle on road from naver: 92 / 120
Downloading motorcycle on road from naver: 93 / 120
Downloading motorcycle on road from naver: 94 / 120
Downloading motorcycle on road from naver: 95 / 120
Downloading motorcycle on road from naver: 96 / 120
Downloading motorcycle on road from naver: 97 / 120
Downloading motorcycle on road from naver: 98 / 120
Downloading motorcycle on road from naver: 99 / 120
Downloading motorcycle on road from naver: 100 / 120
Downloading motorcycle on road from naver: 101 / 120
Downloading motorcycle on road from naver: 102 / 120
Downloading motorcycle on road from naver: 103 / 120
Downloading motorcycle on road from naver: 104 / 120
Downloading motorcycle on road from naver: 105 / 120
Downloading motorcycle on road from naver: 106 / 120
Downloading motorcycle on road from naver: 107 / 120
Downloading motorcycle on road from naver: 108 / 120
Downloading motorcycle on road from naver: 109 / 120
Downloading motorcycle on road from naver: 110 / 120
Downloading motorcycle on road from naver: 111 / 120
Downloading motorcycle on road from naver: 112 / 120
Downloading motorcycle on road from naver: 113 / 120
Downloading motorcycle on road from naver: 114 / 120
Downloading motorcycle on road from naver: 115 / 120
Downloading motorcycle on road from naver: 116 / 120
Downloading motorcycle on road from naver: 117 / 120
Downloading motorcycle on road from naver: 118 / 120
Downloading motorcycle on road from naver: 119 / 120
Downloading motorcycle on road from naver: 120 / 120
Done naver : motorcycle on road
_________________________________
Current web-browser version:	148.0.7778.168
Current chrome-driver version:	148.0.7778.167
_________________________________
Collecting links... street motorcycle from naver
Scrolling down
Scraping links
Collect links done. Site: naver, Keyword: street motorcycle, Total: 488
Downloading images from collected links... street motorcycle from naver
Downloading street motorcycle from naver: 1 / 120
Downloading street motorcycle from naver: 2 / 120
Downloading street motorcycle from naver: 3 / 120
Downloading street motorcycle from naver: 4 / 120
Downloading street motorcycle from naver: 5 / 120
Downloading street motorcycle from naver: 6 / 120
Downloading street motorcycle from naver: 7 / 120
Downloading street motorcycle from naver: 8 / 120
Downloading street motorcycle from naver: 9 / 120
Downloading street motorcycle from naver: 10 / 120
Downloading street motorcycle from naver: 11 / 120
Downloading street motorcycle from naver: 12 / 120
Downloading street motorcycle from naver: 13 / 120
Downloading street motorcycle from naver: 14 / 120
Downloading street motorcycle from naver: 15 / 120
Downloading street motorcycle from naver: 16 / 120
Downloading street motorcycle from naver: 17 / 120
Downloading street motorcycle from naver: 18 / 120
Downloading street motorcycle from naver: 19 / 120
Downloading street motorcycle from naver: 20 / 120
Downloading street motorcycle from naver: 21 / 120
Downloading street motorcycle from naver: 22 / 120
Downloading street motorcycle from naver: 23 / 120
Downloading street motorcycle from naver: 24 / 120
Downloading street motorcycle from naver: 25 / 120
Downloading street motorcycle from naver: 26 / 120
Downloading street motorcycle from naver: 27 / 120
Downloading street motorcycle from naver: 28 / 120
Downloading street motorcycle from naver: 29 / 120
Downloading street motorcycle from naver: 30 / 120
Downloading street motorcycle from naver: 31 / 120
Downloading street motorcycle from naver: 32 / 120
Downloading street motorcycle from naver: 33 / 120
Downloading street motorcycle from naver: 34 / 120
Downloading street motorcycle from naver: 35 / 120
Downloading street motorcycle from naver: 36 / 120
Downloading street motorcycle from naver: 37 / 120
Downloading street motorcycle from naver: 38 / 120
Downloading street motorcycle from naver: 39 / 120
Downloading street motorcycle from naver: 40 / 120
Downloading street motorcycle from naver: 41 / 120
Downloading street motorcycle from naver: 42 / 120
Downloading street motorcycle from naver: 43 / 120
Downloading street motorcycle from naver: 44 / 120
Downloading street motorcycle from naver: 45 / 120
Downloading street motorcycle from naver: 46 / 120
Downloading street motorcycle from naver: 47 / 120
Downloading street motorcycle from naver: 48 / 120
Downloading street motorcycle from naver: 49 / 120
Downloading street motorcycle from naver: 50 / 120
Downloading street motorcycle from naver: 51 / 120
Downloading street motorcycle from naver: 52 / 120
Downloading street motorcycle from naver: 53 / 120
Downloading street motorcycle from naver: 54 / 120
Downloading street motorcycle from naver: 55 / 120
Downloading street motorcycle from naver: 56 / 120
Downloading street motorcycle from naver: 57 / 120
Downloading street motorcycle from naver: 58 / 120
Downloading street motorcycle from naver: 59 / 120
Downloading street motorcycle from naver: 60 / 120
Downloading street motorcycle from naver: 61 / 120
Downloading street motorcycle from naver: 62 / 120
Downloading street motorcycle from naver: 63 / 120
Downloading street motorcycle from naver: 64 / 120
Downloading street motorcycle from naver: 65 / 120
Downloading street motorcycle from naver: 66 / 120
Downloading street motorcycle from naver: 67 / 120
Options - skip:False, threads:4, google:True, naver:True, full_resolution:False, face:False, no_gui:False, limit:120, _proxy_list:['']
8 keywords found: ['motor scooter', 'motorbike', 'motorcycle', 'motorcycle on road', 'scooter motorcycle', 'sport motorcycle', 'street motorcycle', 'touring motorcycle']
Task ended. Pool join.
Data imbalance checking...
dir: download/motor scooter, file_count: 122
dir: download/motorbike, file_count: 122
dir: download/motorcycle, file_count: 122
dir: download/motorcycle on road, file_count: 122
dir: download/scooter motorcycle, file_count: 122
dir: download/sport motorcycle, file_count: 122
dir: download/street motorcycle, file_count: 122
dir: download/touring motorcycle, file_count: 122
Data imbalance not detected.
End Program
Project root: D:\Workspace\Nam4\KHDL\vehicle-classification\traffic_vehicle_classification
Selected sources: duckduckgo, google, naver
Target raw images per label: 600
[START] motorcycle: current=300, target=600
[AutoCrawler] motorcycle: crawling from google, naver
[DONE] motorcycle: raw_count=600

[Crawl] label=taxi, current_raw=300, next_raw_goal=600

$ C:\Users\Admin\AppData\Local\Programs\Python\Python310\python.exe scripts/crawl_images.py --labels taxi --sources google,naver,duckduckgo --limit-per-label 600
_________________________________
Current web-browser version:	148.0.7778.168
Current chrome-driver version:	148.0.7778.167
_________________________________
Collecting links... airport taxi from naver
Scrolling down
Scraping links
Collect links done. Site: naver, Keyword: airport taxi, Total: 490
Downloading images from collected links... airport taxi from naver
Downloading airport taxi from naver: 1 / 120
Downloading airport taxi from naver: 2 / 120
Downloading airport taxi from naver: 3 / 120
Downloading airport taxi from naver: 4 / 120
Downloading airport taxi from naver: 5 / 120
Downloading airport taxi from naver: 6 / 120
Downloading airport taxi from naver: 7 / 120
Downloading airport taxi from naver: 8 / 120
Downloading airport taxi from naver: 9 / 120
Downloading airport taxi from naver: 10 / 120
Downloading airport taxi from naver: 11 / 120
Downloading airport taxi from naver: 12 / 120
Downloading airport taxi from naver: 13 / 120
Downloading airport taxi from naver: 14 / 120
Downloading airport taxi from naver: 15 / 120
Downloading airport taxi from naver: 16 / 120
Downloading airport taxi from naver: 17 / 120
Downloading airport taxi from naver: 18 / 120
Downloading airport taxi from naver: 19 / 120
Downloading airport taxi from naver: 20 / 120
Downloading airport taxi from naver: 21 / 120
Downloading airport taxi from naver: 22 / 120
Downloading airport taxi from naver: 23 / 120
Downloading airport taxi from naver: 24 / 120
Downloading airport taxi from naver: 25 / 120
Downloading airport taxi from naver: 26 / 120
Downloading airport taxi from naver: 27 / 120
Downloading airport taxi from naver: 28 / 120
Downloading airport taxi from naver: 29 / 120
Downloading airport taxi from naver: 30 / 120
Downloading airport taxi from naver: 31 / 120
Downloading airport taxi from naver: 32 / 120
Downloading airport taxi from naver: 33 / 120
Downloading airport taxi from naver: 34 / 120
Downloading airport taxi from naver: 35 / 120
Downloading airport taxi from naver: 36 / 120
Downloading airport taxi from naver: 37 / 120
Downloading airport taxi from naver: 38 / 120
Downloading airport taxi from naver: 39 / 120
Downloading airport taxi from naver: 40 / 120
Downloading airport taxi from naver: 41 / 120
Downloading airport taxi from naver: 42 / 120
Downloading airport taxi from naver: 43 / 120
Downloading airport taxi from naver: 44 / 120
Downloading airport taxi from naver: 45 / 120
Downloading airport taxi from naver: 46 / 120
Downloading airport taxi from naver: 47 / 120
Downloading airport taxi from naver: 48 / 120
Downloading airport taxi from naver: 49 / 120
Downloading airport taxi from naver: 50 / 120
Downloading airport taxi from naver: 51 / 120
Downloading airport taxi from naver: 52 / 120
Downloading airport taxi from naver: 53 / 120
Downloading airport taxi from naver: 54 / 120
Downloading airport taxi from naver: 55 / 120
Downloading airport taxi from naver: 56 / 120
Downloading airport taxi from naver: 57 / 120
Downloading airport taxi from naver: 58 / 120
Downloading airport taxi from naver: 59 / 120
Downloading airport taxi from naver: 60 / 120
Downloading airport taxi from naver: 61 / 120
Downloading airport taxi from naver: 62 / 120
Downloading airport taxi from naver: 63 / 120
Downloading airport taxi from naver: 64 / 120
Downloading airport taxi from naver: 65 / 120
Downloading airport taxi from naver: 66 / 120
Downloading airport taxi from naver: 67 / 120
Downloading airport taxi from naver: 68 / 120
Downloading airport taxi from naver: 69 / 120
Downloading airport taxi from naver: 70 / 120
Downloading airport taxi from naver: 71 / 120
Downloading airport taxi from naver: 72 / 120
Downloading airport taxi from naver: 73 / 120
Downloading airport taxi from naver: 74 / 120
Downloading airport taxi from naver: 75 / 120
Downloading airport taxi from naver: 76 / 120
Downloading airport taxi from naver: 77 / 120
Downloading airport taxi from naver: 78 / 120
Downloading airport taxi from naver: 79 / 120
Downloading airport taxi from naver: 80 / 120
Downloading airport taxi from naver: 81 / 120
Downloading airport taxi from naver: 82 / 120
Downloading airport taxi from naver: 83 / 120
Downloading airport taxi from naver: 84 / 120
Downloading airport taxi from naver: 85 / 120
Downloading airport taxi from naver: 86 / 120
Downloading airport taxi from naver: 87 / 120
Downloading airport taxi from naver: 88 / 120
Downloading airport taxi from naver: 89 / 120
Downloading airport taxi from naver: 90 / 120
Downloading airport taxi from naver: 91 / 120
Downloading airport taxi from naver: 92 / 120
Downloading airport taxi from naver: 93 / 120
Downloading airport taxi from naver: 94 / 120
Downloading airport taxi from naver: 95 / 120
Downloading airport taxi from naver: 96 / 120
Downloading airport taxi from naver: 97 / 120
Downloading airport taxi from naver: 98 / 120
Downloading airport taxi from naver: 99 / 120
Downloading airport taxi from naver: 100 / 120
Downloading airport taxi from naver: 101 / 120
Downloading airport taxi from naver: 102 / 120
Downloading airport taxi from naver: 103 / 120
Downloading airport taxi from naver: 104 / 120
Downloading airport taxi from naver: 105 / 120
Downloading airport taxi from naver: 106 / 120
Downloading airport taxi from naver: 107 / 120
Downloading airport taxi from naver: 108 / 120
Downloading airport taxi from naver: 109 / 120
Downloading airport taxi from naver: 110 / 120
Downloading airport taxi from naver: 111 / 120
Downloading airport taxi from naver: 112 / 120
Downloading airport taxi from naver: 113 / 120
Downloading airport taxi from naver: 114 / 120
Downloading airport taxi from naver: 115 / 120
Downloading airport taxi from naver: 116 / 120
Downloading airport taxi from naver: 117 / 120
Downloading airport taxi from naver: 118 / 120
Downloading airport taxi from naver: 119 / 120
Downloading airport taxi from naver: 120 / 120
Done naver : airport taxi
_________________________________
Current web-browser version:	148.0.7778.168
Current chrome-driver version:	148.0.7778.167
_________________________________
Collecting links... metered taxi from google
Scrolling down
Scraping links
Collect links done. Site: google, Keyword: metered taxi, Total: 0
Downloading images from collected links... metered taxi from google
Done google : metered taxi
_________________________________
Current web-browser version:	148.0.7778.168
Current chrome-driver version:	148.0.7778.167
_________________________________
Collecting links... taxi from naver
Scrolling down
Scraping links
Collect links done. Site: naver, Keyword: taxi, Total: 490
Downloading images from collected links... taxi from naver
Downloading taxi from naver: 1 / 120
Downloading taxi from naver: 2 / 120
Downloading taxi from naver: 3 / 120
Downloading taxi from naver: 4 / 120
Downloading taxi from naver: 5 / 120
Downloading taxi from naver: 6 / 120
Downloading taxi from naver: 7 / 120
Downloading taxi from naver: 8 / 120
Downloading taxi from naver: 9 / 120
Downloading taxi from naver: 10 / 120
Downloading taxi from naver: 11 / 120
Downloading taxi from naver: 12 / 120
Downloading taxi from naver: 13 / 120
Downloading taxi from naver: 14 / 120
Downloading taxi from naver: 15 / 120
Downloading taxi from naver: 16 / 120
Downloading taxi from naver: 17 / 120
Downloading taxi from naver: 18 / 120
Downloading taxi from naver: 19 / 120
Downloading taxi from naver: 20 / 120
Downloading taxi from naver: 21 / 120
Downloading taxi from naver: 22 / 120
Downloading taxi from naver: 23 / 120
Downloading taxi from naver: 24 / 120
Downloading taxi from naver: 25 / 120
Downloading taxi from naver: 26 / 120
Downloading taxi from naver: 27 / 120
Downloading taxi from naver: 28 / 120
Downloading taxi from naver: 29 / 120
Downloading taxi from naver: 30 / 120
Downloading taxi from naver: 31 / 120
Downloading taxi from naver: 32 / 120
Downloading taxi from naver: 33 / 120
Downloading taxi from naver: 34 / 120
Downloading taxi from naver: 35 / 120
_________________________________
Current web-browser version:	148.0.7778.168
Current chrome-driver version:	148.0.7778.167
_________________________________
Collecting links... cab car from naver
Scrolling down
Scraping links
Collect links done. Site: naver, Keyword: cab car, Total: 489
Downloading images from collected links... cab car from naver
Downloading cab car from naver: 1 / 120
Downloading cab car from naver: 2 / 120
Downloading cab car from naver: 3 / 120
Downloading cab car from naver: 4 / 120
Downloading cab car from naver: 5 / 120
Downloading cab car from naver: 6 / 120
Downloading cab car from naver: 7 / 120
Downloading cab car from naver: 8 / 120
Downloading cab car from naver: 9 / 120
Downloading cab car from naver: 10 / 120
Downloading cab car from naver: 11 / 120
Downloading cab car from naver: 12 / 120
Downloading cab car from naver: 13 / 120
Downloading cab car from naver: 14 / 120
Downloading cab car from naver: 15 / 120
Downloading cab car from naver: 16 / 120
Downloading cab car from naver: 17 / 120
Downloading cab car from naver: 18 / 120
Downloading cab car from naver: 19 / 120
Downloading cab car from naver: 20 / 120
Downloading cab car from naver: 21 / 120
Downloading cab car from naver: 22 / 120
Downloading cab car from naver: 23 / 120
Downloading cab car from naver: 24 / 120
Downloading cab car from naver: 25 / 120
Downloading cab car from naver: 26 / 120
Downloading cab car from naver: 27 / 120
Downloading cab car from naver: 28 / 120
Downloading cab car from naver: 29 / 120
Downloading cab car from naver: 30 / 120
Downloading cab car from naver: 31 / 120
Downloading cab car from naver: 32 / 120
Downloading cab car from naver: 33 / 120
Downloading cab car from naver: 34 / 120
Downloading cab car from naver: 35 / 120
Downloading cab car from naver: 36 / 120
Downloading cab car from naver: 37 / 120
Downloading cab car from naver: 38 / 120
Downloading cab car from naver: 39 / 120
Downloading cab car from naver: 40 / 120
Downloading cab car from naver: 41 / 120
Downloading cab car from naver: 42 / 120
Downloading cab car from naver: 43 / 120
Downloading cab car from naver: 44 / 120
Downloading cab car from naver: 45 / 120
Downloading cab car from naver: 46 / 120
Downloading cab car from naver: 47 / 120
Download failed -  HTTPSConnectionPool(host='search.pstatic.net', port=443): Max retries exceeded with url: /sunny/?src=https%3A%2F%2Fgraphicriver.img.customer.envatousercontent.com%2Ffiles%2F245212969%2Fpreview.jpg%3Fauto%3Dcompress%252Cformat%26q%3D80%26fit%3Dcrop%26crop%3Dtop%26max-h%3D8000%26max-w%3D590%26s%3D9b3b656d17912cb16f8149739e1dd46a&type=a340 (Caused by ConnectTimeoutError(<HTTPSConnection(host='search.pstatic.net', port=443) at 0x1ea0d58f2e0>, 'Connection to search.pstatic.net timed out. (connect timeout=10)'))
Downloading cab car from naver: 47 / 120
Downloading cab car from naver: 48 / 120
Downloading cab car from naver: 49 / 120
Downloading cab car from naver: 50 / 120
Downloading cab car from naver: 51 / 120
Downloading cab car from naver: 52 / 120
Downloading cab car from naver: 53 / 120
Downloading cab car from naver: 54 / 120
Downloading cab car from naver: 55 / 120
Downloading cab car from naver: 56 / 120
Downloading cab car from naver: 57 / 120
Downloading cab car from naver: 58 / 120
Downloading cab car from naver: 59 / 120
Downloading cab car from naver: 60 / 120
Downloading cab car from naver: 61 / 120
Downloading cab car from naver: 62 / 120
Downloading cab car from naver: 63 / 120
Downloading cab car from naver: 64 / 120
Downloading cab car from naver: 65 / 120
Downloading cab car from naver: 66 / 120
Downloading cab car from naver: 67 / 120
Downloading cab car from naver: 68 / 120
Downloading cab car from naver: 69 / 120
Downloading cab car from naver: 70 / 120
Downloading cab car from naver: 71 / 120
Downloading cab car from naver: 72 / 120
Downloading cab car from naver: 73 / 120
Downloading cab car from naver: 74 / 120
Downloading cab car from naver: 75 / 120
Downloading cab car from naver: 76 / 120
Downloading cab car from naver: 77 / 120
Downloading cab car from naver: 78 / 120
Downloading cab car from naver: 79 / 120
Downloading cab car from naver: 80 / 120
Downloading cab car from naver: 81 / 120
Downloading cab car from naver: 82 / 120
Downloading cab car from naver: 83 / 120
Downloading cab car from naver: 84 / 120
Downloading cab car from naver: 85 / 120
Downloading cab car from naver: 86 / 120
Downloading cab car from naver: 87 / 120
Downloading cab car from naver: 88 / 120
Downloading cab car from naver: 89 / 120
Downloading cab car from naver: 90 / 120
Downloading cab car from naver: 91 / 120
Downloading cab car from naver: 92 / 120
Downloading cab car from naver: 93 / 120
Downloading cab car from naver: 94 / 120
Downloading cab car from naver: 95 / 120
Downloading cab car from naver: 96 / 120
Downloading cab car from naver: 97 / 120
Downloading cab car from naver: 98 / 120
Downloading cab car from naver: 99 / 120
Downloading cab car from naver: 100 / 120
Downloading cab car from naver: 101 / 120
Downloading cab car from naver: 102 / 120
Downloading cab car from naver: 103 / 120
Downloading cab car from naver: 104 / 120
Downloading cab car from naver: 105 / 120
Downloading cab car from naver: 106 / 120
Downloading cab car from naver: 107 / 120
Downloading cab car from naver: 108 / 120
Downloading cab car from naver: 109 / 120
Downloading cab car from naver: 110 / 120
Downloading cab car from naver: 111 / 120
Downloading cab car from naver: 112 / 120
Downloading cab car from naver: 113 / 120
Downloading cab car from naver: 114 / 120
Downloading cab car from naver: 115 / 120
Downloading cab car from naver: 116 / 120
Downloading cab car from naver: 117 / 120
Downloading cab car from naver: 118 / 120
Downloading cab car from naver: 119 / 120
Downloading cab car from naver: 120 / 120
Done naver : cab car
_________________________________
Current web-browser version:	148.0.7778.168
Current chrome-driver version:	148.0.7778.167
_________________________________
Collecting links... taxi from google
Scrolling down
Scraping links
Collect links done. Site: google, Keyword: taxi, Total: 0
Downloading images from collected links... taxi from google
Done google : taxi
_________________________________
Current web-browser version:	148.0.7778.168
Current chrome-driver version:	148.0.7778.167
_________________________________
Collecting links... taxi cab from naver
Scrolling down
Scraping links
Collect links done. Site: naver, Keyword: taxi cab, Total: 488
Downloading images from collected links... taxi cab from naver
Downloading taxi cab from naver: 1 / 120
Downloading taxi cab from naver: 2 / 120
Downloading taxi cab from naver: 3 / 120
Downloading taxi cab from naver: 4 / 120
Downloading taxi cab from naver: 5 / 120
Downloading taxi cab from naver: 6 / 120
Downloading taxi cab from naver: 7 / 120
Downloading taxi cab from naver: 8 / 120
Downloading taxi cab from naver: 9 / 120
Downloading taxi cab from naver: 10 / 120
Downloading taxi cab from naver: 11 / 120
Downloading taxi cab from naver: 12 / 120
Downloading taxi cab from naver: 13 / 120
Downloading taxi cab from naver: 14 / 120
Downloading taxi cab from naver: 15 / 120
Downloading taxi cab from naver: 16 / 120
Downloading taxi cab from naver: 17 / 120
Downloading taxi cab from naver: 18 / 120
Downloading taxi cab from naver: 19 / 120
Downloading taxi cab from naver: 20 / 120
Downloading taxi cab from naver: 21 / 120
Downloading taxi cab from naver: 22 / 120
Downloading taxi cab from naver: 23 / 120
Downloading taxi cab from naver: 24 / 120
Downloading taxi cab from naver: 25 / 120
Downloading taxi cab from naver: 26 / 120
Downloading taxi cab from naver: 27 / 120
Downloading taxi cab from naver: 28 / 120
Downloading taxi cab from naver: 29 / 120
Downloading taxi cab from naver: 30 / 120
Downloading taxi cab from naver: 31 / 120
Downloading taxi cab from naver: 32 / 120
Downloading taxi cab from naver: 33 / 120
Options - skip:False, threads:4, google:True, naver:True, full_resolution:False, face:False, no_gui:False, limit:120, _proxy_list:['']
8 keywords found: ['airport taxi', 'cab car', 'city taxi', 'metered taxi', 'taxi', 'taxi cab', 'taxi on street', 'yellow taxi']
Task ended. Pool join.
Data imbalance checking...
dir: download/airport taxi, file_count: 122
dir: download/cab car, file_count: 122
dir: download/city taxi, file_count: 122
dir: download/metered taxi, file_count: 60
dir: download/taxi, file_count: 122
dir: download/taxi cab, file_count: 122
dir: download/taxi on street, file_count: 122
dir: download/yellow taxi, file_count: 122
Data imbalance not detected.
End Program
Project root: D:\Workspace\Nam4\KHDL\vehicle-classification\traffic_vehicle_classification
Selected sources: duckduckgo, google, naver
Target raw images per label: 600
[START] taxi: current=300, target=600
[AutoCrawler] taxi: crawling from google, naver
[DONE] taxi: raw_count=600

[Crawl] label=train, current_raw=300, next_raw_goal=600

$ C:\Users\Admin\AppData\Local\Programs\Python\Python310\python.exe scripts/crawl_images.py --labels train --sources google,naver,duckduckgo --limit-per-label 600
_________________________________
Current web-browser version:	148.0.7778.168
Current chrome-driver version:	148.0.7778.167
_________________________________
Collecting links... freight train from naver
Scrolling down
Scraping links
Collect links done. Site: naver, Keyword: freight train, Total: 494
Downloading images from collected links... freight train from naver
Downloading freight train from naver: 1 / 120
Downloading freight train from naver: 2 / 120
Downloading freight train from naver: 3 / 120
Downloading freight train from naver: 4 / 120
Downloading freight train from naver: 5 / 120
Downloading freight train from naver: 6 / 120
Downloading freight train from naver: 7 / 120
Downloading freight train from naver: 8 / 120
Downloading freight train from naver: 9 / 120
Downloading freight train from naver: 10 / 120
Renamed extension jpg -> png
Downloading freight train from naver: 11 / 120
Downloading freight train from naver: 12 / 120
Downloading freight train from naver: 13 / 120
Downloading freight train from naver: 14 / 120
Downloading freight train from naver: 15 / 120
Downloading freight train from naver: 16 / 120
Downloading freight train from naver: 17 / 120
Downloading freight train from naver: 18 / 120
Downloading freight train from naver: 19 / 120
Downloading freight train from naver: 20 / 120
Downloading freight train from naver: 21 / 120
Downloading freight train from naver: 22 / 120
Downloading freight train from naver: 23 / 120
Downloading freight train from naver: 24 / 120
Downloading freight train from naver: 25 / 120
Downloading freight train from naver: 26 / 120
Downloading freight train from naver: 27 / 120
Downloading freight train from naver: 28 / 120
Downloading freight train from naver: 29 / 120
Downloading freight train from naver: 30 / 120
Renamed extension jpg -> png
Downloading freight train from naver: 31 / 120
Downloading freight train from naver: 32 / 120
Downloading freight train from naver: 33 / 120
Downloading freight train from naver: 34 / 120
Downloading freight train from naver: 35 / 120
Renamed extension jpg -> png
Downloading freight train from naver: 36 / 120
Downloading freight train from naver: 37 / 120
Downloading freight train from naver: 38 / 120
Downloading freight train from naver: 39 / 120
Downloading freight train from naver: 40 / 120
Downloading freight train from naver: 41 / 120
Downloading freight train from naver: 42 / 120
Downloading freight train from naver: 43 / 120
Downloading freight train from naver: 44 / 120
Downloading freight train from naver: 45 / 120
Downloading freight train from naver: 46 / 120
Downloading freight train from naver: 47 / 120
Downloading freight train from naver: 48 / 120
Downloading freight train from naver: 49 / 120
Downloading freight train from naver: 50 / 120
Downloading freight train from naver: 51 / 120
Downloading freight train from naver: 52 / 120
Downloading freight train from naver: 53 / 120
Downloading freight train from naver: 54 / 120
Downloading freight train from naver: 55 / 120
Downloading freight train from naver: 56 / 120
Downloading freight train from naver: 57 / 120
Downloading freight train from naver: 58 / 120
Renamed extension jpg -> png
Downloading freight train from naver: 59 / 120
Downloading freight train from naver: 60 / 120
Downloading freight train from naver: 61 / 120
Downloading freight train from naver: 62 / 120
Downloading freight train from naver: 63 / 120
Downloading freight train from naver: 64 / 120
Downloading freight train from naver: 65 / 120
Downloading freight train from naver: 66 / 120
Downloading freight train from naver: 67 / 120
Downloading freight train from naver: 68 / 120
Downloading freight train from naver: 69 / 120
Downloading freight train from naver: 70 / 120
Downloading freight train from naver: 71 / 120
Downloading freight train from naver: 72 / 120
Downloading freight train from naver: 73 / 120
Downloading freight train from naver: 74 / 120
Downloading freight train from naver: 75 / 120
Downloading freight train from naver: 76 / 120
Downloading freight train from naver: 77 / 120
Downloading freight train from naver: 78 / 120
Downloading freight train from naver: 79 / 120
Downloading freight train from naver: 80 / 120
Downloading freight train from naver: 81 / 120
Downloading freight train from naver: 82 / 120
Downloading freight train from naver: 83 / 120
Downloading freight train from naver: 84 / 120
Downloading freight train from naver: 85 / 120
Downloading freight train from naver: 86 / 120
Downloading freight train from naver: 87 / 120
Downloading freight train from naver: 88 / 120
Downloading freight train from naver: 89 / 120
Downloading freight train from naver: 90 / 120
Downloading freight train from naver: 91 / 120
Downloading freight train from naver: 92 / 120
Downloading freight train from naver: 93 / 120
Downloading freight train from naver: 94 / 120
Downloading freight train from naver: 95 / 120
Downloading freight train from naver: 96 / 120
Downloading freight train from naver: 97 / 120
Downloading freight train from naver: 98 / 120
Downloading freight train from naver: 99 / 120
Downloading freight train from naver: 100 / 120
Downloading freight train from naver: 101 / 120
Downloading freight train from naver: 102 / 120
Downloading freight train from naver: 103 / 120
Downloading freight train from naver: 104 / 120
Downloading freight train from naver: 105 / 120
Downloading freight train from naver: 106 / 120
Downloading freight train from naver: 107 / 120
Downloading freight train from naver: 108 / 120
Downloading freight train from naver: 109 / 120
Downloading freight train from naver: 110 / 120
Downloading freight train from naver: 111 / 120
Downloading freight train from naver: 112 / 120
Downloading freight train from naver: 113 / 120
Downloading freight train from naver: 114 / 120
Downloading freight train from naver: 115 / 120
Downloading freight train from naver: 116 / 120
Downloading freight train from naver: 117 / 120
Downloading freight train from naver: 118 / 120
Renamed extension jpg -> png
Downloading freight train from naver: 119 / 120
Downloading freight train from naver: 120 / 120
Done naver : freight train
_________________________________
Current web-browser version:	148.0.7778.168
Current chrome-driver version:	148.0.7778.167
_________________________________
Collecting links... locomotive train from naver
Scrolling down
Scraping links
Collect links done. Site: naver, Keyword: locomotive train, Total: 492
Downloading images from collected links... locomotive train from naver
Downloading locomotive train from naver: 1 / 120
Downloading locomotive train from naver: 2 / 120
Downloading locomotive train from naver: 3 / 120
Downloading locomotive train from naver: 4 / 120
Renamed extension jpg -> png
Downloading locomotive train from naver: 5 / 120
Renamed extension jpg -> png
Downloading locomotive train from naver: 6 / 120
Downloading locomotive train from naver: 7 / 120
Downloading locomotive train from naver: 8 / 120
Downloading locomotive train from naver: 9 / 120
Downloading locomotive train from naver: 10 / 120
Downloading locomotive train from naver: 11 / 120
Downloading locomotive train from naver: 12 / 120
Downloading locomotive train from naver: 13 / 120
Downloading locomotive train from naver: 14 / 120
Downloading locomotive train from naver: 15 / 120
Downloading locomotive train from naver: 16 / 120
Downloading locomotive train from naver: 17 / 120
Downloading locomotive train from naver: 18 / 120
Downloading locomotive train from naver: 19 / 120
Downloading locomotive train from naver: 20 / 120
Downloading locomotive train from naver: 21 / 120
Downloading locomotive train from naver: 22 / 120
Downloading locomotive train from naver: 23 / 120
Downloading locomotive train from naver: 24 / 120
Downloading locomotive train from naver: 25 / 120
Downloading locomotive train from naver: 26 / 120
Downloading locomotive train from naver: 27 / 120
Downloading locomotive train from naver: 28 / 120_________________________________
Current web-browser version:	148.0.7778.168
Current chrome-driver version:	148.0.7778.167
_________________________________
Collecting links... freight train from google
Scrolling down
Scraping links
Collect links done. Site: google, Keyword: freight train, Total: 0
Downloading images from collected links... freight train from google
Done google : freight train
_________________________________
Current web-browser version:	148.0.7778.168
Current chrome-driver version:	148.0.7778.167
_________________________________
Collecting links... high speed train from google
Scrolling down
Scraping links
Collect links done. Site: google, Keyword: high speed train, Total: 0
Downloading images from collected links... high speed train from google
Done google : high speed train
_________________________________
Current web-browser version:	148.0.7778.168
Current chrome-driver version:	148.0.7778.167
_________________________________
Collecting links... passenger train from google
Scrolling down
Scraping links
Collect links done. Site: google, Keyword: passenger train, Total: 0
Downloading images from collected links... passenger train from google
Done google : passenger train
_________________________________
Current web-browser version:	148.0.7778.168
Current chrome-driver version:	148.0.7778.167
_________________________________
Collecting links... railway train from naver
Scrolling down
Scraping links
Collect links done. Site: naver, Keyword: railway train, Total: 491
Downloading images from collected links... railway train from naver
Downloading railway train from naver: 1 / 120
Downloading railway train from naver: 2 / 120
Downloading railway train from naver: 3 / 120
Downloading railway train from naver: 4 / 120
Downloading railway train from naver: 5 / 120
Downloading railway train from naver: 6 / 120
Downloading railway train from naver: 7 / 120
Downloading railway train from naver: 8 / 120
Downloading railway train from naver: 9 / 120
Downloading railway train from naver: 10 / 120
Downloading railway train from naver: 11 / 120
Downloading railway train from naver: 12 / 120
Downloading railway train from naver: 13 / 120
Downloading railway train from naver: 14 / 120
Downloading railway train from naver: 15 / 120
Downloading railway train from naver: 16 / 120
Downloading railway train from naver: 17 / 120
Downloading railway train from naver: 18 / 120
Downloading railway train from naver: 19 / 120
Downloading railway train from naver: 20 / 120
Downloading railway train from naver: 21 / 120
Downloading railway train from naver: 22 / 120
Downloading railway train from naver: 23 / 120
Downloading railway train from naver: 24 / 120
Downloading railway train from naver: 25 / 120
Downloading railway train from naver: 26 / 120
Downloading railway train from naver: 27 / 120
Downloading railway train from naver: 28 / 120
Downloading railway train from naver: 29 / 120
Downloading railway train from naver: 30 / 120
Downloading railway train from naver: 31 / 120
Downloading railway train from naver: 32 / 120
Downloading railway train from naver: 33 / 120
Downloading railway train from naver: 34 / 120
Downloading railway train from naver: 35 / 120
Downloading railway train from naver: 36 / 120
Downloading railway train from naver: 37 / 120
Downloading railway train from naver: 38 / 120
Downloading railway train from naver: 39 / 120
Downloading railway train from naver: 40 / 120
Downloading railway train from naver: 41 / 120
Downloading railway train from naver: 42 / 120
Downloading railway train from naver: 43 / 120
Downloading railway train from naver: 44 / 120
Downloading railway train from naver: 45 / 120
Downloading railway train from naver: 46 / 120
Downloading railway train from naver: 47 / 120
Downloading railway train from naver: 48 / 120
Downloading railway train from naver: 49 / 120
Downloading railway train from naver: 50 / 120
Downloading railway train from naver: 51 / 120
Downloading railway train from naver: 52 / 120
Downloading railway train from naver: 53 / 120
Downloading railway train from naver: 54 / 120
Downloading railway train from naver: 55 / 120
Downloading railway train from naver: 56 / 120
Downloading railway train from naver: 57 / 120
Downloading railway train from naver: 58 / 120
Downloading railway train from naver: 59 / 120
Downloading railway train from naver: 60 / 120
Downloading railway train from naver: 61 / 120
Downloading railway train from naver: 62 / 120
Downloading railway train from naver: 63 / 120
Downloading railway train from naver: 64 / 120
Downloading railway train from naver: 65 / 120
Downloading railway train from naver: 66 / 120
Downloading railway train from naver: 67 / 120
Downloading railway train from naver: 68 / 120
Downloading railway train from naver: 69 / 120
Downloading railway train from naver: 70 / 120
Downloading railway train from naver: 71 / 120
Downloading railway train from naver: 72 / 120
Downloading railway train from naver: 73 / 120
Downloading railway train from naver: 74 / 120
Downloading railway train from naver: 75 / 120
Downloading railway train from naver: 76 / 120
Downloading railway train from naver: 77 / 120
Downloading railway train from naver: 78 / 120
Downloading railway train from naver: 79 / 120
Downloading railway train from naver: 80 / 120
Downloading railway train from naver: 81 / 120
Downloading railway train from naver: 82 / 120
Downloading railway train from naver: 83 / 120
Downloading railway train from naver: 84 / 120
Downloading railway train from naver: 85 / 120
Downloading railway train from naver: 86 / 120
Downloading railway train from naver: 87 / 120
Downloading railway train from naver: 88 / 120
Downloading railway train from naver: 89 / 120
Downloading railway train from naver: 90 / 120
Downloading railway train from naver: 91 / 120
Downloading railway train from naver: 92 / 120
Downloading railway train from naver: 93 / 120
Downloading railway train from naver: 94 / 120
Downloading railway train from naver: 95 / 120
Downloading railway train from naver: 96 / 120
Downloading railway train from naver: 97 / 120
Downloading railway train from naver: 98 / 120
Downloading railway train from naver: 99 / 120
Downloading railway train from naver: 100 / 120
Downloading railway train from naver: 101 / 120
Downloading railway train from naver: 102 / 120
Downloading railway train from naver: 103 / 120
Downloading railway train from naver: 104 / 120
Downloading railway train from naver: 105 / 120
Downloading railway train from naver: 106 / 120
Downloading railway train from naver: 107 / 120
Downloading railway train from naver: 108 / 120
Downloading railway train from naver: 109 / 120
Downloading railway train from naver: 110 / 120
Downloading railway train from naver: 111 / 120
Downloading railway train from naver: 112 / 120
Downloading railway train from naver: 113 / 120
Downloading railway train from naver: 114 / 120
Downloading railway train from naver: 115 / 120
Downloading railway train from naver: 116 / 120
Downloading railway train from naver: 117 / 120
Downloading railway train from naver: 118 / 120
Downloading railway train from naver: 119 / 120
Downloading railway train from naver: 120 / 120
Done naver : railway train

Downloading locomotive train from naver: 29 / 120
Downloading locomotive train from naver: 30 / 120
Downloading locomotive train from naver: 31 / 120
Downloading locomotive train from naver: 32 / 120
Downloading locomotive train from naver: 33 / 120
Downloading locomotive train from naver: 34 / 120
Downloading locomotive train from naver: 35 / 120
Downloading locomotive train from naver: 36 / 120
Downloading locomotive train from naver: 37 / 120
Downloading locomotive train from naver: 38 / 120
Downloading locomotive train from naver: 39 / 120
Downloading locomotive train from naver: 40 / 120
Downloading locomotive train from naver: 41 / 120
Downloading locomotive train from naver: 42 / 120
Downloading locomotive train from naver: 43 / 120
Downloading locomotive train from naver: 44 / 120
Downloading locomotive train from naver: 45 / 120
Downloading locomotive train from naver: 46 / 120
Downloading locomotive train from naver: 47 / 120
Downloading locomotive train from naver: 48 / 120
Downloading locomotive train from naver: 49 / 120
Downloading locomotive train from naver: 50 / 120
Downloading locomotive train from naver: 51 / 120
Downloading locomotive train from naver: 52 / 120
Downloading locomotive train from naver: 53 / 120
Downloading locomotive train from naver: 54 / 120
Downloading locomotive train from naver: 55 / 120
Downloading locomotive train from naver: 56 / 120
Downloading locomotive train from naver: 57 / 120
Downloading locomotive train from naver: 58 / 120
Downloading locomotive train from naver: 59 / 120
Downloading locomotive train from naver: 60 / 120
Downloading locomotive train from naver: 61 / 120
Downloading locomotive train from naver: 62 / 120
Downloading locomotive train from naver: 63 / 120
Downloading locomotive train from naver: 64 / 120
Downloading locomotive train from naver: 65 / 120
Downloading locomotive train from naver: 66 / 120
Downloading locomotive train from naver: 67 / 120
Downloading locomotive train from naver: 68 / 120
Downloading locomotive train from naver: 69 / 120
Downloading locomotive train from naver: 70 / 120
Downloading locomotive train from naver: 71 / 120
Downloading locomotive train from naver: 72 / 120
Downloading locomotive train from naver: 73 / 120
Downloading locomotive train from naver: 74 / 120
Downloading locomotive train from naver: 75 / 120
Downloading locomotive train from naver: 76 / 120
Downloading locomotive train from naver: 77 / 120
Downloading locomotive train from naver: 78 / 120
Downloading locomotive train from naver: 79 / 120
Downloading locomotive train from naver: 80 / 120
Downloading locomotive train from naver: 81 / 120
Downloading locomotive train from naver: 82 / 120
Downloading locomotive train from naver: 83 / 120
Downloading locomotive train from naver: 84 / 120
Downloading locomotive train from naver: 85 / 120
Downloading locomotive train from naver: 86 / 120
Downloading locomotive train from naver: 87 / 120
Downloading locomotive train from naver: 88 / 120
Downloading locomotive train from naver: 89 / 120
Downloading locomotive train from naver: 90 / 120
Downloading locomotive train from naver: 91 / 120
Downloading locomotive train from naver: 92 / 120
Downloading locomotive train from naver: 93 / 120
Downloading locomotive train from naver: 94 / 120
Downloading locomotive train from naver: 95 / 120
Downloading locomotive train from naver: 96 / 120
Downloading locomotive train from naver: 97 / 120
Downloading locomotive train from naver: 98 / 120
Downloading locomotive train from naver: 99 / 120
Downloading locomotive train from naver: 100 / 120
Downloading locomotive train from naver: 101 / 120
Downloading locomotive train from naver: 102 / 120
Downloading locomotive train from naver: 103 / 120
Downloading locomotive train from naver: 104 / 120
Downloading locomotive train from naver: 105 / 120
Downloading locomotive train from naver: 106 / 120
Downloading locomotive train from naver: 107 / 120
Downloading locomotive train from naver: 108 / 120
Downloading locomotive train from naver: 109 / 120
Downloading locomotive train from naver: 110 / 120
Downloading locomotive train from naver: 111 / 120
Downloading locomotive train from naver: 112 / 120
Downloading locomotive train from naver: 113 / 120
Downloading locomotive train from naver: 114 / 120
Downloading locomotive train from naver: 115 / 120
Downloading locomotive train from naver: 116 / 120
Downloading locomotive train from naver: 117 / 120
Downloading locomotive train from naver: 118 / 120
Downloading locomotive train from naver: 119 / 120
Downloading locomotive train from naver: 120 / 120
Done naver : locomotive train
_________________________________
Current web-browser version:	148.0.7778.168
Current chrome-driver version:	148.0.7778.167
_________________________________
Collecting links... train from google
Scrolling down
Scraping links
Collect links done. Site: google, Keyword: train, Total: 0
Downloading images from collected links... train from google
Done google : train
_________________________________
Current web-browser version:	148.0.7778.168
Current chrome-driver version:	148.0.7778.167
_________________________________
Collecting links... train on railway from naver
Scrolling down
Scraping links
Collect links done. Site: naver, Keyword: train on railway, Total: 490
Downloading images from collected links... train on railway from naver
Downloading train on railway from naver: 1 / 120
Downloading train on railway from naver: 2 / 120
Downloading train on railway from naver: 3 / 120
Downloading train on railway from naver: 4 / 120
Downloading train on railway from naver: 5 / 120
Downloading train on railway from naver: 6 / 120
Downloading train on railway from naver: 7 / 120
Downloading train on railway from naver: 8 / 120
Downloading train on railway from naver: 9 / 120
Downloading train on railway from naver: 10 / 120
Downloading train on railway from naver: 11 / 120
Downloading train on railway from naver: 12 / 120
Downloading train on railway from naver: 13 / 120
Downloading train on railway from naver: 14 / 120
Downloading train on railway from naver: 15 / 120
Downloading train on railway from naver: 16 / 120
Downloading train on railway from naver: 17 / 120
Downloading train on railway from naver: 18 / 120
Downloading train on railway from naver: 19 / 120
Downloading train on railway from naver: 20 / 120
Downloading train on railway from naver: 21 / 120
Downloading train on railway from naver: 22 / 120
Downloading train on railway from naver: 23 / 120
Downloading train on railway from naver: 24 / 120
Downloading train on railway from naver: 25 / 120
Downloading train on railway from naver: 26 / 120
Downloading train on railway from naver: 27 / 120
Downloading train on railway from naver: 28 / 120
Downloading train on railway from naver: 29 / 120
Downloading train on railway from naver: 30 / 120
Downloading train on railway from naver: 31 / 120
Downloading train on railway from naver: 32 / 120
Downloading train on railway from naver: 33 / 120
Downloading train on railway from naver: 34 / 120
Downloading train on railway from naver: 35 / 120
Downloading train on railway from naver: 36 / 120
Downloading train on railway from naver: 37 / 120
Downloading train on railway from naver: 38 / 120
Downloading train on railway from naver: 39 / 120
Downloading train on railway from naver: 40 / 120
Downloading train on railway from naver: 41 / 120
Downloading train on railway from naver: 42 / 120
Downloading train on railway from naver: 43 / 120
Downloading train on railway from naver: 44 / 120
Downloading train on railway from naver: 45 / 120
Downloading train on railway from naver: 46 / 120
Downloading train on railway from naver: 47 / 120
Downloading train on railway from naver: 48 / 120
Downloading train on railway from naver: 49 / 120
Downloading train on railway from naver: 50 / 120
Downloading train on railway from naver: 51 / 120
Downloading train on railway from naver: 52 / 120
Options - skip:False, threads:4, google:True, naver:True, full_resolution:False, face:False, no_gui:False, limit:120, _proxy_list:['']
8 keywords found: ['commuter train', 'freight train', 'high speed train', 'locomotive train', 'passenger train', 'railway train', 'train', 'train on railway']
Task ended. Pool join.
Data imbalance checking...
dir: download/commuter train, file_count: 122
dir: download/freight train, file_count: 122
dir: download/high speed train, file_count: 122
dir: download/locomotive train, file_count: 122
dir: download/passenger train, file_count: 122
dir: download/railway train, file_count: 122
dir: download/train, file_count: 122
dir: download/train on railway, file_count: 122
Data imbalance not detected.
End Program
Project root: D:\Workspace\Nam4\KHDL\vehicle-classification\traffic_vehicle_classification
Selected sources: duckduckgo, google, naver
Target raw images per label: 600
[START] train: current=300, target=600
[AutoCrawler] train: crawling from google, naver
[DONE] train: raw_count=600

[Crawl] label=truck, current_raw=300, next_raw_goal=600

$ C:\Users\Admin\AppData\Local\Programs\Python\Python310\python.exe scripts/crawl_images.py --labels truck --sources google,naver,duckduckgo --limit-per-label 600
_________________________________
Current web-browser version:	148.0.7778.168
Current chrome-driver version:	148.0.7778.167
_________________________________
Collecting links... cargo truck from naver
Scrolling down
Scraping links
Collect links done. Site: naver, Keyword: cargo truck, Total: 490
Downloading images from collected links... cargo truck from naver
Downloading cargo truck from naver: 1 / 120
Downloading cargo truck from naver: 2 / 120
Downloading cargo truck from naver: 3 / 120
Downloading cargo truck from naver: 4 / 120
Downloading cargo truck from naver: 5 / 120
Downloading cargo truck from naver: 6 / 120
Downloading cargo truck from naver: 7 / 120
Downloading cargo truck from naver: 8 / 120
Downloading cargo truck from naver: 9 / 120
Downloading cargo truck from naver: 10 / 120
Downloading cargo truck from naver: 11 / 120
Downloading cargo truck from naver: 12 / 120
Downloading cargo truck from naver: 13 / 120
Downloading cargo truck from naver: 14 / 120
Downloading cargo truck from naver: 15 / 120
Downloading cargo truck from naver: 16 / 120
Downloading cargo truck from naver: 17 / 120
Downloading cargo truck from naver: 18 / 120
Downloading cargo truck from naver: 19 / 120
Downloading cargo truck from naver: 20 / 120
Downloading cargo truck from naver: 21 / 120
Downloading cargo truck from naver: 22 / 120
Downloading cargo truck from naver: 23 / 120
Downloading cargo truck from naver: 24 / 120
Downloading cargo truck from naver: 25 / 120
Downloading cargo truck from naver: 26 / 120
Downloading cargo truck from naver: 27 / 120
Downloading cargo truck from naver: 28 / 120
Downloading cargo truck from naver: 29 / 120
Downloading cargo truck from naver: 30 / 120
Downloading cargo truck from naver: 31 / 120
Downloading cargo truck from naver: 32 / 120
Downloading cargo truck from naver: 33 / 120
Downloading cargo truck from naver: 34 / 120
Downloading cargo truck from naver: 35 / 120
Downloading cargo truck from naver: 36 / 120
Downloading cargo truck from naver: 37 / 120
Downloading cargo truck from naver: 38 / 120
Downloading cargo truck from naver: 39 / 120
Downloading cargo truck from naver: 40 / 120
Downloading cargo truck from naver: 41 / 120
Downloading cargo truck from naver: 42 / 120
Downloading cargo truck from naver: 43 / 120
Downloading cargo truck from naver: 44 / 120
Downloading cargo truck from naver: 45 / 120
Downloading cargo truck from naver: 46 / 120
Downloading cargo truck from naver: 47 / 120
Downloading cargo truck from naver: 48 / 120
Downloading cargo truck from naver: 49 / 120
Downloading cargo truck from naver: 50 / 120
Downloading cargo truck from naver: 51 / 120
Downloading cargo truck from naver: 52 / 120
Downloading cargo truck from naver: 53 / 120
Downloading cargo truck from naver: 54 / 120
Downloading cargo truck from naver: 55 / 120
Downloading cargo truck from naver: 56 / 120
Downloading cargo truck from naver: 57 / 120
Downloading cargo truck from naver: 58 / 120
Downloading cargo truck from naver: 59 / 120
Downloading cargo truck from naver: 60 / 120
Downloading cargo truck from naver: 61 / 120
Downloading cargo truck from naver: 62 / 120
Downloading cargo truck from naver: 63 / 120
Downloading cargo truck from naver: 64 / 120
Downloading cargo truck from naver: 65 / 120
Downloading cargo truck from naver: 66 / 120
Downloading cargo truck from naver: 67 / 120
Downloading cargo truck from naver: 68 / 120
Downloading cargo truck from naver: 69 / 120
Downloading cargo truck from naver: 70 / 120
Downloading cargo truck from naver: 71 / 120
Downloading cargo truck from naver: 72 / 120
Downloading cargo truck from naver: 73 / 120
Downloading cargo truck from naver: 74 / 120
Downloading cargo truck from naver: 75 / 120
Downloading cargo truck from naver: 76 / 120
Downloading cargo truck from naver: 77 / 120
Downloading cargo truck from naver: 78 / 120
Downloading cargo truck from naver: 79 / 120
Downloading cargo truck from naver: 80 / 120
Downloading cargo truck from naver: 81 / 120
Downloading cargo truck from naver: 82 / 120
Downloading cargo truck from naver: 83 / 120
Downloading cargo truck from naver: 84 / 120
Downloading cargo truck from naver: 85 / 120
Downloading cargo truck from naver: 86 / 120
Downloading cargo truck from naver: 87 / 120
Downloading cargo truck from naver: 88 / 120
Downloading cargo truck from naver: 89 / 120
Downloading cargo truck from naver: 90 / 120
Downloading cargo truck from naver: 91 / 120
Downloading cargo truck from naver: 92 / 120
Downloading cargo truck from naver: 93 / 120
Downloading cargo truck from naver: 94 / 120
Downloading cargo truck from naver: 95 / 120
Downloading cargo truck from naver: 96 / 120
Downloading cargo truck from naver: 97 / 120
Downloading cargo truck from naver: 98 / 120
Downloading cargo truck from naver: 99 / 120
Downloading cargo truck from naver: 100 / 120
Downloading cargo truck from naver: 101 / 120
Downloading cargo truck from naver: 102 / 120
Downloading cargo truck from naver: 103 / 120
Downloading cargo truck from naver: 104 / 120
Downloading cargo truck from naver: 105 / 120
Downloading cargo truck from naver: 106 / 120
Downloading cargo truck from naver: 107 / 120
Downloading cargo truck from naver: 108 / 120
Downloading cargo truck from naver: 109 / 120
Downloading cargo truck from naver: 110 / 120
Downloading cargo truck from naver: 111 / 120
Downloading cargo truck from naver: 112 / 120
Downloading cargo truck from naver: 113 / 120
Downloading cargo truck from naver: 114 / 120
Downloading cargo truck from naver: 115 / 120
Downloading cargo truck from naver: 116 / 120
Downloading cargo truck from naver: 117 / 120
Downloading cargo truck from naver: 118 / 120
Downloading cargo truck from naver: 119 / 120
Downloading cargo truck from naver: 120 / 120
Done naver : cargo truck
_________________________________
Current web-browser version:	148.0.7778.168
Current chrome-driver version:	148.0.7778.167
_________________________________
Collecting links... freight truck from google
Scrolling down
Scraping links
Collect links done. Site: google, Keyword: freight truck, Total: 0
Downloading images from collected links... freight truck from google
Done google : freight truck
_________________________________
Current web-browser version:	148.0.7778.168
Current chrome-driver version:	148.0.7778.167
_________________________________
Collecting links... pickup truck from naver
Scrolling down
Scraping links
Collect links done. Site: naver, Keyword: pickup truck, Total: 489
Downloading images from collected links... pickup truck from naver
Downloading pickup truck from naver: 1 / 120
Downloading pickup truck from naver: 2 / 120
Downloading pickup truck from naver: 3 / 120
Downloading pickup truck from naver: 4 / 120
Downloading pickup truck from naver: 5 / 120
Downloading pickup truck from naver: 6 / 120
Downloading pickup truck from naver: 7 / 120
Downloading pickup truck from naver: 8 / 120
Downloading pickup truck from naver: 9 / 120
Downloading pickup truck from naver: 10 / 120
Downloading pickup truck from naver: 11 / 120
Downloading pickup truck from naver: 12 / 120
Downloading pickup truck from naver: 13 / 120
Downloading pickup truck from naver: 14 / 120
Downloading pickup truck from naver: 15 / 120
Downloading pickup truck from naver: 16 / 120
Downloading pickup truck from naver: 17 / 120
Downloading pickup truck from naver: 18 / 120
Downloading pickup truck from naver: 19 / 120
Downloading pickup truck from naver: 20 / 120
Downloading pickup truck from naver: 21 / 120
Downloading pickup truck from naver: 22 / 120
Downloading pickup truck from naver: 23 / 120
Downloading pickup truck from naver: 24 / 120
Downloading pickup truck from naver: 25 / 120
Downloading pickup truck from naver: 26 / 120
Downloading pickup truck from naver: 27 / 120
Downloading pickup truck from naver: 28 / 120
Downloading pickup truck from naver: 29 / 120
Downloading pickup truck from naver: 30 / 120
Downloading pickup truck from naver: 31 / 120
_________________________________
Current web-browser version:	148.0.7778.168
Current chrome-driver version:	148.0.7778.167
_________________________________
Collecting links... cargo truck from google
Scrolling down
Scraping links
Collect links done. Site: google, Keyword: cargo truck, Total: 0
Downloading images from collected links... cargo truck from google
Done google : cargo truck
_________________________________
Current web-browser version:	148.0.7778.168
Current chrome-driver version:	148.0.7778.167
_________________________________
Collecting links... delivery truck from google
Scrolling down
Scraping links
Collect links done. Site: google, Keyword: delivery truck, Total: 0
Downloading images from collected links... delivery truck from google
Done google : delivery truck
_________________________________
Current web-browser version:	148.0.7778.168
Current chrome-driver version:	148.0.7778.167
_________________________________
Collecting links... pickup truck from google
Scrolling down
Scraping links
Collect links done. Site: google, Keyword: pickup truck, Total: 0
Downloading images from collected links... pickup truck from google
Done google : pickup truck
_________________________________
Current web-browser version:	148.0.7778.168
Current chrome-driver version:	148.0.7778.167
_________________________________
Collecting links... semi truck from naver
Scrolling down
Scraping links
Collect links done. Site: naver, Keyword: semi truck, Total: 485
Downloading images from collected links... semi truck from naver
Downloading semi truck from naver: 1 / 120
Downloading semi truck from naver: 2 / 120
Downloading semi truck from naver: 3 / 120
Downloading semi truck from naver: 4 / 120
Downloading semi truck from naver: 5 / 120
Downloading semi truck from naver: 6 / 120
Downloading semi truck from naver: 7 / 120
Downloading semi truck from naver: 8 / 120
Downloading semi truck from naver: 9 / 120
Downloading semi truck from naver: 10 / 120
Downloading semi truck from naver: 11 / 120
Downloading semi truck from naver: 12 / 120
Downloading semi truck from naver: 13 / 120
Downloading semi truck from naver: 14 / 120
Downloading semi truck from naver: 15 / 120
Downloading semi truck from naver: 16 / 120
Downloading semi truck from naver: 17 / 120
Downloading semi truck from naver: 18 / 120
Downloading semi truck from naver: 19 / 120
Downloading semi truck from naver: 20 / 120
Downloading semi truck from naver: 21 / 120
Downloading semi truck from naver: 22 / 120
Downloading semi truck from naver: 23 / 120
Downloading semi truck from naver: 24 / 120
Downloading semi truck from naver: 25 / 120
Downloading semi truck from naver: 26 / 120
Downloading semi truck from naver: 27 / 120
Downloading semi truck from naver: 28 / 120
Downloading semi truck from naver: 29 / 120
Downloading semi truck from naver: 30 / 120
Downloading semi truck from naver: 31 / 120
Downloading semi truck from naver: 32 / 120
Downloading semi truck from naver: 33 / 120
Downloading semi truck from naver: 34 / 120
Downloading semi truck from naver: 35 / 120
Downloading semi truck from naver: 36 / 120
Downloading semi truck from naver: 37 / 120
Downloading semi truck from naver: 38 / 120
Downloading semi truck from naver: 39 / 120
Downloading semi truck from naver: 40 / 120
Downloading semi truck from naver: 41 / 120
Downloading semi truck from naver: 42 / 120
Downloading semi truck from naver: 43 / 120
Downloading semi truck from naver: 44 / 120
Downloading semi truck from naver: 45 / 120
Downloading semi truck from naver: 46 / 120
Downloading semi truck from naver: 47 / 120
Downloading semi truck from naver: 48 / 120
Downloading semi truck from naver: 49 / 120
Downloading semi truck from naver: 50 / 120
Downloading semi truck from naver: 51 / 120
Downloading semi truck from naver: 52 / 120
Downloading semi truck from naver: 53 / 120
Downloading semi truck from naver: 54 / 120
Downloading semi truck from naver: 55 / 120
Downloading semi truck from naver: 56 / 120
Downloading semi truck from naver: 57 / 120
Downloading semi truck from naver: 58 / 120
Downloading semi truck from naver: 59 / 120
Downloading semi truck from naver: 60 / 120
Downloading semi truck from naver: 61 / 120
Downloading semi truck from naver: 62 / 120
Downloading semi truck from naver: 63 / 120
Downloading semi truck from naver: 64 / 120
Downloading semi truck from naver: 65 / 120
Downloading semi truck from naver: 66 / 120
Downloading semi truck from naver: 67 / 120
Downloading semi truck from naver: 68 / 120
Downloading semi truck from naver: 69 / 120
Downloading semi truck from naver: 70 / 120
Downloading semi truck from naver: 71 / 120
Downloading semi truck from naver: 72 / 120
Downloading semi truck from naver: 73 / 120
Downloading semi truck from naver: 74 / 120
Downloading semi truck from naver: 75 / 120
Downloading semi truck from naver: 76 / 120
Downloading semi truck from naver: 77 / 120
Downloading semi truck from naver: 78 / 120
Downloading semi truck from naver: 79 / 120
Downloading semi truck from naver: 80 / 120
Downloading semi truck from naver: 81 / 120
Downloading semi truck from naver: 82 / 120
Downloading semi truck from naver: 83 / 120
Downloading semi truck from naver: 84 / 120
Downloading semi truck from naver: 85 / 120
Downloading semi truck from naver: 86 / 120
Downloading semi truck from naver: 87 / 120
Downloading semi truck from naver: 88 / 120
Downloading semi truck from naver: 89 / 120
Downloading semi truck from naver: 90 / 120
Downloading semi truck from naver: 91 / 120
Downloading semi truck from naver: 92 / 120
Downloading semi truck from naver: 93 / 120
Downloading semi truck from naver: 94 / 120
Downloading semi truck from naver: 95 / 120
Downloading semi truck from naver: 96 / 120
Downloading semi truck from naver: 97 / 120
Downloading semi truck from naver: 98 / 120
Downloading semi truck from naver: 99 / 120
Downloading semi truck from naver: 100 / 120
Downloading semi truck from naver: 101 / 120
Downloading semi truck from naver: 102 / 120
Downloading semi truck from naver: 103 / 120
Downloading semi truck from naver: 104 / 120
Downloading semi truck from naver: 105 / 120
Downloading semi truck from naver: 106 / 120
Downloading semi truck from naver: 107 / 120
Downloading semi truck from naver: 108 / 120
Downloading semi truck from naver: 109 / 120
Downloading semi truck from naver: 110 / 120
Downloading semi truck from naver: 111 / 120
Downloading semi truck from naver: 112 / 120
Downloading semi truck from naver: 113 / 120
Downloading semi truck from naver: 114 / 120
Downloading semi truck from naver: 115 / 120
Downloading semi truck from naver: 116 / 120
Downloading semi truck from naver: 117 / 120
Downloading semi truck from naver: 118 / 120
Downloading semi truck from naver: 119 / 120
Downloading semi truck from naver: 120 / 120
Done naver : semi truck
_________________________________
Current web-browser version:	148.0.7778.168
Current chrome-driver version:	148.0.7778.167
_________________________________
Collecting links... box truck from naver
Scrolling down
Scraping links
Collect links done. Site: naver, Keyword: box truck, Total: 486
Downloading images from collected links... box truck from naver
Downloading box truck from naver: 1 / 120
Downloading box truck from naver: 2 / 120
Downloading box truck from naver: 3 / 120
Downloading box truck from naver: 4 / 120
Downloading box truck from naver: 5 / 120
Downloading box truck from naver: 6 / 120
Downloading box truck from naver: 7 / 120
Downloading box truck from naver: 8 / 120
Downloading box truck from naver: 9 / 120
Downloading box truck from naver: 10 / 120
Downloading box truck from naver: 11 / 120
Downloading box truck from naver: 12 / 120
Downloading box truck from naver: 13 / 120
Downloading box truck from naver: 14 / 120
Downloading box truck from naver: 15 / 120
Downloading box truck from naver: 16 / 120
Downloading box truck from naver: 17 / 120
Downloading box truck from naver: 18 / 120
Downloading box truck from naver: 19 / 120
Downloading box truck from naver: 20 / 120
Downloading box truck from naver: 21 / 120
Downloading box truck from naver: 22 / 120
Downloading box truck from naver: 23 / 120
Downloading box truck from naver: 24 / 120
Downloading box truck from naver: 25 / 120
Downloading box truck from naver: 26 / 120
Downloading box truck from naver: 27 / 120
Downloading box truck from naver: 28 / 120
Downloading box truck from naver: 29 / 120
Downloading box truck from naver: 30 / 120
Downloading box truck from naver: 31 / 120
Downloading box truck from naver: 32 / 120
Downloading box truck from naver: 33 / 120
Downloading box truck from naver: 34 / 120
Downloading box truck from naver: 35 / 120
Downloading box truck from naver: 36 / 120
Downloading box truck from naver: 37 / 120
Downloading box truck from naver: 38 / 120
Downloading box truck from naver: 39 / 120
Downloading box truck from naver: 40 / 120
Downloading box truck from naver: 41 / 120
Downloading box truck from naver: 42 / 120
Downloading box truck from naver: 43 / 120
Downloading box truck from naver: 44 / 120
Downloading box truck from naver: 45 / 120
Downloading box truck from naver: 46 / 120
Downloading box truck from naver: 47 / 120
Downloading box truck from naver: 48 / 120
Downloading box truck from naver: 49 / 120
Downloading box truck from naver: 50 / 120
Downloading box truck from naver: 51 / 120
Downloading box truck from naver: 52 / 120
Downloading box truck from naver: 53 / 120
Downloading box truck from naver: 54 / 120
Downloading box truck from naver: 55 / 120
Downloading box truck from naver: 56 / 120
Downloading box truck from naver: 57 / 120
Downloading box truck from naver: 58 / 120
Downloading box truck from naver: 59 / 120
Downloading box truck from naver: 60 / 120
Downloading box truck from naver: 61 / 120
Downloading box truck from naver: 62 / 120
Downloading box truck from naver: 63 / 120
Downloading box truck from naver: 64 / 120
Downloading box truck from naver: 65 / 120
Downloading box truck from naver: 66 / 120
Downloading box truck from naver: 67 / 120
Downloading box truck from naver: 68 / 120
Downloading box truck from naver: 69 / 120
Downloading box truck from naver: 70 / 120
Downloading box truck from naver: 71 / 120
Downloading box truck from naver: 72 / 120
Downloading box truck from naver: 73 / 120
Downloading box truck from naver: 74 / 120
Downloading box truck from naver: 75 / 120
Downloading box truck from naver: 76 / 120
Downloading box truck from naver: 77 / 120
Downloading box truck from naver: 78 / 120
Downloading box truck from naver: 79 / 120
Downloading box truck from naver: 80 / 120
Downloading box truck from naver: 81 / 120
Downloading box truck from naver: 82 / 120
Downloading box truck from naver: 83 / 120
Downloading box truck from naver: 84 / 120
Downloading box truck from naver: 85 / 120
Downloading box truck from naver: 86 / 120
Downloading box truck from naver: 87 / 120
Downloading box truck from naver: 88 / 120
Downloading box truck from naver: 89 / 120
Downloading box truck from naver: 90 / 120
Downloading box truck from naver: 91 / 120
Downloading box truck from naver: 92 / 120
Downloading box truck from naver: 93 / 120
Downloading box truck from naver: 94 / 120
Downloading box truck from naver: 95 / 120
Downloading box truck from naver: 96 / 120
Downloading box truck from naver: 97 / 120
Downloading box truck from naver: 98 / 120
Downloading box truck from naver: 99 / 120
Downloading box truck from naver: 100 / 120
Downloading box truck from naver: 101 / 120
Downloading box truck from naver: 102 / 120
Downloading box truck from naver: 103 / 120
Downloading box truck from naver: 104 / 120
Downloading box truck from naver: 105 / 120
Downloading box truck from naver: 106 / 120
Downloading box truck from naver: 107 / 120
Downloading box truck from naver: 108 / 120
Downloading box truck from naver: 109 / 120
Downloading box truck from naver: 110 / 120
Downloading box truck from naver: 111 / 120
Downloading box truck from naver: 112 / 120
Downloading box truck from naver: 113 / 120
Downloading box truck from naver: 114 / 120
Downloading box truck from naver: 115 / 120
Downloading box truck from naver: 116 / 120
Downloading box truck from naver: 117 / 120
Downloading box truck from naver: 118 / 120
Downloading box truck from naver: 119 / 120
Downloading box truck from naver: 120 / 120
Done naver : box truck
_________________________________
Current web-browser version:	148.0.7778.168
Current chrome-driver version:	148.0.7778.167
_________________________________
Collecting links... freight truck from naver
Scrolling down
Scraping links
Collect links done. Site: naver, Keyword: freight truck, Total: 484
Downloading images from collected links... freight truck from naver
Downloading freight truck from naver: 1 / 120
Downloading freight truck from naver: 2 / 120
Downloading freight truck from naver: 3 / 120
Downloading freight truck from naver: 4 / 120
Downloading freight truck from naver: 5 / 120
Downloading freight truck from naver: 6 / 120
Downloading freight truck from naver: 7 / 120
Downloading freight truck from naver: 8 / 120
Downloading freight truck from naver: 9 / 120
Downloading freight truck from naver: 10 / 120
Downloading freight truck from naver: 11 / 120
Downloading freight truck from naver: 12 / 120
Downloading freight truck from naver: 13 / 120
Downloading freight truck from naver: 14 / 120
Downloading freight truck from naver: 15 / 120
Downloading freight truck from naver: 16 / 120
Downloading freight truck from naver: 17 / 120
Downloading freight truck from naver: 18 / 120
Downloading freight truck from naver: 19 / 120
Downloading freight truck from naver: 20 / 120
Downloading freight truck from naver: 21 / 120
Downloading freight truck from naver: 22 / 120
Downloading freight truck from naver: 23 / 120
Downloading freight truck from naver: 24 / 120
Downloading freight truck from naver: 25 / 120
Downloading freight truck from naver: 26 / 120
Downloading freight truck from naver: 27 / 120
Downloading freight truck from naver: 28 / 120
Downloading freight truck from naver: 29 / 120
Downloading freight truck from naver: 30 / 120
Downloading freight truck from naver: 31 / 120
Downloading freight truck from naver: 32 / 120
Downloading freight truck from naver: 33 / 120
Downloading freight truck from naver: 34 / 120
Downloading freight truck from naver: 35 / 120
Downloading freight truck from naver: 36 / 120
Downloading freight truck from naver: 37 / 120
Downloading freight truck from naver: 38 / 120
Downloading freight truck from naver: 39 / 120
Downloading freight truck from naver: 40 / 120
Downloading freight truck from naver: 41 / 120
Downloading freight truck from naver: 42 / 120
Downloading freight truck from naver: 43 / 120
Downloading freight truck from naver: 44 / 120
Options - skip:False, threads:4, google:True, naver:True, full_resolution:False, face:False, no_gui:False, limit:120, _proxy_list:['']
8 keywords found: ['box truck', 'cargo truck', 'delivery truck', 'freight truck', 'pickup truck', 'semi truck', 'truck', 'truck on road']
Task ended. Pool join.
Data imbalance checking...
dir: download/box truck, file_count: 122
dir: download/cargo truck, file_count: 122
dir: download/delivery truck, file_count: 122
dir: download/freight truck, file_count: 122
dir: download/pickup truck, file_count: 122
dir: download/semi truck, file_count: 122
dir: download/truck, file_count: 122
dir: download/truck on road, file_count: 122
Data imbalance not detected.
End Program
Project root: D:\Workspace\Nam4\KHDL\vehicle-classification\traffic_vehicle_classification
Selected sources: duckduckgo, google, naver
Target raw images per label: 600
[START] truck: current=300, target=600
[AutoCrawler] truck: crawling from google, naver
[DONE] truck: raw_count=600

$ C:\Users\Admin\AppData\Local\Programs\Python\Python310\python.exe scripts/remove_corrupted_images.py --overwrite
Cleaned: 6292
Rejected: 6
Report: D:\Workspace\Nam4\KHDL\vehicle-classification\traffic_vehicle_classification\reports\cleaning_report.csv

$ C:\Users\Admin\AppData\Local\Programs\Python\Python310\python.exe scripts/remove_duplicate_images.py --method phash --threshold 6 --action move
Kept images: 3407
Duplicates handled: 2885
Report: D:\Workspace\Nam4\KHDL\vehicle-classification\traffic_vehicle_classification\reports\duplicates.csv

$ C:\Users\Admin\AppData\Local\Programs\Python\Python310\python.exe scripts/dataset_statistics.py
Summary: D:\Workspace\Nam4\KHDL\vehicle-classification\traffic_vehicle_classification\reports\dataset_summary.csv
Details: D:\Workspace\Nam4\KHDL\vehicle-classification\traffic_vehicle_classification\reports\image_details.csv
Figures: D:\Workspace\Nam4\KHDL\vehicle-classification\traffic_vehicle_classification\reports\figures

Before round 3
------------------------------------------------------------------------
label              raw   cleaned   missing      status
bicycle            855       670       830   NEED_MORE
boat               639       339      1161   NEED_MORE
bus                600       301      1199   NEED_MORE
car                604       304      1196   NEED_MORE
helicopter         600       304      1196   NEED_MORE
minibus            600       306      1194   NEED_MORE
motorcycle         600       298      1202   NEED_MORE
taxi               600       303      1197   NEED_MORE
train              600       289      1211   NEED_MORE
truck              600       293      1207   NEED_MORE

[Crawl] label=bicycle, current_raw=855, next_raw_goal=1155

$ C:\Users\Admin\AppData\Local\Programs\Python\Python310\python.exe scripts/crawl_images.py --labels bicycle --sources google,naver,duckduckgo --limit-per-label 1155
_________________________________
Current web-browser version:	148.0.7778.168
Current chrome-driver version:	148.0.7778.167
_________________________________
Collecting links... bicycle on road from naver
Scrolling down
Scraping links
Collect links done. Site: naver, Keyword: bicycle on road, Total: 494
Downloading images from collected links... bicycle on road from naver
Downloading bicycle on road from naver: 1 / 120
Downloading bicycle on road from naver: 2 / 120
Downloading bicycle on road from naver: 3 / 120
Downloading bicycle on road from naver: 4 / 120
Downloading bicycle on road from naver: 5 / 120
Downloading bicycle on road from naver: 6 / 120
Downloading bicycle on road from naver: 7 / 120
Downloading bicycle on road from naver: 8 / 120
Downloading bicycle on road from naver: 9 / 120
Downloading bicycle on road from naver: 10 / 120
Downloading bicycle on road from naver: 11 / 120
Downloading bicycle on road from naver: 12 / 120
Downloading bicycle on road from naver: 13 / 120
Downloading bicycle on road from naver: 14 / 120
Downloading bicycle on road from naver: 15 / 120
Downloading bicycle on road from naver: 16 / 120
Downloading bicycle on road from naver: 17 / 120
Downloading bicycle on road from naver: 18 / 120
Downloading bicycle on road from naver: 19 / 120
Downloading bicycle on road from naver: 20 / 120
Downloading bicycle on road from naver: 21 / 120
Downloading bicycle on road from naver: 22 / 120
Downloading bicycle on road from naver: 23 / 120
Downloading bicycle on road from naver: 24 / 120
Downloading bicycle on road from naver: 25 / 120
Downloading bicycle on road from naver: 26 / 120
Downloading bicycle on road from naver: 27 / 120
Downloading bicycle on road from naver: 28 / 120
Downloading bicycle on road from naver: 29 / 120
Downloading bicycle on road from naver: 30 / 120
Downloading bicycle on road from naver: 31 / 120
Downloading bicycle on road from naver: 32 / 120
Downloading bicycle on road from naver: 33 / 120
Downloading bicycle on road from naver: 34 / 120
Downloading bicycle on road from naver: 35 / 120
Downloading bicycle on road from naver: 36 / 120
Downloading bicycle on road from naver: 37 / 120
Downloading bicycle on road from naver: 38 / 120
Downloading bicycle on road from naver: 39 / 120
Downloading bicycle on road from naver: 40 / 120
Downloading bicycle on road from naver: 41 / 120
Downloading bicycle on road from naver: 42 / 120
Downloading bicycle on road from naver: 43 / 120
Downloading bicycle on road from naver: 44 / 120
Downloading bicycle on road from naver: 45 / 120
Downloading bicycle on road from naver: 46 / 120
Downloading bicycle on road from naver: 47 / 120
Downloading bicycle on road from naver: 48 / 120
Downloading bicycle on road from naver: 49 / 120
Downloading bicycle on road from naver: 50 / 120
Downloading bicycle on road from naver: 51 / 120
Downloading bicycle on road from naver: 52 / 120
Downloading bicycle on road from naver: 53 / 120
Downloading bicycle on road from naver: 54 / 120
Downloading bicycle on road from naver: 55 / 120
Downloading bicycle on road from naver: 56 / 120
Downloading bicycle on road from naver: 57 / 120
Downloading bicycle on road from naver: 58 / 120
Downloading bicycle on road from naver: 59 / 120
Downloading bicycle on road from naver: 60 / 120
Downloading bicycle on road from naver: 61 / 120
Downloading bicycle on road from naver: 62 / 120
Downloading bicycle on road from naver: 63 / 120
Downloading bicycle on road from naver: 64 / 120
Downloading bicycle on road from naver: 65 / 120
Downloading bicycle on road from naver: 66 / 120
Downloading bicycle on road from naver: 67 / 120
Downloading bicycle on road from naver: 68 / 120
Downloading bicycle on road from naver: 69 / 120
Downloading bicycle on road from naver: 70 / 120
Downloading bicycle on road from naver: 71 / 120
Downloading bicycle on road from naver: 72 / 120
Downloading bicycle on road from naver: 73 / 120
Downloading bicycle on road from naver: 74 / 120
Downloading bicycle on road from naver: 75 / 120
Downloading bicycle on road from naver: 76 / 120
Downloading bicycle on road from naver: 77 / 120
Downloading bicycle on road from naver: 78 / 120
Downloading bicycle on road from naver: 79 / 120
Downloading bicycle on road from naver: 80 / 120
Downloading bicycle on road from naver: 81 / 120
Downloading bicycle on road from naver: 82 / 120
Downloading bicycle on road from naver: 83 / 120
Downloading bicycle on road from naver: 84 / 120
Downloading bicycle on road from naver: 85 / 120
Downloading bicycle on road from naver: 86 / 120
Downloading bicycle on road from naver: 87 / 120
Downloading bicycle on road from naver: 88 / 120
Downloading bicycle on road from naver: 89 / 120
Downloading bicycle on road from naver: 90 / 120
Downloading bicycle on road from naver: 91 / 120
Downloading bicycle on road from naver: 92 / 120
Downloading bicycle on road from naver: 93 / 120
Downloading bicycle on road from naver: 94 / 120
Downloading bicycle on road from naver: 95 / 120
Downloading bicycle on road from naver: 96 / 120
Downloading bicycle on road from naver: 97 / 120
Downloading bicycle on road from naver: 98 / 120
Downloading bicycle on road from naver: 99 / 120
Downloading bicycle on road from naver: 100 / 120
Downloading bicycle on road from naver: 101 / 120
Downloading bicycle on road from naver: 102 / 120
Downloading bicycle on road from naver: 103 / 120
Downloading bicycle on road from naver: 104 / 120
Downloading bicycle on road from naver: 105 / 120
Downloading bicycle on road from naver: 106 / 120
Downloading bicycle on road from naver: 107 / 120
Downloading bicycle on road from naver: 108 / 120
Downloading bicycle on road from naver: 109 / 120
Downloading bicycle on road from naver: 110 / 120
Downloading bicycle on road from naver: 111 / 120
Downloading bicycle on road from naver: 112 / 120
Downloading bicycle on road from naver: 113 / 120
Downloading bicycle on road from naver: 114 / 120
Downloading bicycle on road from naver: 115 / 120
Downloading bicycle on road from naver: 116 / 120
Downloading bicycle on road from naver: 117 / 120
Renamed extension jpg -> png
Downloading bicycle on road from naver: 118 / 120
Downloading bicycle on road from naver: 119 / 120
Downloading bicycle on road from naver: 120 / 120
Done naver : bicycle on road
_________________________________
Current web-browser version:	148.0.7778.168
Current chrome-driver version:	148.0.7778.167
_________________________________
Collecting links... city bicycle from google
Scrolling down
Scraping links
Collect links done. Site: google, Keyword: city bicycle, Total: 0
Downloading images from collected links... city bicycle from google
Done google : city bicycle
_________________________________
Current web-browser version:	148.0.7778.168
Current chrome-driver version:	148.0.7778.167
_________________________________
Collecting links... electric bicycle from naver
Scrolling down
Scraping links
Collect links done. Site: naver, Keyword: electric bicycle, Total: 480
Downloading images from collected links... electric bicycle from naver
Downloading electric bicycle from naver: 1 / 120
Downloading electric bicycle from naver: 2 / 120
Downloading electric bicycle from naver: 3 / 120
Downloading electric bicycle from naver: 4 / 120
Downloading electric bicycle from naver: 5 / 120
Downloading electric bicycle from naver: 6 / 120
Downloading electric bicycle from naver: 7 / 120
Downloading electric bicycle from naver: 8 / 120
Downloading electric bicycle from naver: 9 / 120
Downloading electric bicycle from naver: 10 / 120
Downloading electric bicycle from naver: 11 / 120
Downloading electric bicycle from naver: 12 / 120
Downloading electric bicycle from naver: 13 / 120
Downloading electric bicycle from naver: 14 / 120
Downloading electric bicycle from naver: 15 / 120
Downloading electric bicycle from naver: 16 / 120
Downloading electric bicycle from naver: 17 / 120
Downloading electric bicycle from naver: 18 / 120
_________________________________
Current web-browser version:	148.0.7778.168
Current chrome-driver version:	148.0.7778.167
_________________________________
Collecting links... bicycle on road from google
Scrolling down
Scraping links
Collect links done. Site: google, Keyword: bicycle on road, Total: 0
Downloading images from collected links... bicycle on road from google
Done google : bicycle on road
_________________________________
Current web-browser version:	148.0.7778.168
Current chrome-driver version:	148.0.7778.167
_________________________________
Collecting links... bike vehicle from google
Scrolling down
Scraping links
Collect links done. Site: google, Keyword: bike vehicle, Total: 0
Downloading images from collected links... bike vehicle from google
Done google : bike vehicle
_________________________________
Current web-browser version:	148.0.7778.168
Current chrome-driver version:	148.0.7778.167
_________________________________
Collecting links... electric bicycle from google
Scrolling down
Scraping links
Collect links done. Site: google, Keyword: electric bicycle, Total: 0
Downloading images from collected links... electric bicycle from google
Done google : electric bicycle
_________________________________
Current web-browser version:	148.0.7778.168
Current chrome-driver version:	148.0.7778.167
_________________________________
Collecting links... mountain bicycle from naver
Scrolling down
Scraping links
Collect links done. Site: naver, Keyword: mountain bicycle, Total: 484
Downloading images from collected links... mountain bicycle from naver
Downloading mountain bicycle from naver: 1 / 120
Downloading mountain bicycle from naver: 2 / 120
Downloading mountain bicycle from naver: 3 / 120
Downloading mountain bicycle from naver: 4 / 120
Downloading mountain bicycle from naver: 5 / 120
Downloading mountain bicycle from naver: 6 / 120
Downloading mountain bicycle from naver: 7 / 120
Downloading mountain bicycle from naver: 8 / 120
Downloading mountain bicycle from naver: 9 / 120
Downloading mountain bicycle from naver: 10 / 120
Downloading mountain bicycle from naver: 11 / 120
Downloading mountain bicycle from naver: 12 / 120
Downloading mountain bicycle from naver: 13 / 120
Downloading mountain bicycle from naver: 14 / 120
Downloading mountain bicycle from naver: 15 / 120
Downloading mountain bicycle from naver: 16 / 120
Downloading mountain bicycle from naver: 17 / 120
Downloading mountain bicycle from naver: 18 / 120
Downloading mountain bicycle from naver: 19 / 120
Downloading mountain bicycle from naver: 20 / 120
Downloading mountain bicycle from naver: 21 / 120
Downloading mountain bicycle from naver: 22 / 120
Downloading mountain bicycle from naver: 23 / 120
Downloading mountain bicycle from naver: 24 / 120
Downloading mountain bicycle from naver: 25 / 120
Downloading mountain bicycle from naver: 26 / 120
Downloading mountain bicycle from naver: 27 / 120
Downloading mountain bicycle from naver: 28 / 120
Downloading mountain bicycle from naver: 29 / 120
Downloading mountain bicycle from naver: 30 / 120
Downloading mountain bicycle from naver: 31 / 120
Downloading mountain bicycle from naver: 32 / 120
Downloading mountain bicycle from naver: 33 / 120
Downloading mountain bicycle from naver: 34 / 120
Downloading mountain bicycle from naver: 35 / 120
Downloading mountain bicycle from naver: 36 / 120
Downloading mountain bicycle from naver: 37 / 120
Downloading mountain bicycle from naver: 38 / 120
Downloading mountain bicycle from naver: 39 / 120
Downloading mountain bicycle from naver: 40 / 120
Downloading mountain bicycle from naver: 41 / 120
Downloading mountain bicycle from naver: 42 / 120
Downloading mountain bicycle from naver: 43 / 120
Downloading mountain bicycle from naver: 44 / 120
Downloading mountain bicycle from naver: 45 / 120
Downloading mountain bicycle from naver: 46 / 120
Downloading mountain bicycle from naver: 47 / 120
Downloading mountain bicycle from naver: 48 / 120
Downloading mountain bicycle from naver: 49 / 120
Downloading mountain bicycle from naver: 50 / 120
Downloading mountain bicycle from naver: 51 / 120
Downloading mountain bicycle from naver: 52 / 120
Downloading mountain bicycle from naver: 53 / 120
Downloading mountain bicycle from naver: 54 / 120
Downloading mountain bicycle from naver: 55 / 120
Downloading mountain bicycle from naver: 56 / 120
Downloading mountain bicycle from naver: 57 / 120
Downloading mountain bicycle from naver: 58 / 120
Downloading mountain bicycle from naver: 59 / 120
Downloading mountain bicycle from naver: 60 / 120
Downloading mountain bicycle from naver: 61 / 120
Downloading mountain bicycle from naver: 62 / 120
Downloading mountain bicycle from naver: 63 / 120
Downloading mountain bicycle from naver: 64 / 120
Downloading mountain bicycle from naver: 65 / 120
Downloading mountain bicycle from naver: 66 / 120
Downloading mountain bicycle from naver: 67 / 120
Downloading mountain bicycle from naver: 68 / 120
Downloading mountain bicycle from naver: 69 / 120
Downloading mountain bicycle from naver: 70 / 120
Downloading mountain bicycle from naver: 71 / 120
Downloading mountain bicycle from naver: 72 / 120
Downloading mountain bicycle from naver: 73 / 120
Downloading mountain bicycle from naver: 74 / 120
Downloading mountain bicycle from naver: 75 / 120
Downloading mountain bicycle from naver: 76 / 120
Downloading mountain bicycle from naver: 77 / 120
Downloading mountain bicycle from naver: 78 / 120
Downloading mountain bicycle from naver: 79 / 120
Downloading mountain bicycle from naver: 80 / 120
Downloading mountain bicycle from naver: 81 / 120
Downloading mountain bicycle from naver: 82 / 120
Downloading mountain bicycle from naver: 83 / 120
Downloading mountain bicycle from naver: 84 / 120
Downloading mountain bicycle from naver: 85 / 120
Downloading mountain bicycle from naver: 86 / 120
Downloading mountain bicycle from naver: 87 / 120
Downloading mountain bicycle from naver: 88 / 120
Downloading mountain bicycle from naver: 89 / 120
Downloading mountain bicycle from naver: 90 / 120
Downloading mountain bicycle from naver: 91 / 120
Downloading mountain bicycle from naver: 92 / 120
Downloading mountain bicycle from naver: 93 / 120
Downloading mountain bicycle from naver: 94 / 120
Downloading mountain bicycle from naver: 95 / 120
Downloading mountain bicycle from naver: 96 / 120
Downloading mountain bicycle from naver: 97 / 120
Downloading mountain bicycle from naver: 98 / 120
Downloading mountain bicycle from naver: 99 / 120
Downloading mountain bicycle from naver: 100 / 120
Downloading mountain bicycle from naver: 101 / 120
Downloading mountain bicycle from naver: 102 / 120
Downloading mountain bicycle from naver: 103 / 120
Downloading mountain bicycle from naver: 104 / 120
Downloading mountain bicycle from naver: 105 / 120
Downloading mountain bicycle from naver: 106 / 120
Downloading mountain bicycle from naver: 107 / 120
Downloading mountain bicycle from naver: 108 / 120
Downloading mountain bicycle from naver: 109 / 120
Downloading mountain bicycle from naver: 110 / 120
Downloading mountain bicycle from naver: 111 / 120
Downloading mountain bicycle from naver: 112 / 120
Downloading mountain bicycle from naver: 113 / 120
Downloading mountain bicycle from naver: 114 / 120
Downloading mountain bicycle from naver: 115 / 120
Downloading mountain bicycle from naver: 116 / 120
Downloading mountain bicycle from naver: 117 / 120
Downloading mountain bicycle from naver: 118 / 120
Downloading mountain bicycle from naver: 119 / 120
Downloading mountain bicycle from naver: 120 / 120
Done naver : mountain bicycle
_________________________________
Current web-browser version:	148.0.7778.168
Current chrome-driver version:	148.0.7778.167
_________________________________
Collecting links... bicycle from google
Scrolling down
Scraping links
Collect links done. Site: google, Keyword: bicycle, Total: 0
Downloading images from collected links... bicycle from google
Done google : bicycle
_________________________________
Current web-browser version:	148.0.7778.168
Current chrome-driver version:	148.0.7778.167
_________________________________
Collecting links... bike vehicle from naver
Scrolling down
Scraping links
Collect links done. Site: naver, Keyword: bike vehicle, Total: 489
Downloading images from collected links... bike vehicle from naver
Downloading bike vehicle from naver: 1 / 120
Downloading bike vehicle from naver: 2 / 120
Downloading bike vehicle from naver: 3 / 120
Downloading bike vehicle from naver: 4 / 120
Downloading bike vehicle from naver: 5 / 120
Downloading bike vehicle from naver: 6 / 120
Downloading bike vehicle from naver: 7 / 120
Downloading bike vehicle from naver: 8 / 120
Downloading bike vehicle from naver: 9 / 120
Downloading bike vehicle from naver: 10 / 120
Downloading bike vehicle from naver: 11 / 120
Downloading bike vehicle from naver: 12 / 120
Downloading bike vehicle from naver: 13 / 120
Downloading bike vehicle from naver: 14 / 120
Downloading bike vehicle from naver: 15 / 120
Downloading bike vehicle from naver: 16 / 120
Downloading bike vehicle from naver: 17 / 120
Downloading bike vehicle from naver: 18 / 120
Downloading bike vehicle from naver: 19 / 120
Downloading bike vehicle from naver: 20 / 120
Downloading bike vehicle from naver: 21 / 120
Downloading bike vehicle from naver: 22 / 120
Downloading bike vehicle from naver: 23 / 120
Downloading bike vehicle from naver: 24 / 120
Downloading bike vehicle from naver: 25 / 120
Downloading bike vehicle from naver: 26 / 120
Downloading bike vehicle from naver: 27 / 120
Downloading bike vehicle from naver: 28 / 120
Downloading bike vehicle from naver: 29 / 120
Downloading bike vehicle from naver: 30 / 120
Downloading bike vehicle from naver: 31 / 120
Downloading bike vehicle from naver: 32 / 120
Downloading bike vehicle from naver: 33 / 120
Downloading bike vehicle from naver: 34 / 120
Downloading bike vehicle from naver: 35 / 120
Downloading bike vehicle from naver: 36 / 120
Downloading bike vehicle from naver: 37 / 120
Downloading bike vehicle from naver: 38 / 120
Downloading bike vehicle from naver: 39 / 120
Downloading bike vehicle from naver: 40 / 120
Downloading bike vehicle from naver: 41 / 120
Downloading bike vehicle from naver: 42 / 120
Downloading bike vehicle from naver: 43 / 120
Downloading bike vehicle from naver: 44 / 120
Downloading bike vehicle from naver: 45 / 120
Downloading bike vehicle from naver: 46 / 120
Downloading bike vehicle from naver: 47 / 120
Downloading bike vehicle from naver: 48 / 120
Downloading bike vehicle from naver: 49 / 120
Downloading bike vehicle from naver: 50 / 120
Downloading bike vehicle from naver: 51 / 120
Downloading bike vehicle from naver: 52 / 120
Downloading bike vehicle from naver: 53 / 120
Downloading bike vehicle from naver: 54 / 120
Downloading bike vehicle from naver: 55 / 120
Downloading bike vehicle from naver: 56 / 120
Downloading bike vehicle from naver: 57 / 120
Downloading bike vehicle from naver: 58 / 120
Downloading bike vehicle from naver: 59 / 120
Downloading bike vehicle from naver: 60 / 120
Downloading bike vehicle from naver: 61 / 120
Downloading bike vehicle from naver: 62 / 120
Downloading bike vehicle from naver: 63 / 120
Downloading bike vehicle from naver: 64 / 120
Downloading bike vehicle from naver: 65 / 120
Downloading bike vehicle from naver: 66 / 120
Downloading bike vehicle from naver: 67 / 120
Downloading bike vehicle from naver: 68 / 120
Downloading bike vehicle from naver: 69 / 120
Downloading bike vehicle from naver: 70 / 120
Downloading bike vehicle from naver: 71 / 120
Downloading bike vehicle from naver: 72 / 120
Downloading bike vehicle from naver: 73 / 120
Downloading bike vehicle from naver: 74 / 120
Downloading bike vehicle from naver: 75 / 120
Downloading bike vehicle from naver: 76 / 120
Downloading bike vehicle from naver: 77 / 120
Downloading bike vehicle from naver: 78 / 120
Downloading bike vehicle from naver: 79 / 120
Downloading bike vehicle from naver: 80 / 120
Downloading bike vehicle from naver: 81 / 120
Downloading bike vehicle from naver: 82 / 120
Downloading bike vehicle from naver: 83 / 120
Downloading bike vehicle from naver: 84 / 120
Downloading bike vehicle from naver: 85 / 120
Downloading bike vehicle from naver: 86 / 120
Downloading bike vehicle from naver: 87 / 120
Downloading bike vehicle from naver: 88 / 120
Downloading bike vehicle from naver: 89 / 120
Downloading bike vehicle from naver: 90 / 120
Downloading bike vehicle from naver: 91 / 120
Downloading bike vehicle from naver: 92 / 120
Downloading bike vehicle from naver: 93 / 120
Downloading bike vehicle from naver: 94 / 120
Downloading bike vehicle from naver: 95 / 120
Downloading bike vehicle from naver: 96 / 120
Downloading bike vehicle from naver: 97 / 120
Downloading bike vehicle from naver: 98 / 120
Downloading bike vehicle from naver: 99 / 120
Downloading bike vehicle from naver: 100 / 120
Downloading bike vehicle from naver: 101 / 120
Downloading bike vehicle from naver: 102 / 120
Downloading bike vehicle from naver: 103 / 120
Downloading bike vehicle from naver: 104 / 120
Downloading bike vehicle from naver: 105 / 120
Downloading bike vehicle from naver: 106 / 120
Downloading bike vehicle from naver: 107 / 120
Downloading bike vehicle from naver: 108 / 120
Downloading bike vehicle from naver: 109 / 120
Downloading bike vehicle from naver: 110 / 120
Downloading bike vehicle from naver: 111 / 120
Downloading bike vehicle from naver: 112 / 120
Downloading bike vehicle from naver: 113 / 120
Downloading bike vehicle from naver: 114 / 120
Downloading bike vehicle from naver: 115 / 120
Downloading bike vehicle from naver: 116 / 120
Downloading bike vehicle from naver: 117 / 120
Downloading bike vehicle from naver: 118 / 120
Downloading bike vehicle from naver: 119 / 120
Downloading bike vehicle from naver: 120 / 120
Done naver : bike vehicle
_________________________________
Current web-browser version:	148.0.7778.168
Current chrome-driver version:	148.0.7778.167
_________________________________
Collecting links... mountain bicycle from google
Scrolling down
Scraping links
Collect links done. Site: google, Keyword: mountain bicycle, Total: 0
Downloading images from collected links... mountain bicycle from google
Done google : mountain bicycle
_________________________________
Current web-browser version:	148.0.7778.168
Current chrome-driver version:	148.0.7778.167
_________________________________
Collecting links... racing bicycle from naver
Scrolling down
Scraping links
Collect links done. Site: naver, Keyword: racing bicycle, Total: 493
Downloading images from collected links... racing bicycle from naver
Downloading racing bicycle from naver: 1 / 120
Downloading racing bicycle from naver: 2 / 120
Downloading racing bicycle from naver: 3 / 120
Downloading racing bicycle from naver: 4 / 120
Downloading racing bicycle from naver: 5 / 120
Downloading racing bicycle from naver: 6 / 120
Downloading racing bicycle from naver: 7 / 120
Downloading racing bicycle from naver: 8 / 120
Downloading racing bicycle from naver: 9 / 120
Downloading racing bicycle from naver: 10 / 120
Downloading racing bicycle from naver: 11 / 120
Downloading racing bicycle from naver: 12 / 120
Downloading racing bicycle from naver: 13 / 120
Downloading racing bicycle from naver: 14 / 120
Downloading racing bicycle from naver: 15 / 120
Downloading racing bicycle from naver: 16 / 120
Downloading racing bicycle from naver: 17 / 120
Downloading racing bicycle from naver: 18 / 120
Downloading racing bicycle from naver: 19 / 120
Downloading electric bicycle from naver: 19 / 120
Downloading electric bicycle from naver: 20 / 120
Downloading electric bicycle from naver: 21 / 120
Downloading electric bicycle from naver: 22 / 120
Downloading electric bicycle from naver: 23 / 120
Downloading electric bicycle from naver: 24 / 120
Downloading electric bicycle from naver: 25 / 120
Downloading electric bicycle from naver: 26 / 120
Downloading electric bicycle from naver: 27 / 120
Downloading electric bicycle from naver: 28 / 120
Downloading electric bicycle from naver: 29 / 120
Downloading electric bicycle from naver: 30 / 120
Downloading electric bicycle from naver: 31 / 120
Downloading electric bicycle from naver: 32 / 120
Downloading electric bicycle from naver: 33 / 120
Downloading electric bicycle from naver: 34 / 120
Downloading electric bicycle from naver: 35 / 120
Downloading electric bicycle from naver: 36 / 120
Downloading electric bicycle from naver: 37 / 120
Downloading electric bicycle from naver: 38 / 120
Downloading electric bicycle from naver: 39 / 120
Downloading electric bicycle from naver: 40 / 120
Downloading electric bicycle from naver: 41 / 120
Downloading electric bicycle from naver: 42 / 120
Downloading electric bicycle from naver: 43 / 120
Downloading electric bicycle from naver: 44 / 120
Downloading electric bicycle from naver: 45 / 120
Downloading electric bicycle from naver: 46 / 120
Downloading electric bicycle from naver: 47 / 120
Downloading electric bicycle from naver: 48 / 120
Downloading electric bicycle from naver: 49 / 120
Downloading electric bicycle from naver: 50 / 120
Downloading electric bicycle from naver: 51 / 120
Downloading electric bicycle from naver: 52 / 120
Downloading electric bicycle from naver: 53 / 120
Downloading electric bicycle from naver: 54 / 120
Downloading electric bicycle from naver: 55 / 120
Downloading electric bicycle from naver: 56 / 120
Downloading electric bicycle from naver: 57 / 120
Downloading electric bicycle from naver: 58 / 120
Downloading electric bicycle from naver: 59 / 120
Downloading electric bicycle from naver: 60 / 120
Downloading electric bicycle from naver: 61 / 120
Downloading electric bicycle from naver: 62 / 120
Downloading electric bicycle from naver: 63 / 120
Downloading electric bicycle from naver: 64 / 120
Downloading electric bicycle from naver: 65 / 120
Downloading electric bicycle from naver: 66 / 120
Downloading electric bicycle from naver: 67 / 120
Downloading electric bicycle from naver: 68 / 120
Downloading electric bicycle from naver: 69 / 120
Downloading electric bicycle from naver: 70 / 120
Downloading electric bicycle from naver: 71 / 120
Downloading electric bicycle from naver: 72 / 120
Downloading electric bicycle from naver: 73 / 120
Downloading electric bicycle from naver: 74 / 120
Downloading electric bicycle from naver: 75 / 120
Downloading electric bicycle from naver: 76 / 120
Downloading electric bicycle from naver: 77 / 120
Downloading electric bicycle from naver: 78 / 120
Downloading electric bicycle from naver: 79 / 120
Downloading electric bicycle from naver: 80 / 120
Downloading electric bicycle from naver: 81 / 120
Downloading electric bicycle from naver: 82 / 120
Downloading electric bicycle from naver: 83 / 120
Downloading electric bicycle from naver: 84 / 120
Downloading electric bicycle from naver: 85 / 120
Downloading electric bicycle from naver: 86 / 120
Downloading electric bicycle from naver: 87 / 120
Downloading electric bicycle from naver: 88 / 120
Downloading electric bicycle from naver: 89 / 120
Downloading electric bicycle from naver: 90 / 120
Downloading electric bicycle from naver: 91 / 120
Downloading electric bicycle from naver: 92 / 120
Downloading electric bicycle from naver: 93 / 120
Downloading electric bicycle from naver: 94 / 120
Downloading electric bicycle from naver: 95 / 120
Downloading electric bicycle from naver: 96 / 120
Downloading electric bicycle from naver: 97 / 120
Downloading electric bicycle from naver: 98 / 120
Downloading electric bicycle from naver: 99 / 120
Downloading electric bicycle from naver: 100 / 120
Downloading electric bicycle from naver: 101 / 120
Downloading electric bicycle from naver: 102 / 120
Downloading electric bicycle from naver: 103 / 120
Downloading electric bicycle from naver: 104 / 120
Downloading electric bicycle from naver: 105 / 120
Downloading electric bicycle from naver: 106 / 120
Downloading electric bicycle from naver: 107 / 120
Downloading electric bicycle from naver: 108 / 120
Downloading electric bicycle from naver: 109 / 120
Downloading electric bicycle from naver: 110 / 120
Downloading electric bicycle from naver: 111 / 120
Downloading electric bicycle from naver: 112 / 120
Downloading electric bicycle from naver: 113 / 120
Downloading electric bicycle from naver: 114 / 120
Downloading electric bicycle from naver: 115 / 120
Downloading electric bicycle from naver: 116 / 120
Downloading electric bicycle from naver: 117 / 120
Downloading electric bicycle from naver: 118 / 120
Downloading electric bicycle from naver: 119 / 120
Downloading electric bicycle from naver: 120 / 120
Done naver : electric bicycle
_________________________________
Current web-browser version:	148.0.7778.168
Current chrome-driver version:	148.0.7778.167
_________________________________
Collecting links... road bicycle from naver
Scrolling down
Scraping links
Collect links done. Site: naver, Keyword: road bicycle, Total: 490
Downloading images from collected links... road bicycle from naver
Downloading road bicycle from naver: 1 / 120
Downloading road bicycle from naver: 2 / 120
Downloading road bicycle from naver: 3 / 120
Downloading road bicycle from naver: 4 / 120
Downloading road bicycle from naver: 5 / 120
Downloading road bicycle from naver: 6 / 120
Downloading road bicycle from naver: 7 / 120
Downloading road bicycle from naver: 8 / 120
Downloading road bicycle from naver: 9 / 120
Downloading road bicycle from naver: 10 / 120
Downloading road bicycle from naver: 11 / 120
Downloading road bicycle from naver: 12 / 120
Downloading road bicycle from naver: 13 / 120
Downloading road bicycle from naver: 14 / 120
Downloading road bicycle from naver: 15 / 120
Downloading road bicycle from naver: 16 / 120
Downloading road bicycle from naver: 17 / 120
Downloading road bicycle from naver: 18 / 120
Downloading road bicycle from naver: 19 / 120
Downloading road bicycle from naver: 20 / 120
Downloading road bicycle from naver: 21 / 120
Downloading road bicycle from naver: 22 / 120
Downloading road bicycle from naver: 23 / 120
Downloading road bicycle from naver: 24 / 120
Downloading road bicycle from naver: 25 / 120
Downloading road bicycle from naver: 26 / 120
Downloading road bicycle from naver: 27 / 120
Downloading road bicycle from naver: 28 / 120
Downloading road bicycle from naver: 29 / 120
Downloading road bicycle from naver: 30 / 120
Downloading road bicycle from naver: 31 / 120
Downloading road bicycle from naver: 32 / 120
Downloading road bicycle from naver: 33 / 120
Downloading road bicycle from naver: 34 / 120
Downloading road bicycle from naver: 35 / 120
Downloading road bicycle from naver: 36 / 120
Downloading road bicycle from naver: 37 / 120
Downloading road bicycle from naver: 38 / 120
Downloading road bicycle from naver: 39 / 120
Downloading road bicycle from naver: 40 / 120
Downloading road bicycle from naver: 41 / 120
Downloading road bicycle from naver: 42 / 120
Downloading road bicycle from naver: 43 / 120
Downloading road bicycle from naver: 44 / 120
Downloading road bicycle from naver: 45 / 120
Downloading road bicycle from naver: 46 / 120
Downloading road bicycle from naver: 47 / 120
Downloading road bicycle from naver: 48 / 120
Downloading road bicycle from naver: 49 / 120
Downloading road bicycle from naver: 50 / 120
Downloading road bicycle from naver: 51 / 120
Downloading road bicycle from naver: 52 / 120
Downloading road bicycle from naver: 53 / 120
Downloading road bicycle from naver: 54 / 120
Options - skip:False, threads:4, google:True, naver:True, full_resolution:False, face:False, no_gui:False, limit:120, _proxy_list:['']
8 keywords found: ['bicycle', 'bicycle on road', 'bike vehicle', 'city bicycle', 'electric bicycle', 'mountain bicycle', 'racing bicycle', 'road bicycle']
Task ended. Pool join.
Data imbalance checking...
dir: download/bicycle, file_count: 122
dir: download/bicycle on road, file_count: 122
dir: download/bike vehicle, file_count: 122
dir: download/city bicycle, file_count: 122
dir: download/electric bicycle, file_count: 122
dir: download/mountain bicycle, file_count: 122
dir: download/racing bicycle, file_count: 122
dir: download/road bicycle, file_count: 122
Data imbalance not detected.
End Program
Project root: D:\Workspace\Nam4\KHDL\vehicle-classification\traffic_vehicle_classification
Selected sources: duckduckgo, google, naver
Target raw images per label: 1155
[START] bicycle: current=855, target=1155
[AutoCrawler] bicycle: crawling from google, naver
[DONE] bicycle: raw_count=1155

[Crawl] label=boat, current_raw=639, next_raw_goal=939

$ C:\Users\Admin\AppData\Local\Programs\Python\Python310\python.exe scripts/crawl_images.py --labels boat --sources google,naver,duckduckgo --limit-per-label 939
_________________________________
Current web-browser version:	148.0.7778.168
Current chrome-driver version:	148.0.7778.167
_________________________________
Collecting links... boat on water from naver
Scrolling down
Scraping links
Collect links done. Site: naver, Keyword: boat on water, Total: 493
Downloading images from collected links... boat on water from naver
Downloading boat on water from naver: 1 / 120
Downloading boat on water from naver: 2 / 120
Downloading boat on water from naver: 3 / 120
Downloading boat on water from naver: 4 / 120
Downloading boat on water from naver: 5 / 120
Downloading boat on water from naver: 6 / 120
Downloading boat on water from naver: 7 / 120
Downloading boat on water from naver: 8 / 120
Downloading boat on water from naver: 9 / 120
Downloading boat on water from naver: 10 / 120
Downloading boat on water from naver: 11 / 120
Downloading boat on water from naver: 12 / 120
Downloading boat on water from naver: 13 / 120
Downloading boat on water from naver: 14 / 120
Downloading boat on water from naver: 15 / 120
Downloading boat on water from naver: 16 / 120
Downloading boat on water from naver: 17 / 120
Downloading boat on water from naver: 18 / 120
Downloading boat on water from naver: 19 / 120
Downloading boat on water from naver: 20 / 120
Downloading boat on water from naver: 21 / 120
Downloading boat on water from naver: 22 / 120
Downloading boat on water from naver: 23 / 120
Downloading boat on water from naver: 24 / 120
Downloading boat on water from naver: 25 / 120
Downloading boat on water from naver: 26 / 120
Downloading boat on water from naver: 27 / 120
Downloading boat on water from naver: 28 / 120
Downloading boat on water from naver: 29 / 120
Downloading boat on water from naver: 30 / 120
Downloading boat on water from naver: 31 / 120
Downloading boat on water from naver: 32 / 120
Downloading boat on water from naver: 33 / 120
Downloading boat on water from naver: 34 / 120
Downloading boat on water from naver: 35 / 120
Downloading boat on water from naver: 36 / 120
Downloading boat on water from naver: 37 / 120
Downloading boat on water from naver: 38 / 120
Downloading boat on water from naver: 39 / 120
Downloading boat on water from naver: 40 / 120
Downloading boat on water from naver: 41 / 120
Downloading boat on water from naver: 42 / 120
Downloading boat on water from naver: 43 / 120
Downloading boat on water from naver: 44 / 120
Downloading boat on water from naver: 45 / 120
Downloading boat on water from naver: 46 / 120
Downloading boat on water from naver: 47 / 120
Downloading boat on water from naver: 48 / 120
Downloading boat on water from naver: 49 / 120
Downloading boat on water from naver: 50 / 120
Downloading boat on water from naver: 51 / 120
Downloading boat on water from naver: 52 / 120
Downloading boat on water from naver: 53 / 120
Downloading boat on water from naver: 54 / 120
Downloading boat on water from naver: 55 / 120
Downloading boat on water from naver: 56 / 120
Downloading boat on water from naver: 57 / 120
Downloading boat on water from naver: 58 / 120
Downloading boat on water from naver: 59 / 120
Downloading boat on water from naver: 60 / 120
Downloading boat on water from naver: 61 / 120
Downloading boat on water from naver: 62 / 120
Downloading boat on water from naver: 63 / 120
Downloading boat on water from naver: 64 / 120
Downloading boat on water from naver: 65 / 120
Downloading boat on water from naver: 66 / 120
Downloading boat on water from naver: 67 / 120
Downloading boat on water from naver: 68 / 120
Downloading boat on water from naver: 69 / 120
Downloading boat on water from naver: 70 / 120
Downloading boat on water from naver: 71 / 120
Downloading boat on water from naver: 72 / 120
Downloading boat on water from naver: 73 / 120
Downloading boat on water from naver: 74 / 120
Downloading boat on water from naver: 75 / 120
Downloading boat on water from naver: 76 / 120
Downloading boat on water from naver: 77 / 120
Downloading boat on water from naver: 78 / 120
Downloading boat on water from naver: 79 / 120
Downloading boat on water from naver: 80 / 120
Downloading boat on water from naver: 81 / 120
Downloading boat on water from naver: 82 / 120
Downloading boat on water from naver: 83 / 120
Downloading boat on water from naver: 84 / 120
Downloading boat on water from naver: 85 / 120
Downloading boat on water from naver: 86 / 120
Downloading boat on water from naver: 87 / 120
Downloading boat on water from naver: 88 / 120
Downloading boat on water from naver: 89 / 120
Downloading boat on water from naver: 90 / 120
Downloading boat on water from naver: 91 / 120
Downloading boat on water from naver: 92 / 120
Downloading boat on water from naver: 93 / 120
Downloading boat on water from naver: 94 / 120
Downloading boat on water from naver: 95 / 120
Downloading boat on water from naver: 96 / 120
Downloading boat on water from naver: 97 / 120
Downloading boat on water from naver: 98 / 120
Downloading boat on water from naver: 99 / 120
Downloading boat on water from naver: 100 / 120
Downloading boat on water from naver: 101 / 120
Downloading boat on water from naver: 102 / 120
Downloading boat on water from naver: 103 / 120
Downloading boat on water from naver: 104 / 120
Downloading boat on water from naver: 105 / 120
Downloading boat on water from naver: 106 / 120
Downloading boat on water from naver: 107 / 120
Downloading boat on water from naver: 108 / 120
Downloading boat on water from naver: 109 / 120
Downloading boat on water from naver: 110 / 120
Downloading boat on water from naver: 111 / 120
Downloading boat on water from naver: 112 / 120
Downloading boat on water from naver: 113 / 120
Downloading boat on water from naver: 114 / 120
Downloading boat on water from naver: 115 / 120
Downloading boat on water from naver: 116 / 120
Downloading boat on water from naver: 117 / 120
Downloading boat on water from naver: 118 / 120
Downloading boat on water from naver: 119 / 120
Downloading boat on water from naver: 120 / 120
Done naver : boat on water
_________________________________
Current web-browser version:	148.0.7778.168
Current chrome-driver version:	148.0.7778.167
_________________________________
Collecting links... motor boat from google
Scrolling down
Scraping links
Collect links done. Site: google, Keyword: motor boat, Total: 0
Downloading images from collected links... motor boat from google
Done google : motor boat
_________________________________
Current web-browser version:	148.0.7778.168
Current chrome-driver version:	148.0.7778.167
_________________________________
Collecting links... passenger boat from naver
Scrolling down
Scraping links
Collect links done. Site: naver, Keyword: passenger boat, Total: 485
Downloading images from collected links... passenger boat from naver
Downloading passenger boat from naver: 1 / 120
Downloading passenger boat from naver: 2 / 120
Downloading passenger boat from naver: 3 / 120
Downloading passenger boat from naver: 4 / 120
Downloading passenger boat from naver: 5 / 120
Downloading passenger boat from naver: 6 / 120
Downloading passenger boat from naver: 7 / 120
Downloading passenger boat from naver: 8 / 120
Downloading passenger boat from naver: 9 / 120
Downloading passenger boat from naver: 10 / 120
Downloading passenger boat from naver: 11 / 120
Downloading passenger boat from naver: 12 / 120
Downloading passenger boat from naver: 13 / 120
Downloading passenger boat from naver: 14 / 120
Downloading passenger boat from naver: 15 / 120
Downloading passenger boat from naver: 16 / 120
Downloading passenger boat from naver: 17 / 120
Downloading passenger boat from naver: 18 / 120
Downloading passenger boat from naver: 19 / 120
Downloading passenger boat from naver: 20 / 120
Downloading passenger boat from naver: 21 / 120
Downloading passenger boat from naver: 22 / 120
Downloading passenger boat from naver: 23 / 120
Downloading passenger boat from naver: 24 / 120
Downloading passenger boat from naver: 25 / 120
_________________________________
Current web-browser version:	148.0.7778.168
Current chrome-driver version:	148.0.7778.167
_________________________________
Collecting links... boat from google
Scrolling down
Scraping links
Collect links done. Site: google, Keyword: boat, Total: 0
Downloading images from collected links... boat from google
Done google : boat
_________________________________
Current web-browser version:	148.0.7778.168
Current chrome-driver version:	148.0.7778.167
_________________________________
Collecting links... fishing boat from google
Scrolling down
Scraping links
Collect links done. Site: google, Keyword: fishing boat, Total: 0
Downloading images from collected links... fishing boat from google
Done google : fishing boat
_________________________________
Current web-browser version:	148.0.7778.168
Current chrome-driver version:	148.0.7778.167
_________________________________
Collecting links... passenger boat from google
Scrolling down
Scraping links
Collect links done. Site: google, Keyword: passenger boat, Total: 0
Downloading images from collected links... passenger boat from google
Done google : passenger boat
_________________________________
Current web-browser version:	148.0.7778.168
Current chrome-driver version:	148.0.7778.167
_________________________________
Collecting links... river boat from naver
Scrolling down
Scraping links
Collect links done. Site: naver, Keyword: river boat, Total: 492
Downloading images from collected links... river boat from naver
Downloading river boat from naver: 1 / 120
Downloading river boat from naver: 2 / 120
Downloading river boat from naver: 3 / 120
Downloading river boat from naver: 4 / 120
Downloading river boat from naver: 5 / 120
Downloading river boat from naver: 6 / 120
Downloading river boat from naver: 7 / 120
Downloading river boat from naver: 8 / 120
Downloading river boat from naver: 9 / 120
Downloading river boat from naver: 10 / 120
Downloading river boat from naver: 11 / 120
Downloading river boat from naver: 12 / 120
Downloading river boat from naver: 13 / 120
Downloading river boat from naver: 14 / 120
Downloading river boat from naver: 15 / 120
Downloading river boat from naver: 16 / 120
Downloading river boat from naver: 17 / 120
Downloading river boat from naver: 18 / 120
Downloading river boat from naver: 19 / 120
Downloading river boat from naver: 20 / 120
Downloading river boat from naver: 21 / 120
Downloading river boat from naver: 22 / 120
Downloading river boat from naver: 23 / 120
Downloading river boat from naver: 24 / 120
Downloading river boat from naver: 25 / 120
Downloading river boat from naver: 26 / 120
Downloading river boat from naver: 27 / 120
Downloading river boat from naver: 28 / 120
Downloading river boat from naver: 29 / 120
Downloading river boat from naver: 30 / 120
Downloading river boat from naver: 31 / 120
Downloading river boat from naver: 32 / 120
Downloading river boat from naver: 33 / 120
Downloading river boat from naver: 34 / 120
Downloading river boat from naver: 35 / 120
Downloading river boat from naver: 36 / 120
Downloading river boat from naver: 37 / 120
Downloading river boat from naver: 38 / 120
Downloading river boat from naver: 39 / 120
Downloading river boat from naver: 40 / 120
Downloading river boat from naver: 41 / 120
Downloading river boat from naver: 42 / 120
Downloading river boat from naver: 43 / 120
Downloading river boat from naver: 44 / 120
Downloading river boat from naver: 45 / 120
Downloading river boat from naver: 46 / 120
Downloading river boat from naver: 47 / 120
Downloading river boat from naver: 48 / 120
Downloading river boat from naver: 49 / 120
Downloading river boat from naver: 50 / 120
Downloading river boat from naver: 51 / 120
Downloading river boat from naver: 52 / 120
Downloading river boat from naver: 53 / 120
Downloading river boat from naver: 54 / 120
Downloading river boat from naver: 55 / 120
Downloading river boat from naver: 56 / 120
Downloading river boat from naver: 57 / 120
Downloading river boat from naver: 58 / 120
Downloading river boat from naver: 59 / 120
Downloading river boat from naver: 60 / 120
Downloading river boat from naver: 61 / 120
Downloading river boat from naver: 62 / 120
Downloading river boat from naver: 63 / 120
Downloading river boat from naver: 64 / 120
Downloading river boat from naver: 65 / 120
Downloading river boat from naver: 66 / 120
Downloading river boat from naver: 67 / 120
Downloading river boat from naver: 68 / 120
Downloading river boat from naver: 69 / 120
Downloading river boat from naver: 70 / 120
Downloading river boat from naver: 71 / 120
Downloading river boat from naver: 72 / 120
Downloading river boat from naver: 73 / 120
Downloading river boat from naver: 74 / 120
Downloading river boat from naver: 75 / 120
Downloading river boat from naver: 76 / 120
Downloading river boat from naver: 77 / 120
Downloading river boat from naver: 78 / 120
Downloading river boat from naver: 79 / 120
Downloading river boat from naver: 80 / 120
Downloading river boat from naver: 81 / 120
Downloading river boat from naver: 82 / 120
Downloading river boat from naver: 83 / 120
Downloading river boat from naver: 84 / 120
Downloading river boat from naver: 85 / 120
Downloading river boat from naver: 86 / 120
Downloading river boat from naver: 87 / 120
Downloading river boat from naver: 88 / 120
Downloading river boat from naver: 89 / 120
Downloading river boat from naver: 90 / 120
Downloading river boat from naver: 91 / 120
Downloading river boat from naver: 92 / 120
Downloading river boat from naver: 93 / 120
Downloading river boat from naver: 94 / 120
Downloading river boat from naver: 95 / 120
Downloading river boat from naver: 96 / 120
Downloading river boat from naver: 97 / 120
Downloading river boat from naver: 98 / 120
Downloading river boat from naver: 99 / 120
Downloading river boat from naver: 100 / 120
Downloading river boat from naver: 101 / 120
Downloading river boat from naver: 102 / 120
Downloading river boat from naver: 103 / 120
Downloading river boat from naver: 104 / 120
Downloading river boat from naver: 105 / 120
Downloading river boat from naver: 106 / 120
Downloading river boat from naver: 107 / 120
Downloading river boat from naver: 108 / 120
Downloading river boat from naver: 109 / 120
Downloading river boat from naver: 110 / 120
Downloading river boat from naver: 111 / 120
Downloading river boat from naver: 112 / 120
Downloading river boat from naver: 113 / 120
Downloading river boat from naver: 114 / 120
Downloading river boat from naver: 115 / 120
Downloading river boat from naver: 116 / 120
Downloading river boat from naver: 117 / 120
Downloading river boat from naver: 118 / 120
Downloading river boat from naver: 119 / 120
Downloading river boat from naver: 120 / 120
Done naver : river boat
Options - skip:False, threads:4, google:True, naver:True, full_resolution:False, face:False, no_gui:False, limit:120, _proxy_list:['']
8 keywords found: ['boat', 'boat on water', 'fishing boat', 'motor boat', 'passenger boat', 'river boat', 'small boat', 'speed boat']
Task ended. Pool join.
Data imbalance checking...
dir: download/boat, file_count: 122
dir: download/boat on water, file_count: 122
dir: download/fishing boat, file_count: 122
dir: download/motor boat, file_count: 122
dir: download/passenger boat, file_count: 122
dir: download/river boat, file_count: 122
dir: download/small boat, file_count: 122
dir: download/speed boat, file_count: 122
Data imbalance not detected.
End Program
Project root: D:\Workspace\Nam4\KHDL\vehicle-classification\traffic_vehicle_classification
Selected sources: duckduckgo, google, naver
Target raw images per label: 939
[START] boat: current=639, target=939
[AutoCrawler] boat: crawling from google, naver
[DONE] boat: raw_count=939

[Crawl] label=bus, current_raw=600, next_raw_goal=900

$ C:\Users\Admin\AppData\Local\Programs\Python\Python310\python.exe scripts/crawl_images.py --labels bus --sources google,naver,duckduckgo --limit-per-label 900
_________________________________
Current web-browser version:	148.0.7778.168
Current chrome-driver version:	148.0.7778.167
_________________________________
Collecting links... bus on road from naver
Scrolling down
Scraping links
Collect links done. Site: naver, Keyword: bus on road, Total: 494
Downloading images from collected links... bus on road from naver
Downloading bus on road from naver: 1 / 120
Downloading bus on road from naver: 2 / 120
Downloading bus on road from naver: 3 / 120
Downloading bus on road from naver: 4 / 120
Downloading bus on road from naver: 5 / 120
Downloading bus on road from naver: 6 / 120
Downloading bus on road from naver: 7 / 120
Downloading bus on road from naver: 8 / 120
Downloading bus on road from naver: 9 / 120
Downloading bus on road from naver: 10 / 120
Downloading bus on road from naver: 11 / 120
Downloading bus on road from naver: 12 / 120
Downloading bus on road from naver: 13 / 120
Downloading bus on road from naver: 14 / 120
Downloading bus on road from naver: 15 / 120
Downloading bus on road from naver: 16 / 120
Downloading bus on road from naver: 17 / 120
Downloading bus on road from naver: 18 / 120
Downloading bus on road from naver: 19 / 120
Downloading bus on road from naver: 20 / 120
Downloading bus on road from naver: 21 / 120
Downloading bus on road from naver: 22 / 120
Downloading bus on road from naver: 23 / 120
Downloading bus on road from naver: 24 / 120
Downloading bus on road from naver: 25 / 120
Downloading bus on road from naver: 26 / 120
Downloading bus on road from naver: 27 / 120
Downloading bus on road from naver: 28 / 120
Downloading bus on road from naver: 29 / 120
Downloading bus on road from naver: 30 / 120
Downloading bus on road from naver: 31 / 120
Downloading bus on road from naver: 32 / 120
Downloading bus on road from naver: 33 / 120
Downloading bus on road from naver: 34 / 120
Downloading bus on road from naver: 35 / 120
Downloading bus on road from naver: 36 / 120
Downloading bus on road from naver: 37 / 120
Downloading bus on road from naver: 38 / 120
Downloading bus on road from naver: 39 / 120
Downloading bus on road from naver: 40 / 120
Downloading bus on road from naver: 41 / 120
Downloading bus on road from naver: 42 / 120
Downloading bus on road from naver: 43 / 120
Renamed extension jpg -> png
Downloading bus on road from naver: 44 / 120
Downloading bus on road from naver: 45 / 120
Downloading bus on road from naver: 46 / 120
Downloading bus on road from naver: 47 / 120
Downloading bus on road from naver: 48 / 120
Downloading bus on road from naver: 49 / 120
Downloading bus on road from naver: 50 / 120
Downloading bus on road from naver: 51 / 120
Downloading bus on road from naver: 52 / 120
Downloading bus on road from naver: 53 / 120
Downloading bus on road from naver: 54 / 120
Downloading bus on road from naver: 55 / 120
Renamed extension jpg -> png
Downloading bus on road from naver: 56 / 120
Downloading bus on road from naver: 57 / 120
Downloading bus on road from naver: 58 / 120
Downloading bus on road from naver: 59 / 120
Downloading bus on road from naver: 60 / 120
Downloading bus on road from naver: 61 / 120
Downloading bus on road from naver: 62 / 120
Downloading bus on road from naver: 63 / 120
Downloading bus on road from naver: 64 / 120
Downloading bus on road from naver: 65 / 120
Downloading bus on road from naver: 66 / 120
Downloading bus on road from naver: 67 / 120
Downloading bus on road from naver: 68 / 120
Downloading bus on road from naver: 69 / 120
Downloading bus on road from naver: 70 / 120
Downloading bus on road from naver: 71 / 120
Downloading bus on road from naver: 72 / 120
Downloading bus on road from naver: 73 / 120
Downloading bus on road from naver: 74 / 120
Downloading bus on road from naver: 75 / 120
Downloading bus on road from naver: 76 / 120
Downloading bus on road from naver: 77 / 120
Downloading bus on road from naver: 78 / 120
Downloading bus on road from naver: 79 / 120
Downloading bus on road from naver: 80 / 120
Downloading bus on road from naver: 81 / 120
Downloading bus on road from naver: 82 / 120
Downloading bus on road from naver: 83 / 120
Downloading bus on road from naver: 84 / 120
Downloading bus on road from naver: 85 / 120
Downloading bus on road from naver: 86 / 120
Downloading bus on road from naver: 87 / 120
Downloading bus on road from naver: 88 / 120
Downloading bus on road from naver: 89 / 120
Downloading bus on road from naver: 90 / 120
Downloading bus on road from naver: 91 / 120
Downloading bus on road from naver: 92 / 120
Downloading bus on road from naver: 93 / 120
Downloading bus on road from naver: 94 / 120
Downloading bus on road from naver: 95 / 120
Downloading bus on road from naver: 96 / 120
Downloading bus on road from naver: 97 / 120
Downloading bus on road from naver: 98 / 120
Downloading bus on road from naver: 99 / 120
Downloading bus on road from naver: 100 / 120
Downloading bus on road from naver: 101 / 120
Downloading bus on road from naver: 102 / 120
Downloading bus on road from naver: 103 / 120
Downloading bus on road from naver: 104 / 120
Downloading bus on road from naver: 105 / 120
Downloading bus on road from naver: 106 / 120
Downloading bus on road from naver: 107 / 120
Downloading bus on road from naver: 108 / 120
Downloading bus on road from naver: 109 / 120
Downloading bus on road from naver: 110 / 120
Downloading bus on road from naver: 111 / 120
Downloading bus on road from naver: 112 / 120
Downloading bus on road from naver: 113 / 120
Downloading bus on road from naver: 114 / 120
Downloading bus on road from naver: 115 / 120
Downloading bus on road from naver: 116 / 120
Downloading bus on road from naver: 117 / 120
Downloading bus on road from naver: 118 / 120
Downloading bus on road from naver: 119 / 120
Downloading bus on road from naver: 120 / 120
Done naver : bus on road
_________________________________
Current web-browser version:	148.0.7778.168
Current chrome-driver version:	148.0.7778.167
_________________________________
Collecting links... coach bus from google
Scrolling down
Scraping links
Collect links done. Site: google, Keyword: coach bus, Total: 0
Downloading images from collected links... coach bus from google
Done google : coach bus
_________________________________
Current web-browser version:	148.0.7778.168
Current chrome-driver version:	148.0.7778.167
_________________________________
Collecting links... passenger bus from naver
Scrolling down
Scraping links
Collect links done. Site: naver, Keyword: passenger bus, Total: 488
Downloading images from collected links... passenger bus from naver
Downloading passenger bus from naver: 1 / 120
Downloading passenger bus from naver: 2 / 120
Downloading passenger bus from naver: 3 / 120
Downloading passenger bus from naver: 4 / 120
Downloading passenger bus from naver: 5 / 120
Downloading passenger bus from naver: 6 / 120
Downloading passenger bus from naver: 7 / 120
Downloading passenger bus from naver: 8 / 120
Downloading passenger bus from naver: 9 / 120
Downloading passenger bus from naver: 10 / 120
Downloading passenger bus from naver: 11 / 120
Downloading passenger bus from naver: 12 / 120
Downloading passenger bus from naver: 13 / 120
Downloading passenger bus from naver: 14 / 120
Downloading passenger bus from naver: 15 / 120
Downloading passenger bus from naver: 16 / 120
Downloading passenger bus from naver: 17 / 120
Downloading passenger bus from naver: 18 / 120
Downloading passenger bus from naver: 19 / 120
Downloading passenger bus from naver: 20 / 120
Downloading passenger bus from naver: 21 / 120
Downloading passenger bus from naver: 22 / 120
Downloading passenger bus from naver: 23 / 120
Downloading passenger bus from naver: 24 / 120
Downloading passenger bus from naver: 25 / 120
Downloading passenger bus from naver: 26 / 120
Downloading passenger bus from naver: 27 / 120
Downloading passenger bus from naver: 28 / 120
Downloading passenger bus from naver: 29 / 120
Downloading passenger bus from naver: 30 / 120
_________________________________
Current web-browser version:	148.0.7778.168
Current chrome-driver version:	148.0.7778.167
_________________________________
Collecting links... bus on road from google
Scrolling down
Scraping links
Collect links done. Site: google, Keyword: bus on road, Total: 0
Downloading images from collected links... bus on road from google
Done google : bus on road
_________________________________
Current web-browser version:	148.0.7778.168
Current chrome-driver version:	148.0.7778.167
_________________________________
Collecting links... city bus from google
Scrolling down
Scraping links
Collect links done. Site: google, Keyword: city bus, Total: 0
Downloading images from collected links... city bus from google
Done google : city bus
_________________________________
Current web-browser version:	148.0.7778.168
Current chrome-driver version:	148.0.7778.167
_________________________________
Collecting links... passenger bus from google
Scrolling down
Scraping links
Collect links done. Site: google, Keyword: passenger bus, Total: 0
Downloading images from collected links... passenger bus from google
Done google : passenger bus
_________________________________
Current web-browser version:	148.0.7778.168
Current chrome-driver version:	148.0.7778.167
_________________________________
Collecting links... public bus from naver
Scrolling down
Scraping links
Collect links done. Site: naver, Keyword: public bus, Total: 459
Downloading images from collected links... public bus from naver
Downloading public bus from naver: 1 / 120
Downloading public bus from naver: 2 / 120
Downloading public bus from naver: 3 / 120
Downloading public bus from naver: 4 / 120
Downloading public bus from naver: 5 / 120
Downloading public bus from naver: 6 / 120
Downloading public bus from naver: 7 / 120
Downloading public bus from naver: 8 / 120
Downloading public bus from naver: 9 / 120
Downloading public bus from naver: 10 / 120
Downloading public bus from naver: 11 / 120
Downloading public bus from naver: 12 / 120
Downloading public bus from naver: 13 / 120
Downloading public bus from naver: 14 / 120
Downloading public bus from naver: 15 / 120
Downloading public bus from naver: 16 / 120
Downloading public bus from naver: 17 / 120
Downloading public bus from naver: 18 / 120
Downloading public bus from naver: 19 / 120
Downloading public bus from naver: 20 / 120
Downloading public bus from naver: 21 / 120
Downloading public bus from naver: 22 / 120
Downloading public bus from naver: 23 / 120
Downloading public bus from naver: 24 / 120
Downloading public bus from naver: 25 / 120
Downloading public bus from naver: 26 / 120
Downloading public bus from naver: 27 / 120
Downloading public bus from naver: 28 / 120
Downloading public bus from naver: 29 / 120
Downloading public bus from naver: 30 / 120
Downloading public bus from naver: 31 / 120
Downloading public bus from naver: 32 / 120
Downloading public bus from naver: 33 / 120
Downloading public bus from naver: 34 / 120
Downloading public bus from naver: 35 / 120
Downloading public bus from naver: 36 / 120
Downloading public bus from naver: 37 / 120
Downloading public bus from naver: 38 / 120
Downloading public bus from naver: 39 / 120
Downloading public bus from naver: 40 / 120
Downloading public bus from naver: 41 / 120
Downloading public bus from naver: 42 / 120
Downloading public bus from naver: 43 / 120
Downloading public bus from naver: 44 / 120
Downloading public bus from naver: 45 / 120
Downloading public bus from naver: 46 / 120
Downloading public bus from naver: 47 / 120
Downloading public bus from naver: 48 / 120
Downloading public bus from naver: 49 / 120
Downloading public bus from naver: 50 / 120
Downloading public bus from naver: 51 / 120
Downloading public bus from naver: 52 / 120
Downloading public bus from naver: 53 / 120
Downloading public bus from naver: 54 / 120
Downloading public bus from naver: 55 / 120
Downloading public bus from naver: 56 / 120
Downloading public bus from naver: 57 / 120
Downloading public bus from naver: 58 / 120
Downloading public bus from naver: 59 / 120
Downloading public bus from naver: 60 / 120
Downloading public bus from naver: 61 / 120
Downloading public bus from naver: 62 / 120
Downloading public bus from naver: 63 / 120
Downloading public bus from naver: 64 / 120
Downloading public bus from naver: 65 / 120
Downloading public bus from naver: 66 / 120
Downloading public bus from naver: 67 / 120
Downloading public bus from naver: 68 / 120
Downloading public bus from naver: 69 / 120
Downloading public bus from naver: 70 / 120
Downloading public bus from naver: 71 / 120
Downloading public bus from naver: 72 / 120
Downloading public bus from naver: 73 / 120
Downloading public bus from naver: 74 / 120
Downloading public bus from naver: 75 / 120
Downloading public bus from naver: 76 / 120
Downloading public bus from naver: 77 / 120
Downloading public bus from naver: 78 / 120
Downloading public bus from naver: 79 / 120
Downloading public bus from naver: 80 / 120
Downloading public bus from naver: 81 / 120
Downloading public bus from naver: 82 / 120
Downloading public bus from naver: 83 / 120
Downloading public bus from naver: 84 / 120
Downloading public bus from naver: 85 / 120
Downloading public bus from naver: 86 / 120
Downloading public bus from naver: 87 / 120
Downloading public bus from naver: 88 / 120
Downloading public bus from naver: 89 / 120
Downloading public bus from naver: 90 / 120
Downloading public bus from naver: 91 / 120
Downloading public bus from naver: 92 / 120
Downloading public bus from naver: 93 / 120
Downloading public bus from naver: 94 / 120
Downloading public bus from naver: 95 / 120
Downloading public bus from naver: 96 / 120
Downloading public bus from naver: 97 / 120
Downloading public bus from naver: 98 / 120
Downloading public bus from naver: 99 / 120
Downloading public bus from naver: 100 / 120
Downloading public bus from naver: 101 / 120
Downloading public bus from naver: 102 / 120
Downloading public bus from naver: 103 / 120
Downloading public bus from naver: 104 / 120
Downloading public bus from naver: 105 / 120
Downloading public bus from naver: 106 / 120
Downloading public bus from naver: 107 / 120
Downloading public bus from naver: 108 / 120
Downloading public bus from naver: 109 / 120
Downloading public bus from naver: 110 / 120
Downloading public bus from naver: 111 / 120
Downloading public bus from naver: 112 / 120
Downloading public bus from naver: 113 / 120
Downloading public bus from naver: 114 / 120
Downloading public bus from naver: 115 / 120
Downloading public bus from naver: 116 / 120
Downloading public bus from naver: 117 / 120
Downloading public bus from naver: 118 / 120
Downloading public bus from naver: 119 / 120
Downloading public bus from naver: 120 / 120
Done naver : public bus
Options - skip:False, threads:4, google:True, naver:True, full_resolution:False, face:False, no_gui:False, limit:120, _proxy_list:['']
8 keywords found: ['bus', 'bus on road', 'city bus', 'coach bus', 'passenger bus', 'public bus', 'school bus', 'transit bus']
Task ended. Pool join.
Data imbalance checking...
dir: download/bus, file_count: 122
dir: download/bus on road, file_count: 122
dir: download/city bus, file_count: 122
dir: download/coach bus, file_count: 122
dir: download/passenger bus, file_count: 122
dir: download/public bus, file_count: 122
dir: download/school bus, file_count: 122
dir: download/transit bus, file_count: 122
Data imbalance not detected.
End Program
Project root: D:\Workspace\Nam4\KHDL\vehicle-classification\traffic_vehicle_classification
Selected sources: duckduckgo, google, naver
Target raw images per label: 900
[START] bus: current=600, target=900
[AutoCrawler] bus: crawling from google, naver
[DONE] bus: raw_count=900

[Crawl] label=car, current_raw=604, next_raw_goal=904

$ C:\Users\Admin\AppData\Local\Programs\Python\Python310\python.exe scripts/crawl_images.py --labels car --sources google,naver,duckduckgo --limit-per-label 904
_________________________________
Current web-browser version:	148.0.7778.168
Current chrome-driver version:	148.0.7778.167
_________________________________
Collecting links... car from naver
Scrolling down
Scraping links
Collect links done. Site: naver, Keyword: car, Total: 463
Downloading images from collected links... car from naver
Downloading car from naver: 1 / 120
Downloading car from naver: 2 / 120
Downloading car from naver: 3 / 120
Downloading car from naver: 4 / 120
Downloading car from naver: 5 / 120
Downloading car from naver: 6 / 120
Downloading car from naver: 7 / 120
Downloading car from naver: 8 / 120
Downloading car from naver: 9 / 120
Downloading car from naver: 10 / 120
Downloading car from naver: 11 / 120
Downloading car from naver: 12 / 120
Downloading car from naver: 13 / 120
Downloading car from naver: 14 / 120
Downloading car from naver: 15 / 120
Downloading car from naver: 16 / 120
Downloading car from naver: 17 / 120
Downloading car from naver: 18 / 120
Downloading car from naver: 19 / 120
Downloading car from naver: 20 / 120
Downloading car from naver: 21 / 120
Downloading car from naver: 22 / 120
Downloading car from naver: 23 / 120
Downloading car from naver: 24 / 120
Downloading car from naver: 25 / 120
Downloading car from naver: 26 / 120
Downloading car from naver: 27 / 120
Downloading car from naver: 28 / 120
Downloading car from naver: 29 / 120
Downloading car from naver: 30 / 120
Downloading car from naver: 31 / 120
Downloading car from naver: 32 / 120
Downloading car from naver: 33 / 120
Downloading car from naver: 34 / 120
Downloading car from naver: 35 / 120
Downloading car from naver: 36 / 120
Downloading car from naver: 37 / 120
Downloading car from naver: 38 / 120
Downloading car from naver: 39 / 120
Downloading car from naver: 40 / 120
Downloading car from naver: 41 / 120
Downloading car from naver: 42 / 120
Downloading car from naver: 43 / 120
Downloading car from naver: 44 / 120
Downloading car from naver: 45 / 120
Downloading car from naver: 46 / 120
Downloading car from naver: 47 / 120
Downloading car from naver: 48 / 120
Downloading car from naver: 49 / 120
Downloading car from naver: 50 / 120
Downloading car from naver: 51 / 120
Downloading car from naver: 52 / 120
Downloading car from naver: 53 / 120
Downloading car from naver: 54 / 120
Downloading car from naver: 55 / 120
Downloading car from naver: 56 / 120
Downloading car from naver: 57 / 120
Downloading car from naver: 58 / 120
Downloading car from naver: 59 / 120
Downloading car from naver: 60 / 120
Downloading car from naver: 61 / 120
Downloading car from naver: 62 / 120
Downloading car from naver: 63 / 120
Downloading car from naver: 64 / 120
Downloading car from naver: 65 / 120
Downloading car from naver: 66 / 120
Downloading car from naver: 67 / 120
Downloading car from naver: 68 / 120
Downloading car from naver: 69 / 120
Downloading car from naver: 70 / 120
Downloading car from naver: 71 / 120
Downloading car from naver: 72 / 120
Downloading car from naver: 73 / 120
Downloading car from naver: 74 / 120
Downloading car from naver: 75 / 120
Downloading car from naver: 76 / 120
Downloading car from naver: 77 / 120
Downloading car from naver: 78 / 120
Downloading car from naver: 79 / 120
Downloading car from naver: 80 / 120
Downloading car from naver: 81 / 120
Downloading car from naver: 82 / 120
Downloading car from naver: 83 / 120
Downloading car from naver: 84 / 120
Downloading car from naver: 85 / 120
Downloading car from naver: 86 / 120
Downloading car from naver: 87 / 120
Downloading car from naver: 88 / 120
Downloading car from naver: 89 / 120
Downloading car from naver: 90 / 120
Downloading car from naver: 91 / 120
Downloading car from naver: 92 / 120
Downloading car from naver: 93 / 120
Downloading car from naver: 94 / 120
Downloading car from naver: 95 / 120
Downloading car from naver: 96 / 120
Downloading car from naver: 97 / 120
Downloading car from naver: 98 / 120
Downloading car from naver: 99 / 120
Downloading car from naver: 100 / 120
Downloading car from naver: 101 / 120
Downloading car from naver: 102 / 120
Downloading car from naver: 103 / 120
Downloading car from naver: 104 / 120
Downloading car from naver: 105 / 120
Downloading car from naver: 106 / 120
Downloading car from naver: 107 / 120
Downloading car from naver: 108 / 120
Downloading car from naver: 109 / 120
Downloading car from naver: 110 / 120
Downloading car from naver: 111 / 120
Downloading car from naver: 112 / 120
Downloading car from naver: 113 / 120
Downloading car from naver: 114 / 120
Downloading car from naver: 115 / 120
Downloading car from naver: 116 / 120
Downloading car from naver: 117 / 120
Downloading car from naver: 118 / 120
Downloading car from naver: 119 / 120
Downloading car from naver: 120 / 120
Done naver : car
_________________________________
Current web-browser version:	148.0.7778.168
Current chrome-driver version:	148.0.7778.167
_________________________________
Collecting links... family car from google
Scrolling down
Scraping links
Collect links done. Site: google, Keyword: family car, Total: 0
Downloading images from collected links... family car from google
Done google : family car
_________________________________
Current web-browser version:	148.0.7778.168
Current chrome-driver version:	148.0.7778.167
_________________________________
Collecting links... hatchback car from naver
Scrolling down
Scraping links
Collect links done. Site: naver, Keyword: hatchback car, Total: 484
Downloading images from collected links... hatchback car from naver
Downloading hatchback car from naver: 1 / 120
Downloading hatchback car from naver: 2 / 120
Downloading hatchback car from naver: 3 / 120
Downloading hatchback car from naver: 4 / 120
Downloading hatchback car from naver: 5 / 120
Downloading hatchback car from naver: 6 / 120
Downloading hatchback car from naver: 7 / 120
Downloading hatchback car from naver: 8 / 120
Downloading hatchback car from naver: 9 / 120
Downloading hatchback car from naver: 10 / 120
Downloading hatchback car from naver: 11 / 120
Downloading hatchback car from naver: 12 / 120
Downloading hatchback car from naver: 13 / 120
Downloading hatchback car from naver: 14 / 120
Downloading hatchback car from naver: 15 / 120
Downloading hatchback car from naver: 16 / 120
Downloading hatchback car from naver: 17 / 120
Downloading hatchback car from naver: 18 / 120
Downloading hatchback car from naver: 19 / 120
Downloading hatchback car from naver: 20 / 120
Downloading hatchback car from naver: 21 / 120
Downloading hatchback car from naver: 22 / 120
Downloading hatchback car from naver: 23 / 120
Downloading hatchback car from naver: 24 / 120
Downloading hatchback car from naver: 25 / 120
Downloading hatchback car from naver: 26 / 120
Downloading hatchback car from naver: 27 / 120
Downloading hatchback car from naver: 28 / 120
Downloading hatchback car from naver: 29 / 120
Downloading hatchback car from naver: 30 / 120
Downloading hatchback car from naver: 31 / 120
Downloading hatchback car from naver: 32 / 120
Downloading hatchback car from naver: 33 / 120
Downloading hatchback car from naver: 34 / 120
Downloading hatchback car from naver: 35 / 120
Downloading hatchback car from naver: 36 / 120
Downloading hatchback car from naver: 37 / 120
Downloading hatchback car from naver: 38 / 120
Downloading hatchback car from naver: 39 / 120
Downloading hatchback car from naver: 40 / 120
Downloading hatchback car from naver: 41 / 120
Downloading hatchback car from naver: 42 / 120
Downloading hatchback car from naver: 43 / 120
Downloading hatchback car from naver: 44 / 120
Downloading hatchback car from naver: 45 / 120
Downloading hatchback car from naver: 46 / 120
Downloading hatchback car from naver: 47 / 120
Downloading hatchback car from naver: 48 / 120
Downloading hatchback car from naver: 49 / 120
Downloading hatchback car from naver: 50 / 120
Downloading hatchback car from naver: 51 / 120
_________________________________
Current web-browser version:	148.0.7778.168
Current chrome-driver version:	148.0.7778.167
_________________________________
Collecting links... car from google
Scrolling down
Scraping links
Collect links done. Site: google, Keyword: car, Total: 0
Downloading images from collected links... car from google
Done google : car
_________________________________
Current web-browser version:	148.0.7778.168
Current chrome-driver version:	148.0.7778.167
_________________________________
Collecting links... compact car from google
Scrolling down
Scraping links
Collect links done. Site: google, Keyword: compact car, Total: 0
Downloading images from collected links... compact car from google
Done google : compact car
_________________________________
Current web-browser version:	148.0.7778.168
Current chrome-driver version:	148.0.7778.167
_________________________________
Collecting links... hatchback car from google
Scrolling down
Scraping links
Collect links done. Site: google, Keyword: hatchback car, Total: 0
Downloading images from collected links... hatchback car from google
Done google : hatchback car
_________________________________
Current web-browser version:	148.0.7778.168
Current chrome-driver version:	148.0.7778.167
_________________________________
Collecting links... road car from naver
Scrolling down
Scraping links
Collect links done. Site: naver, Keyword: road car, Total: 342
Downloading images from collected links... road car from naver
Downloading road car from naver: 1 / 120
Downloading road car from naver: 2 / 120
Downloading road car from naver: 3 / 120
Downloading road car from naver: 4 / 120
Downloading road car from naver: 5 / 120
Downloading road car from naver: 6 / 120
Downloading road car from naver: 7 / 120
Downloading road car from naver: 8 / 120
Downloading road car from naver: 9 / 120
Downloading road car from naver: 10 / 120
Downloading road car from naver: 11 / 120
Downloading road car from naver: 12 / 120
Downloading road car from naver: 13 / 120
Downloading road car from naver: 14 / 120
Downloading road car from naver: 15 / 120
Downloading road car from naver: 16 / 120
Downloading road car from naver: 17 / 120
Downloading road car from naver: 18 / 120
Downloading road car from naver: 19 / 120
Downloading road car from naver: 20 / 120
Downloading road car from naver: 21 / 120
Downloading road car from naver: 22 / 120
Downloading road car from naver: 23 / 120
Downloading road car from naver: 24 / 120
Downloading road car from naver: 25 / 120
Downloading road car from naver: 26 / 120
Downloading road car from naver: 27 / 120
Downloading road car from naver: 28 / 120
Downloading road car from naver: 29 / 120
Downloading road car from naver: 30 / 120
Downloading road car from naver: 31 / 120
Downloading road car from naver: 32 / 120
Downloading road car from naver: 33 / 120
Downloading road car from naver: 34 / 120
Downloading road car from naver: 35 / 120
Downloading road car from naver: 36 / 120
Downloading road car from naver: 37 / 120
Downloading road car from naver: 38 / 120
Downloading road car from naver: 39 / 120
Downloading road car from naver: 40 / 120
Downloading road car from naver: 41 / 120
Downloading road car from naver: 42 / 120
Downloading road car from naver: 43 / 120
Downloading road car from naver: 44 / 120
Downloading road car from naver: 45 / 120
Downloading road car from naver: 46 / 120
Downloading road car from naver: 47 / 120
Downloading road car from naver: 48 / 120
Downloading road car from naver: 49 / 120
Downloading road car from naver: 50 / 120
Downloading road car from naver: 51 / 120
Downloading road car from naver: 52 / 120
Downloading road car from naver: 53 / 120
Downloading road car from naver: 54 / 120
Downloading road car from naver: 55 / 120
Downloading road car from naver: 56 / 120
Downloading road car from naver: 57 / 120
Downloading road car from naver: 58 / 120
Downloading road car from naver: 59 / 120
Downloading road car from naver: 60 / 120
Downloading road car from naver: 61 / 120
Downloading road car from naver: 62 / 120
Downloading road car from naver: 63 / 120
Downloading road car from naver: 64 / 120
Downloading road car from naver: 65 / 120
Downloading road car from naver: 66 / 120
Downloading road car from naver: 67 / 120
Downloading road car from naver: 68 / 120
Downloading road car from naver: 69 / 120
Downloading road car from naver: 70 / 120
Downloading road car from naver: 71 / 120
Downloading road car from naver: 72 / 120
Downloading road car from naver: 73 / 120
Downloading road car from naver: 74 / 120
Downloading road car from naver: 75 / 120
Downloading road car from naver: 76 / 120
Downloading road car from naver: 77 / 120
Downloading road car from naver: 78 / 120
Downloading road car from naver: 79 / 120
Renamed extension jpg -> png
Downloading road car from naver: 80 / 120
Downloading road car from naver: 81 / 120
Downloading road car from naver: 82 / 120
Downloading road car from naver: 83 / 120
Downloading road car from naver: 84 / 120
Downloading road car from naver: 85 / 120
Downloading road car from naver: 86 / 120
Downloading road car from naver: 87 / 120
Downloading road car from naver: 88 / 120
Downloading road car from naver: 89 / 120
Downloading road car from naver: 90 / 120
Downloading road car from naver: 91 / 120
Downloading road car from naver: 92 / 120
Downloading road car from naver: 93 / 120
Downloading road car from naver: 94 / 120
Downloading road car from naver: 95 / 120
Downloading road car from naver: 96 / 120
Downloading road car from naver: 97 / 120
Downloading road car from naver: 98 / 120
Downloading road car from naver: 99 / 120
Downloading road car from naver: 100 / 120
Downloading road car from naver: 101 / 120
Downloading road car from naver: 102 / 120
Downloading road car from naver: 103 / 120
Downloading road car from naver: 104 / 120
Downloading road car from naver: 105 / 120
Downloading road car from naver: 106 / 120
Downloading road car from naver: 107 / 120
Downloading road car from naver: 108 / 120
Downloading road car from naver: 109 / 120
Downloading road car from naver: 110 / 120
Downloading road car from naver: 111 / 120
Downloading road car from naver: 112 / 120
Downloading road car from naver: 113 / 120
Downloading road car from naver: 114 / 120
Downloading road car from naver: 115 / 120
Downloading road car from naver: 116 / 120
Downloading road car from naver: 117 / 120
Downloading road car from naver: 118 / 120
Downloading road car from naver: 119 / 120
Downloading road car from naver: 120 / 120
Done naver : road car
_________________________________
Current web-browser version:	148.0.7778.168
Current chrome-driver version:	148.0.7778.167
_________________________________
Collecting links... vehicle car from google
Scrolling down
Scraping links
Collect links done. Site: google, Keyword: vehicle car, Total: 0
Downloading images from collected links... vehicle car from google
Done google : vehicle car
Options - skip:False, threads:4, google:True, naver:True, full_resolution:False, face:False, no_gui:False, limit:120, _proxy_list:['']
8 keywords found: ['car', 'car on street', 'compact car', 'family car', 'hatchback car', 'road car', 'sedan car', 'vehicle car']
Task ended. Pool join.
Data imbalance checking...
dir: download/car, file_count: 122
dir: download/car on street, file_count: 122
dir: download/compact car, file_count: 122
dir: download/family car, file_count: 122
dir: download/hatchback car, file_count: 122
dir: download/road car, file_count: 122
dir: download/sedan car, file_count: 122
dir: download/vehicle car, file_count: 122
Data imbalance not detected.
End Program
Project root: D:\Workspace\Nam4\KHDL\vehicle-classification\traffic_vehicle_classification
Selected sources: duckduckgo, google, naver
Target raw images per label: 904
[START] car: current=604, target=904
[AutoCrawler] car: crawling from google, naver
[DONE] car: raw_count=904

[Crawl] label=helicopter, current_raw=600, next_raw_goal=900

$ C:\Users\Admin\AppData\Local\Programs\Python\Python310\python.exe scripts/crawl_images.py --labels helicopter --sources google,naver,duckduckgo --limit-per-label 900
_________________________________
Current web-browser version:	148.0.7778.168
Current chrome-driver version:	148.0.7778.167
_________________________________
Collecting links... helicopter from naver
Scrolling down
Scraping links
Collect links done. Site: naver, Keyword: helicopter, Total: 486
Downloading images from collected links... helicopter from naver
Downloading helicopter from naver: 1 / 120
Downloading helicopter from naver: 2 / 120
Downloading helicopter from naver: 3 / 120
Downloading helicopter from naver: 4 / 120
Downloading helicopter from naver: 5 / 120
Downloading helicopter from naver: 6 / 120
Downloading helicopter from naver: 7 / 120
Downloading helicopter from naver: 8 / 120
Downloading helicopter from naver: 9 / 120
Downloading helicopter from naver: 10 / 120
Downloading helicopter from naver: 11 / 120
Downloading helicopter from naver: 12 / 120
Downloading helicopter from naver: 13 / 120
Downloading helicopter from naver: 14 / 120
Downloading helicopter from naver: 15 / 120
Downloading helicopter from naver: 16 / 120
Downloading helicopter from naver: 17 / 120
Downloading helicopter from naver: 18 / 120
Downloading helicopter from naver: 19 / 120
Downloading helicopter from naver: 20 / 120
Downloading helicopter from naver: 21 / 120
Downloading helicopter from naver: 22 / 120
Downloading helicopter from naver: 23 / 120
Downloading helicopter from naver: 24 / 120
Downloading helicopter from naver: 25 / 120
Downloading helicopter from naver: 26 / 120
Downloading helicopter from naver: 27 / 120
Downloading helicopter from naver: 28 / 120
Downloading helicopter from naver: 29 / 120
Downloading helicopter from naver: 30 / 120
Downloading helicopter from naver: 31 / 120
Downloading helicopter from naver: 32 / 120
Downloading helicopter from naver: 33 / 120
Downloading helicopter from naver: 34 / 120
Downloading helicopter from naver: 35 / 120
Downloading helicopter from naver: 36 / 120
Downloading helicopter from naver: 37 / 120
Downloading helicopter from naver: 38 / 120
Downloading helicopter from naver: 39 / 120
Downloading helicopter from naver: 40 / 120
Downloading helicopter from naver: 41 / 120
Downloading helicopter from naver: 42 / 120
Downloading helicopter from naver: 43 / 120
Downloading helicopter from naver: 44 / 120
Downloading helicopter from naver: 45 / 120
Downloading helicopter from naver: 46 / 120
Downloading helicopter from naver: 47 / 120
Downloading helicopter from naver: 48 / 120
Downloading helicopter from naver: 49 / 120
Downloading helicopter from naver: 50 / 120
Downloading helicopter from naver: 51 / 120
Downloading helicopter from naver: 52 / 120
Downloading helicopter from naver: 53 / 120
Downloading helicopter from naver: 54 / 120
Downloading helicopter from naver: 55 / 120
Downloading helicopter from naver: 56 / 120
Downloading helicopter from naver: 57 / 120
Downloading helicopter from naver: 58 / 120
Downloading helicopter from naver: 59 / 120
Downloading helicopter from naver: 60 / 120
Downloading helicopter from naver: 61 / 120
Downloading helicopter from naver: 62 / 120
Downloading helicopter from naver: 63 / 120
Downloading helicopter from naver: 64 / 120
Downloading helicopter from naver: 65 / 120
Downloading helicopter from naver: 66 / 120
Downloading helicopter from naver: 67 / 120
Downloading helicopter from naver: 68 / 120
Downloading helicopter from naver: 69 / 120
Downloading helicopter from naver: 70 / 120
Downloading helicopter from naver: 71 / 120
Downloading helicopter from naver: 72 / 120
Downloading helicopter from naver: 73 / 120
Downloading helicopter from naver: 74 / 120
Downloading helicopter from naver: 75 / 120
Downloading helicopter from naver: 76 / 120
Downloading helicopter from naver: 77 / 120
Downloading helicopter from naver: 78 / 120
Downloading helicopter from naver: 79 / 120
Downloading helicopter from naver: 80 / 120
Downloading helicopter from naver: 81 / 120
Downloading helicopter from naver: 82 / 120
Downloading helicopter from naver: 83 / 120
Downloading helicopter from naver: 84 / 120
Downloading helicopter from naver: 85 / 120
Downloading helicopter from naver: 86 / 120
Downloading helicopter from naver: 87 / 120
Downloading helicopter from naver: 88 / 120
Downloading helicopter from naver: 89 / 120
Downloading helicopter from naver: 90 / 120
Downloading helicopter from naver: 91 / 120
Downloading helicopter from naver: 92 / 120
Downloading helicopter from naver: 93 / 120
Downloading helicopter from naver: 94 / 120
Downloading helicopter from naver: 95 / 120
Downloading helicopter from naver: 96 / 120
Downloading helicopter from naver: 97 / 120
Downloading helicopter from naver: 98 / 120
Downloading helicopter from naver: 99 / 120
Downloading helicopter from naver: 100 / 120
Downloading helicopter from naver: 101 / 120
Downloading helicopter from naver: 102 / 120
Downloading helicopter from naver: 103 / 120
Downloading helicopter from naver: 104 / 120
Downloading helicopter from naver: 105 / 120
Downloading helicopter from naver: 106 / 120
Downloading helicopter from naver: 107 / 120
Downloading helicopter from naver: 108 / 120
Downloading helicopter from naver: 109 / 120
Downloading helicopter from naver: 110 / 120
Downloading helicopter from naver: 111 / 120
Downloading helicopter from naver: 112 / 120
Downloading helicopter from naver: 113 / 120
Downloading helicopter from naver: 114 / 120
Downloading helicopter from naver: 115 / 120
Downloading helicopter from naver: 116 / 120
Downloading helicopter from naver: 117 / 120
Downloading helicopter from naver: 118 / 120
Downloading helicopter from naver: 119 / 120
Downloading helicopter from naver: 120 / 120
Done naver : helicopter
_________________________________
Current web-browser version:	148.0.7778.168
Current chrome-driver version:	148.0.7778.167
_________________________________
Collecting links... helicopter landing from naver
Scrolling down
Scraping links
Collect links done. Site: naver, Keyword: helicopter landing, Total: 491
Downloading images from collected links... helicopter landing from naver
Downloading helicopter landing from naver: 1 / 120
Downloading helicopter landing from naver: 2 / 120
Downloading helicopter landing from naver: 3 / 120
Downloading helicopter landing from naver: 4 / 120
Downloading helicopter landing from naver: 5 / 120
Downloading helicopter landing from naver: 6 / 120
Downloading helicopter landing from naver: 7 / 120
Downloading helicopter landing from naver: 8 / 120
Downloading helicopter landing from naver: 9 / 120
Downloading helicopter landing from naver: 10 / 120
Downloading helicopter landing from naver: 11 / 120
Downloading helicopter landing from naver: 12 / 120
Downloading helicopter landing from naver: 13 / 120
Downloading helicopter landing from naver: 14 / 120
Downloading helicopter landing from naver: 15 / 120
Downloading helicopter landing from naver: 16 / 120
Downloading helicopter landing from naver: 17 / 120
Downloading helicopter landing from naver: 18 / 120
Downloading helicopter landing from naver: 19 / 120
Downloading helicopter landing from naver: 20 / 120
Downloading helicopter landing from naver: 21 / 120
Downloading helicopter landing from naver: 22 / 120
Downloading helicopter landing from naver: 23 / 120
Downloading helicopter landing from naver: 24 / 120
Downloading helicopter landing from naver: 25 / 120
Downloading helicopter landing from naver: 26 / 120
Downloading helicopter landing from naver: 27 / 120
Downloading helicopter landing from naver: 28 / 120
Downloading helicopter landing from naver: 29 / 120
Downloading helicopter landing from naver: 30 / 120
Downloading helicopter landing from naver: 31 / 120
Downloading helicopter landing from naver: 32 / 120
Downloading helicopter landing from naver: 33 / 120
Downloading helicopter landing from naver: 34 / 120
Downloading helicopter landing from naver: 35 / 120
Downloading helicopter landing from naver: 36 / 120
Downloading helicopter landing from naver: 37 / 120
_________________________________
Current web-browser version:	148.0.7778.168
Current chrome-driver version:	148.0.7778.167
_________________________________
Collecting links... helicopter from google
Scrolling down
Scraping links
Collect links done. Site: google, Keyword: helicopter, Total: 0
Downloading images from collected links... helicopter from google
Done google : helicopter
_________________________________
Current web-browser version:	148.0.7778.168
Current chrome-driver version:	148.0.7778.167
_________________________________
Collecting links... helicopter flying from google
Scrolling down
Scraping links
Collect links done. Site: google, Keyword: helicopter flying, Total: 0
Downloading images from collected links... helicopter flying from google
Done google : helicopter flying
_________________________________
Current web-browser version:	148.0.7778.168
Current chrome-driver version:	148.0.7778.167
_________________________________
Collecting links... military helicopter from google
Scrolling down
Scraping links
Collect links done. Site: google, Keyword: military helicopter, Total: 0
Downloading images from collected links... military helicopter from google
Done google : military helicopter
_________________________________
Current web-browser version:	148.0.7778.168
Current chrome-driver version:	148.0.7778.167
_________________________________
Collecting links... police helicopter from naver
Scrolling down
Scraping links
Collect links done. Site: naver, Keyword: police helicopter, Total: 485
Downloading images from collected links... police helicopter from naver
Downloading police helicopter from naver: 1 / 120
Downloading police helicopter from naver: 2 / 120
Downloading police helicopter from naver: 3 / 120
Downloading police helicopter from naver: 4 / 120
Downloading police helicopter from naver: 5 / 120
Downloading police helicopter from naver: 6 / 120
Downloading police helicopter from naver: 7 / 120
Downloading police helicopter from naver: 8 / 120
Downloading police helicopter from naver: 9 / 120
Downloading police helicopter from naver: 10 / 120
Downloading police helicopter from naver: 11 / 120
Downloading police helicopter from naver: 12 / 120
Downloading police helicopter from naver: 13 / 120
Downloading police helicopter from naver: 14 / 120
Downloading police helicopter from naver: 15 / 120
Downloading police helicopter from naver: 16 / 120
Downloading police helicopter from naver: 17 / 120
Downloading police helicopter from naver: 18 / 120
Downloading police helicopter from naver: 19 / 120
Downloading police helicopter from naver: 20 / 120
Downloading police helicopter from naver: 21 / 120
Downloading police helicopter from naver: 22 / 120
Downloading police helicopter from naver: 23 / 120
Downloading police helicopter from naver: 24 / 120
Downloading police helicopter from naver: 25 / 120
Downloading police helicopter from naver: 26 / 120
Downloading police helicopter from naver: 27 / 120
Downloading police helicopter from naver: 28 / 120
Downloading police helicopter from naver: 29 / 120
Downloading police helicopter from naver: 30 / 120
Downloading police helicopter from naver: 31 / 120
Downloading police helicopter from naver: 32 / 120
Downloading police helicopter from naver: 33 / 120
Downloading police helicopter from naver: 34 / 120
Downloading police helicopter from naver: 35 / 120
Downloading police helicopter from naver: 36 / 120
Downloading police helicopter from naver: 37 / 120
Downloading police helicopter from naver: 38 / 120
Downloading police helicopter from naver: 39 / 120
Downloading police helicopter from naver: 40 / 120
Downloading police helicopter from naver: 41 / 120
Downloading police helicopter from naver: 42 / 120
Downloading police helicopter from naver: 43 / 120
Downloading police helicopter from naver: 44 / 120
Downloading police helicopter from naver: 45 / 120
Downloading police helicopter from naver: 46 / 120
Downloading police helicopter from naver: 47 / 120
Downloading police helicopter from naver: 48 / 120
Downloading police helicopter from naver: 49 / 120
Downloading police helicopter from naver: 50 / 120
Downloading police helicopter from naver: 51 / 120
Downloading police helicopter from naver: 52 / 120
Downloading police helicopter from naver: 53 / 120
Downloading police helicopter from naver: 54 / 120
Downloading police helicopter from naver: 55 / 120
Downloading police helicopter from naver: 56 / 120
Downloading police helicopter from naver: 57 / 120
Downloading police helicopter from naver: 58 / 120
Downloading police helicopter from naver: 59 / 120
Downloading police helicopter from naver: 60 / 120
Downloading police helicopter from naver: 61 / 120
Downloading police helicopter from naver: 62 / 120
Downloading police helicopter from naver: 63 / 120
Downloading police helicopter from naver: 64 / 120
Downloading police helicopter from naver: 65 / 120
Downloading police helicopter from naver: 66 / 120
Downloading police helicopter from naver: 67 / 120
Downloading police helicopter from naver: 68 / 120
Downloading police helicopter from naver: 69 / 120
Downloading police helicopter from naver: 70 / 120
Downloading police helicopter from naver: 71 / 120
Downloading police helicopter from naver: 72 / 120
Downloading police helicopter from naver: 73 / 120
Downloading police helicopter from naver: 74 / 120
Downloading police helicopter from naver: 75 / 120
Downloading police helicopter from naver: 76 / 120
Downloading police helicopter from naver: 77 / 120
Downloading police helicopter from naver: 78 / 120
Downloading police helicopter from naver: 79 / 120
Downloading police helicopter from naver: 80 / 120
Downloading police helicopter from naver: 81 / 120
Downloading police helicopter from naver: 82 / 120
Downloading police helicopter from naver: 83 / 120
Downloading police helicopter from naver: 84 / 120
Downloading police helicopter from naver: 85 / 120
Downloading police helicopter from naver: 86 / 120
Downloading police helicopter from naver: 87 / 120
Downloading police helicopter from naver: 88 / 120
Downloading police helicopter from naver: 89 / 120
Downloading police helicopter from naver: 90 / 120
Downloading police helicopter from naver: 91 / 120
Downloading police helicopter from naver: 92 / 120
Downloading police helicopter from naver: 93 / 120
Downloading police helicopter from naver: 94 / 120
Downloading police helicopter from naver: 95 / 120
Downloading police helicopter from naver: 96 / 120
Downloading police helicopter from naver: 97 / 120
Downloading police helicopter from naver: 98 / 120
Downloading police helicopter from naver: 99 / 120
Downloading police helicopter from naver: 100 / 120
Downloading police helicopter from naver: 101 / 120
Downloading police helicopter from naver: 102 / 120
Downloading police helicopter from naver: 103 / 120
Downloading police helicopter from naver: 104 / 120
Downloading police helicopter from naver: 105 / 120
Downloading police helicopter from naver: 106 / 120
Downloading police helicopter from naver: 107 / 120
Downloading police helicopter from naver: 108 / 120
Downloading police helicopter from naver: 109 / 120
Downloading police helicopter from naver: 110 / 120
Downloading police helicopter from naver: 111 / 120
Downloading police helicopter from naver: 112 / 120
Downloading police helicopter from naver: 113 / 120
Downloading police helicopter from naver: 114 / 120
Downloading police helicopter from naver: 115 / 120
Downloading police helicopter from naver: 116 / 120
Downloading police helicopter from naver: 117 / 120
Downloading police helicopter from naver: 118 / 120
Downloading police helicopter from naver: 119 / 120
Downloading police helicopter from naver: 120 / 120
Done naver : police helicopter
Options - skip:False, threads:4, google:True, naver:True, full_resolution:False, face:False, no_gui:False, limit:120, _proxy_list:['']
8 keywords found: ['civilian helicopter', 'helicopter', 'helicopter flying', 'helicopter landing', 'military helicopter', 'police helicopter', 'rescue helicopter', 'transport helicopter']
Task ended. Pool join.
Data imbalance checking...
dir: download/civilian helicopter, file_count: 122
dir: download/helicopter, file_count: 122
dir: download/helicopter flying, file_count: 122
dir: download/helicopter landing, file_count: 122
dir: download/military helicopter, file_count: 122
dir: download/police helicopter, file_count: 122
dir: download/rescue helicopter, file_count: 122
dir: download/transport helicopter, file_count: 122
Data imbalance not detected.
End Program
Project root: D:\Workspace\Nam4\KHDL\vehicle-classification\traffic_vehicle_classification
Selected sources: duckduckgo, google, naver
Target raw images per label: 900
[START] helicopter: current=600, target=900
[AutoCrawler] helicopter: crawling from google, naver
[DONE] helicopter: raw_count=900

[Crawl] label=minibus, current_raw=600, next_raw_goal=900

$ C:\Users\Admin\AppData\Local\Programs\Python\Python310\python.exe scripts/crawl_images.py --labels minibus --sources google,naver,duckduckgo --limit-per-label 900
_________________________________
Current web-browser version:	148.0.7778.168
Current chrome-driver version:	148.0.7778.167
_________________________________
Collecting links... mini bus from naver
Scrolling down
Scraping links
Collect links done. Site: naver, Keyword: mini bus, Total: 469
Downloading images from collected links... mini bus from naver
Downloading mini bus from naver: 1 / 120
Downloading mini bus from naver: 2 / 120
Downloading mini bus from naver: 3 / 120
Downloading mini bus from naver: 4 / 120
Downloading mini bus from naver: 5 / 120
Downloading mini bus from naver: 6 / 120
Downloading mini bus from naver: 7 / 120
Downloading mini bus from naver: 8 / 120
Downloading mini bus from naver: 9 / 120
Downloading mini bus from naver: 10 / 120
Downloading mini bus from naver: 11 / 120
Downloading mini bus from naver: 12 / 120
Downloading mini bus from naver: 13 / 120
Downloading mini bus from naver: 14 / 120
Downloading mini bus from naver: 15 / 120
Downloading mini bus from naver: 16 / 120
Downloading mini bus from naver: 17 / 120
Downloading mini bus from naver: 18 / 120
Downloading mini bus from naver: 19 / 120
Downloading mini bus from naver: 20 / 120
Downloading mini bus from naver: 21 / 120
Downloading mini bus from naver: 22 / 120
Downloading mini bus from naver: 23 / 120
Downloading mini bus from naver: 24 / 120
Downloading mini bus from naver: 25 / 120
Downloading mini bus from naver: 26 / 120
Downloading mini bus from naver: 27 / 120
Downloading mini bus from naver: 28 / 120
Downloading mini bus from naver: 29 / 120
Downloading mini bus from naver: 30 / 120
Downloading mini bus from naver: 31 / 120
Downloading mini bus from naver: 32 / 120
Downloading mini bus from naver: 33 / 120
Downloading mini bus from naver: 34 / 120
Downloading mini bus from naver: 35 / 120
Downloading mini bus from naver: 36 / 120
Downloading mini bus from naver: 37 / 120
Downloading mini bus from naver: 38 / 120
Downloading mini bus from naver: 39 / 120
Downloading mini bus from naver: 40 / 120
Downloading mini bus from naver: 41 / 120
Downloading mini bus from naver: 42 / 120
Downloading mini bus from naver: 43 / 120
Downloading mini bus from naver: 44 / 120
Downloading mini bus from naver: 45 / 120
Downloading mini bus from naver: 46 / 120
Downloading mini bus from naver: 47 / 120
Downloading mini bus from naver: 48 / 120
Downloading mini bus from naver: 49 / 120
Downloading mini bus from naver: 50 / 120
Downloading mini bus from naver: 51 / 120
Downloading mini bus from naver: 52 / 120
Downloading mini bus from naver: 53 / 120
Downloading mini bus from naver: 54 / 120
Downloading mini bus from naver: 55 / 120
Downloading mini bus from naver: 56 / 120
Downloading mini bus from naver: 57 / 120
Downloading mini bus from naver: 58 / 120
Downloading mini bus from naver: 59 / 120
Downloading mini bus from naver: 60 / 120
Downloading mini bus from naver: 61 / 120
Downloading mini bus from naver: 62 / 120
Downloading mini bus from naver: 63 / 120
Downloading mini bus from naver: 64 / 120
Downloading mini bus from naver: 65 / 120
Downloading mini bus from naver: 66 / 120
Downloading mini bus from naver: 67 / 120
Downloading mini bus from naver: 68 / 120
Downloading mini bus from naver: 69 / 120
Downloading mini bus from naver: 70 / 120
Downloading mini bus from naver: 71 / 120
Downloading mini bus from naver: 72 / 120
Downloading mini bus from naver: 73 / 120
Downloading mini bus from naver: 74 / 120
Downloading mini bus from naver: 75 / 120
Downloading mini bus from naver: 76 / 120
Downloading mini bus from naver: 77 / 120
Downloading mini bus from naver: 78 / 120
Downloading mini bus from naver: 79 / 120
Downloading mini bus from naver: 80 / 120
Downloading mini bus from naver: 81 / 120
Downloading mini bus from naver: 82 / 120
Downloading mini bus from naver: 83 / 120
Downloading mini bus from naver: 84 / 120
Downloading mini bus from naver: 85 / 120
Downloading mini bus from naver: 86 / 120
Downloading mini bus from naver: 87 / 120
Downloading mini bus from naver: 88 / 120
Downloading mini bus from naver: 89 / 120
Downloading mini bus from naver: 90 / 120
Downloading mini bus from naver: 91 / 120
Downloading mini bus from naver: 92 / 120
Downloading mini bus from naver: 93 / 120
Downloading mini bus from naver: 94 / 120
Downloading mini bus from naver: 95 / 120
Downloading mini bus from naver: 96 / 120
Downloading mini bus from naver: 97 / 120
Downloading mini bus from naver: 98 / 120
Downloading mini bus from naver: 99 / 120
Downloading mini bus from naver: 100 / 120
Downloading mini bus from naver: 101 / 120
Downloading mini bus from naver: 102 / 120
Downloading mini bus from naver: 103 / 120
Downloading mini bus from naver: 104 / 120
Downloading mini bus from naver: 105 / 120
Downloading mini bus from naver: 106 / 120
Downloading mini bus from naver: 107 / 120
Downloading mini bus from naver: 108 / 120
Downloading mini bus from naver: 109 / 120
Downloading mini bus from naver: 110 / 120
Downloading mini bus from naver: 111 / 120
Downloading mini bus from naver: 112 / 120
Downloading mini bus from naver: 113 / 120
Downloading mini bus from naver: 114 / 120
Downloading mini bus from naver: 115 / 120
Downloading mini bus from naver: 116 / 120
Downloading mini bus from naver: 117 / 120
Downloading mini bus from naver: 118 / 120
Downloading mini bus from naver: 119 / 120
Downloading mini bus from naver: 120 / 120
Done naver : mini bus
_________________________________
Current web-browser version:	148.0.7778.168
Current chrome-driver version:	148.0.7778.167
_________________________________
Collecting links... minibus on road from naver
Scrolling down
Scraping links
Collect links done. Site: naver, Keyword: minibus on road, Total: 464
Downloading images from collected links... minibus on road from naver
Downloading minibus on road from naver: 1 / 120
Downloading minibus on road from naver: 2 / 120
Downloading minibus on road from naver: 3 / 120
Downloading minibus on road from naver: 4 / 120
Downloading minibus on road from naver: 5 / 120
Downloading minibus on road from naver: 6 / 120
Downloading minibus on road from naver: 7 / 120
Downloading minibus on road from naver: 8 / 120
Downloading minibus on road from naver: 9 / 120
Downloading minibus on road from naver: 10 / 120
Downloading minibus on road from naver: 11 / 120
Downloading minibus on road from naver: 12 / 120
Downloading minibus on road from naver: 13 / 120
Downloading minibus on road from naver: 14 / 120
Downloading minibus on road from naver: 15 / 120
Downloading minibus on road from naver: 16 / 120
Downloading minibus on road from naver: 17 / 120
Downloading minibus on road from naver: 18 / 120
Downloading minibus on road from naver: 19 / 120
Downloading minibus on road from naver: 20 / 120
Downloading minibus on road from naver: 21 / 120
Downloading minibus on road from naver: 22 / 120
Downloading minibus on road from naver: 23 / 120
Downloading minibus on road from naver: 24 / 120
Downloading minibus on road from naver: 25 / 120
Downloading minibus on road from naver: 26 / 120
Downloading minibus on road from naver: 27 / 120
Downloading minibus on road from naver: 28 / 120
Downloading minibus on road from naver: 29 / 120
Downloading minibus on road from naver: 30 / 120
Downloading minibus on road from naver: 31 / 120
Downloading minibus on road from naver: 32 / 120
Downloading minibus on road from naver: 33 / 120
Downloading minibus on road from naver: 34 / 120
Downloading minibus on road from naver: 35 / 120
Downloading minibus on road from naver: 36 / 120
Downloading minibus on road from naver: 37 / 120
Downloading minibus on road from naver: 38 / 120
Downloading minibus on road from naver: 39 / 120
Downloading minibus on road from naver: 40 / 120
Downloading minibus on road from naver: 41 / 120
Downloading minibus on road from naver: 42 / 120
Downloading minibus on road from naver: 43 / 120
Downloading minibus on road from naver: 44 / 120
Downloading minibus on road from naver: 45 / 120
_________________________________
Current web-browser version:	148.0.7778.168
Current chrome-driver version:	148.0.7778.167
_________________________________
Collecting links... mini bus from google
Scrolling down
Scraping links
Collect links done. Site: google, Keyword: mini bus, Total: 0
Downloading images from collected links... mini bus from google
Done google : mini bus
_________________________________
Current web-browser version:	148.0.7778.168
Current chrome-driver version:	148.0.7778.167
_________________________________
Collecting links... minibus from google
Scrolling down
Scraping links
Collect links done. Site: google, Keyword: minibus, Total: 0
Downloading images from collected links... minibus from google
Done google : minibus
_________________________________
Current web-browser version:	148.0.7778.168
Current chrome-driver version:	148.0.7778.167
_________________________________
Collecting links... passenger minibus from google
Scrolling down
Scraping links
Collect links done. Site: google, Keyword: passenger minibus, Total: 0
Downloading images from collected links... passenger minibus from google
Done google : passenger minibus
_________________________________
Current web-browser version:	148.0.7778.168
Current chrome-driver version:	148.0.7778.167
_________________________________
Collecting links... shuttle minibus from naver
Scrolling down
Scraping links
Collect links done. Site: naver, Keyword: shuttle minibus, Total: 101
Downloading images from collected links... shuttle minibus from naver
Downloading shuttle minibus from naver: 1 / 120
Downloading shuttle minibus from naver: 2 / 120
Downloading shuttle minibus from naver: 3 / 120
Downloading shuttle minibus from naver: 4 / 120
Downloading shuttle minibus from naver: 5 / 120
Downloading shuttle minibus from naver: 6 / 120
Downloading shuttle minibus from naver: 7 / 120
Downloading shuttle minibus from naver: 8 / 120
Downloading shuttle minibus from naver: 9 / 120
Downloading shuttle minibus from naver: 10 / 120
Downloading shuttle minibus from naver: 11 / 120
Downloading shuttle minibus from naver: 12 / 120
Downloading shuttle minibus from naver: 13 / 120
Downloading shuttle minibus from naver: 14 / 120
Downloading shuttle minibus from naver: 15 / 120
Downloading shuttle minibus from naver: 16 / 120
Downloading shuttle minibus from naver: 17 / 120
Downloading shuttle minibus from naver: 18 / 120
Downloading shuttle minibus from naver: 19 / 120
Downloading shuttle minibus from naver: 20 / 120
Downloading shuttle minibus from naver: 21 / 120
Downloading shuttle minibus from naver: 22 / 120
Downloading shuttle minibus from naver: 23 / 120
Downloading shuttle minibus from naver: 24 / 120
Downloading shuttle minibus from naver: 25 / 120
Downloading shuttle minibus from naver: 26 / 120
Downloading shuttle minibus from naver: 27 / 120
Downloading shuttle minibus from naver: 28 / 120
Downloading shuttle minibus from naver: 29 / 120
Downloading shuttle minibus from naver: 30 / 120
Downloading shuttle minibus from naver: 31 / 120
Downloading shuttle minibus from naver: 32 / 120
Downloading shuttle minibus from naver: 33 / 120
Downloading shuttle minibus from naver: 34 / 120
Downloading shuttle minibus from naver: 35 / 120
Downloading shuttle minibus from naver: 36 / 120
Downloading shuttle minibus from naver: 37 / 120
Downloading shuttle minibus from naver: 38 / 120
Downloading shuttle minibus from naver: 39 / 120
Downloading shuttle minibus from naver: 40 / 120
Downloading shuttle minibus from naver: 41 / 120
Downloading shuttle minibus from naver: 42 / 120
Downloading shuttle minibus from naver: 43 / 120
Downloading shuttle minibus from naver: 44 / 120
Downloading shuttle minibus from naver: 45 / 120
Downloading shuttle minibus from naver: 46 / 120
Downloading shuttle minibus from naver: 47 / 120
Downloading shuttle minibus from naver: 48 / 120
Downloading shuttle minibus from naver: 49 / 120
Downloading shuttle minibus from naver: 50 / 120
Downloading shuttle minibus from naver: 51 / 120
Downloading shuttle minibus from naver: 52 / 120
Downloading shuttle minibus from naver: 53 / 120
Downloading shuttle minibus from naver: 54 / 120
Downloading shuttle minibus from naver: 55 / 120
Downloading shuttle minibus from naver: 56 / 120
Downloading shuttle minibus from naver: 57 / 120
Downloading shuttle minibus from naver: 58 / 120
Downloading shuttle minibus from naver: 59 / 120
Downloading shuttle minibus from naver: 60 / 120
Downloading shuttle minibus from naver: 61 / 120
Downloading shuttle minibus from naver: 62 / 120
Downloading shuttle minibus from naver: 63 / 120
Downloading shuttle minibus from naver: 64 / 120
Downloading shuttle minibus from naver: 65 / 120
Downloading shuttle minibus from naver: 66 / 120
Downloading shuttle minibus from naver: 67 / 120
Downloading shuttle minibus from naver: 68 / 120
Downloading shuttle minibus from naver: 69 / 120
Downloading shuttle minibus from naver: 70 / 120
Downloading shuttle minibus from naver: 71 / 120
Downloading shuttle minibus from naver: 72 / 120
Downloading shuttle minibus from naver: 73 / 120
Downloading shuttle minibus from naver: 74 / 120
Downloading shuttle minibus from naver: 75 / 120
Downloading shuttle minibus from naver: 76 / 120
Downloading shuttle minibus from naver: 77 / 120
Downloading shuttle minibus from naver: 78 / 120
Downloading shuttle minibus from naver: 79 / 120
Downloading shuttle minibus from naver: 80 / 120
Downloading shuttle minibus from naver: 81 / 120
Downloading shuttle minibus from naver: 82 / 120
Downloading shuttle minibus from naver: 83 / 120
Downloading shuttle minibus from naver: 84 / 120
Downloading shuttle minibus from naver: 85 / 120
Downloading shuttle minibus from naver: 86 / 120
Downloading shuttle minibus from naver: 87 / 120
Downloading shuttle minibus from naver: 88 / 120
Downloading shuttle minibus from naver: 89 / 120
Downloading shuttle minibus from naver: 90 / 120
Downloading shuttle minibus from naver: 91 / 120
Downloading shuttle minibus from naver: 92 / 120
Downloading shuttle minibus from naver: 93 / 120
Downloading shuttle minibus from naver: 94 / 120
Downloading shuttle minibus from naver: 95 / 120
Downloading shuttle minibus from naver: 96 / 120
Downloading shuttle minibus from naver: 97 / 120
Downloading shuttle minibus from naver: 98 / 120
Downloading shuttle minibus from naver: 99 / 120
Downloading shuttle minibus from naver: 100 / 120
Downloading shuttle minibus from naver: 101 / 120
Done naver : shuttle minibus
Options - skip:False, threads:4, google:True, naver:True, full_resolution:False, face:False, no_gui:False, limit:120, _proxy_list:['']
8 keywords found: ['commuter minibus', 'mini bus', 'minibus', 'minibus on road', 'passenger minibus', 'shuttle minibus', 'small bus', 'van minibus']
Task ended. Pool join.
Data imbalance checking...
dir: download/commuter minibus, file_count: 6
dir: download/mini bus, file_count: 122
dir: download/minibus, file_count: 122
dir: download/minibus on road, file_count: 122
dir: download/passenger minibus, file_count: 122
dir: download/shuttle minibus, file_count: 103
dir: download/small bus, file_count: 122
dir: download/van minibus, file_count: 122
Data imbalance detected.
Below keywords have smaller than 50% of average file count.
I recommend you to remove these directories and re-download for that keyword.
_________________________________
Too small file count directories:
dir: download/commuter minibus, file_count: 6
Remove directories above? (y/n)
End Program
Project root: D:\Workspace\Nam4\KHDL\vehicle-classification\traffic_vehicle_classification
Selected sources: duckduckgo, google, naver
Target raw images per label: 900
[START] minibus: current=600, target=900
[AutoCrawler] minibus: crawling from google, naver
[DONE] minibus: raw_count=900

[Crawl] label=motorcycle, current_raw=600, next_raw_goal=900

$ C:\Users\Admin\AppData\Local\Programs\Python\Python310\python.exe scripts/crawl_images.py --labels motorcycle --sources google,naver,duckduckgo --limit-per-label 900
_________________________________
Current web-browser version:	148.0.7778.168
Current chrome-driver version:	148.0.7778.167
_________________________________
Collecting links... motor scooter from naver
Scrolling down
Scraping links
Collect links done. Site: naver, Keyword: motor scooter, Total: 493
Downloading images from collected links... motor scooter from naver
Downloading motor scooter from naver: 1 / 120
Downloading motor scooter from naver: 2 / 120
Downloading motor scooter from naver: 3 / 120
Downloading motor scooter from naver: 4 / 120
Downloading motor scooter from naver: 5 / 120
Downloading motor scooter from naver: 6 / 120
Downloading motor scooter from naver: 7 / 120
Downloading motor scooter from naver: 8 / 120
Downloading motor scooter from naver: 9 / 120
Downloading motor scooter from naver: 10 / 120
Downloading motor scooter from naver: 11 / 120
Downloading motor scooter from naver: 12 / 120
Downloading motor scooter from naver: 13 / 120
Downloading motor scooter from naver: 14 / 120
Downloading motor scooter from naver: 15 / 120
Downloading motor scooter from naver: 16 / 120
Downloading motor scooter from naver: 17 / 120
Downloading motor scooter from naver: 18 / 120
Downloading motor scooter from naver: 19 / 120
Downloading motor scooter from naver: 20 / 120
Downloading motor scooter from naver: 21 / 120
Downloading motor scooter from naver: 22 / 120
Downloading motor scooter from naver: 23 / 120
Downloading motor scooter from naver: 24 / 120
Downloading motor scooter from naver: 25 / 120
Downloading motor scooter from naver: 26 / 120
Downloading motor scooter from naver: 27 / 120
Downloading motor scooter from naver: 28 / 120
Downloading motor scooter from naver: 29 / 120
Downloading motor scooter from naver: 30 / 120
Downloading motor scooter from naver: 31 / 120
Downloading motor scooter from naver: 32 / 120
Downloading motor scooter from naver: 33 / 120
Downloading motor scooter from naver: 34 / 120
Downloading motor scooter from naver: 35 / 120
Downloading motor scooter from naver: 36 / 120
Downloading motor scooter from naver: 37 / 120
Downloading motor scooter from naver: 38 / 120
Downloading motor scooter from naver: 39 / 120
Downloading motor scooter from naver: 40 / 120
Downloading motor scooter from naver: 41 / 120
Downloading motor scooter from naver: 42 / 120
Downloading motor scooter from naver: 43 / 120
Downloading motor scooter from naver: 44 / 120
Downloading motor scooter from naver: 45 / 120
Downloading motor scooter from naver: 46 / 120
Downloading motor scooter from naver: 47 / 120
Downloading motor scooter from naver: 48 / 120
Downloading motor scooter from naver: 49 / 120
Downloading motor scooter from naver: 50 / 120
Downloading motor scooter from naver: 51 / 120
Downloading motor scooter from naver: 52 / 120
Downloading motor scooter from naver: 53 / 120
Downloading motor scooter from naver: 54 / 120
Downloading motor scooter from naver: 55 / 120
Downloading motor scooter from naver: 56 / 120
Downloading motor scooter from naver: 57 / 120
Downloading motor scooter from naver: 58 / 120
Downloading motor scooter from naver: 59 / 120
Downloading motor scooter from naver: 60 / 120
Downloading motor scooter from naver: 61 / 120
Downloading motor scooter from naver: 62 / 120
Downloading motor scooter from naver: 63 / 120
Downloading motor scooter from naver: 64 / 120
Downloading motor scooter from naver: 65 / 120
Downloading motor scooter from naver: 66 / 120
Downloading motor scooter from naver: 67 / 120
Downloading motor scooter from naver: 68 / 120
Downloading motor scooter from naver: 69 / 120
Downloading motor scooter from naver: 70 / 120
Downloading motor scooter from naver: 71 / 120
Downloading motor scooter from naver: 72 / 120
Downloading motor scooter from naver: 73 / 120
Downloading motor scooter from naver: 74 / 120
Downloading motor scooter from naver: 75 / 120
Downloading motor scooter from naver: 76 / 120
Downloading motor scooter from naver: 77 / 120
Downloading motor scooter from naver: 78 / 120
Downloading motor scooter from naver: 79 / 120
Downloading motor scooter from naver: 80 / 120
Downloading motor scooter from naver: 81 / 120
Downloading motor scooter from naver: 82 / 120
Downloading motor scooter from naver: 83 / 120
Downloading motor scooter from naver: 84 / 120
Downloading motor scooter from naver: 85 / 120
Downloading motor scooter from naver: 86 / 120
Downloading motor scooter from naver: 87 / 120
Downloading motor scooter from naver: 88 / 120
Downloading motor scooter from naver: 89 / 120
Downloading motor scooter from naver: 90 / 120
Downloading motor scooter from naver: 91 / 120
Downloading motor scooter from naver: 92 / 120
Downloading motor scooter from naver: 93 / 120
Downloading motor scooter from naver: 94 / 120
Downloading motor scooter from naver: 95 / 120
Downloading motor scooter from naver: 96 / 120
Downloading motor scooter from naver: 97 / 120
Downloading motor scooter from naver: 98 / 120
Downloading motor scooter from naver: 99 / 120
Downloading motor scooter from naver: 100 / 120
Downloading motor scooter from naver: 101 / 120
Downloading motor scooter from naver: 102 / 120
Downloading motor scooter from naver: 103 / 120
Downloading motor scooter from naver: 104 / 120
Downloading motor scooter from naver: 105 / 120
Downloading motor scooter from naver: 106 / 120
Downloading motor scooter from naver: 107 / 120
Downloading motor scooter from naver: 108 / 120
Downloading motor scooter from naver: 109 / 120
Downloading motor scooter from naver: 110 / 120
Downloading motor scooter from naver: 111 / 120
Downloading motor scooter from naver: 112 / 120
Downloading motor scooter from naver: 113 / 120
Downloading motor scooter from naver: 114 / 120
Downloading motor scooter from naver: 115 / 120
Downloading motor scooter from naver: 116 / 120
Downloading motor scooter from naver: 117 / 120
Downloading motor scooter from naver: 118 / 120
Downloading motor scooter from naver: 119 / 120
Downloading motor scooter from naver: 120 / 120
Done naver : motor scooter
_________________________________
Current web-browser version:	148.0.7778.168
Current chrome-driver version:	148.0.7778.167
_________________________________
Collecting links... motorcycle on road from naver
Scrolling down
Scraping links
Collect links done. Site: naver, Keyword: motorcycle on road, Total: 486
Downloading images from collected links... motorcycle on road from naver
Downloading motorcycle on road from naver: 1 / 120
Downloading motorcycle on road from naver: 2 / 120
Downloading motorcycle on road from naver: 3 / 120
Downloading motorcycle on road from naver: 4 / 120
Downloading motorcycle on road from naver: 5 / 120
Downloading motorcycle on road from naver: 6 / 120
Downloading motorcycle on road from naver: 7 / 120
Downloading motorcycle on road from naver: 8 / 120
Downloading motorcycle on road from naver: 9 / 120
Downloading motorcycle on road from naver: 10 / 120
Downloading motorcycle on road from naver: 11 / 120
Downloading motorcycle on road from naver: 12 / 120
Downloading motorcycle on road from naver: 13 / 120
Downloading motorcycle on road from naver: 14 / 120
Downloading motorcycle on road from naver: 15 / 120
Downloading motorcycle on road from naver: 16 / 120
Downloading motorcycle on road from naver: 17 / 120
Downloading motorcycle on road from naver: 18 / 120
Downloading motorcycle on road from naver: 19 / 120
Downloading motorcycle on road from naver: 20 / 120
Downloading motorcycle on road from naver: 21 / 120
Downloading motorcycle on road from naver: 22 / 120
Downloading motorcycle on road from naver: 23 / 120
Downloading motorcycle on road from naver: 24 / 120
Downloading motorcycle on road from naver: 25 / 120
Downloading motorcycle on road from naver: 26 / 120
Downloading motorcycle on road from naver: 27 / 120
Downloading motorcycle on road from naver: 28 / 120
Downloading motorcycle on road from naver: 29 / 120
Downloading motorcycle on road from naver: 30 / 120
_________________________________
Current web-browser version:	148.0.7778.168
Current chrome-driver version:	148.0.7778.167
_________________________________
Collecting links... motor scooter from google
Scrolling down
Scraping links
Collect links done. Site: google, Keyword: motor scooter, Total: 0
Downloading images from collected links... motor scooter from google
Done google : motor scooter
_________________________________
Current web-browser version:	148.0.7778.168
Current chrome-driver version:	148.0.7778.167
_________________________________
Collecting links... motorcycle from naver
Scrolling down
Scraping links
Collect links done. Site: naver, Keyword: motorcycle, Total: 490
Downloading images from collected links... motorcycle from naver
Downloading motorcycle from naver: 1 / 120
Downloading motorcycle from naver: 2 / 120
Downloading motorcycle from naver: 3 / 120
Downloading motorcycle from naver: 4 / 120
Downloading motorcycle from naver: 5 / 120
Downloading motorcycle from naver: 6 / 120
Downloading motorcycle from naver: 7 / 120
Downloading motorcycle from naver: 8 / 120
Downloading motorcycle from naver: 9 / 120
Downloading motorcycle from naver: 10 / 120
Downloading motorcycle from naver: 11 / 120
Downloading motorcycle from naver: 12 / 120
Downloading motorcycle from naver: 13 / 120
Downloading motorcycle from naver: 14 / 120
Downloading motorcycle from naver: 15 / 120
Downloading motorcycle from naver: 16 / 120
Downloading motorcycle from naver: 17 / 120
Downloading motorcycle from naver: 18 / 120
Downloading motorcycle from naver: 19 / 120
Downloading motorcycle from naver: 20 / 120
Downloading motorcycle from naver: 21 / 120
Downloading motorcycle from naver: 22 / 120
Downloading motorcycle from naver: 23 / 120
Downloading motorcycle from naver: 24 / 120
Downloading motorcycle from naver: 25 / 120
Downloading motorcycle from naver: 26 / 120
Downloading motorcycle from naver: 27 / 120
Downloading motorcycle from naver: 28 / 120
Downloading motorcycle from naver: 29 / 120
Downloading motorcycle from naver: 30 / 120
Downloading motorcycle from naver: 31 / 120
Downloading motorcycle from naver: 32 / 120
Downloading motorcycle from naver: 33 / 120
Downloading motorcycle from naver: 34 / 120
Downloading motorcycle from naver: 35 / 120
Downloading motorcycle from naver: 36 / 120
Downloading motorcycle from naver: 37 / 120
Downloading motorcycle from naver: 38 / 120
Downloading motorcycle from naver: 39 / 120
Downloading motorcycle from naver: 40 / 120
Downloading motorcycle from naver: 41 / 120
Downloading motorcycle from naver: 42 / 120
Downloading motorcycle from naver: 43 / 120
Downloading motorcycle from naver: 44 / 120
Downloading motorcycle from naver: 45 / 120
Downloading motorcycle from naver: 46 / 120
Downloading motorcycle from naver: 47 / 120
Downloading motorcycle from naver: 48 / 120
Downloading motorcycle from naver: 49 / 120
Downloading motorcycle from naver: 50 / 120
Downloading motorcycle from naver: 51 / 120
Downloading motorcycle from naver: 52 / 120
Downloading motorcycle from naver: 53 / 120
Downloading motorcycle from naver: 54 / 120
Downloading motorcycle from naver: 55 / 120
Downloading motorcycle from naver: 56 / 120
Downloading motorcycle from naver: 57 / 120
Downloading motorcycle from naver: 58 / 120
Downloading motorcycle from naver: 59 / 120
Downloading motorcycle from naver: 60 / 120
Downloading motorcycle from naver: 61 / 120
Downloading motorcycle from naver: 62 / 120
Downloading motorcycle from naver: 63 / 120
Downloading motorcycle from naver: 64 / 120
Downloading motorcycle from naver: 65 / 120
Downloading motorcycle from naver: 66 / 120
Downloading motorcycle from naver: 67 / 120
Downloading motorcycle from naver: 68 / 120
Downloading motorcycle from naver: 69 / 120
Downloading motorcycle from naver: 70 / 120
Downloading motorcycle from naver: 71 / 120
Downloading motorcycle from naver: 72 / 120
Downloading motorcycle from naver: 73 / 120
Downloading motorcycle from naver: 74 / 120
Downloading motorcycle from naver: 75 / 120
Downloading motorcycle from naver: 76 / 120
Downloading motorcycle from naver: 77 / 120
Downloading motorcycle from naver: 78 / 120
Downloading motorcycle from naver: 79 / 120
Downloading motorcycle from naver: 80 / 120
Renamed extension jpg -> png
Downloading motorcycle from naver: 81 / 120
Downloading motorcycle from naver: 82 / 120
Downloading motorcycle from naver: 83 / 120
Downloading motorcycle from naver: 84 / 120
Downloading motorcycle from naver: 85 / 120
Downloading motorcycle from naver: 86 / 120
Downloading motorcycle from naver: 87 / 120
Downloading motorcycle from naver: 88 / 120
Downloading motorcycle from naver: 89 / 120
Downloading motorcycle from naver: 90 / 120
Downloading motorcycle from naver: 91 / 120
Downloading motorcycle from naver: 92 / 120
Downloading motorcycle from naver: 93 / 120
Downloading motorcycle from naver: 94 / 120
Downloading motorcycle from naver: 95 / 120
Downloading motorcycle from naver: 96 / 120
Downloading motorcycle from naver: 97 / 120
Downloading motorcycle from naver: 98 / 120
Downloading motorcycle from naver: 99 / 120
Downloading motorcycle from naver: 100 / 120
Downloading motorcycle from naver: 101 / 120
Downloading motorcycle from naver: 102 / 120
Downloading motorcycle from naver: 103 / 120
Downloading motorcycle from naver: 104 / 120
Downloading motorcycle from naver: 105 / 120
Downloading motorcycle from naver: 106 / 120
Downloading motorcycle from naver: 107 / 120
Downloading motorcycle from naver: 108 / 120
Downloading motorcycle from naver: 109 / 120
Downloading motorcycle from naver: 110 / 120
Downloading motorcycle from naver: 111 / 120
Renamed extension jpg -> png
Downloading motorcycle from naver: 112 / 120
Downloading motorcycle from naver: 113 / 120
Downloading motorcycle from naver: 114 / 120
Downloading motorcycle from naver: 115 / 120
Downloading motorcycle from naver: 116 / 120
Downloading motorcycle from naver: 117 / 120
Downloading motorcycle from naver: 118 / 120
Downloading motorcycle from naver: 119 / 120
Downloading motorcycle from naver: 120 / 120
Done naver : motorcycle
_________________________________
Current web-browser version:	148.0.7778.168
Current chrome-driver version:	148.0.7778.167
_________________________________
Collecting links... sport motorcycle from google
Scrolling down
Scraping links
Collect links done. Site: google, Keyword: sport motorcycle, Total: 0
Downloading images from collected links... sport motorcycle from google
Done google : sport motorcycle
_________________________________
Current web-browser version:	148.0.7778.168
Current chrome-driver version:	148.0.7778.167
_________________________________
Collecting links... street motorcycle from google
Scrolling down
Scraping links
Collect links done. Site: google, Keyword: street motorcycle, Total: 0
Downloading images from collected links... street motorcycle from google
Done google : street motorcycle
Options - skip:False, threads:4, google:True, naver:True, full_resolution:False, face:False, no_gui:False, limit:120, _proxy_list:['']
8 keywords found: ['motor scooter', 'motorbike', 'motorcycle', 'motorcycle on road', 'scooter motorcycle', 'sport motorcycle', 'street motorcycle', 'touring motorcycle']
Task ended. Pool join.
Data imbalance checking...
dir: download/motor scooter, file_count: 122
dir: download/motorbike, file_count: 122
dir: download/motorcycle, file_count: 122
dir: download/motorcycle on road, file_count: 122
dir: download/scooter motorcycle, file_count: 122
dir: download/sport motorcycle, file_count: 122
dir: download/street motorcycle, file_count: 122
dir: download/touring motorcycle, file_count: 122
Data imbalance not detected.
End Program
Project root: D:\Workspace\Nam4\KHDL\vehicle-classification\traffic_vehicle_classification
Selected sources: duckduckgo, google, naver
Target raw images per label: 900
[START] motorcycle: current=600, target=900
[AutoCrawler] motorcycle: crawling from google, naver
[DONE] motorcycle: raw_count=900

[Crawl] label=taxi, current_raw=600, next_raw_goal=900

$ C:\Users\Admin\AppData\Local\Programs\Python\Python310\python.exe scripts/crawl_images.py --labels taxi --sources google,naver,duckduckgo --limit-per-label 900
_________________________________
Current web-browser version:	148.0.7778.168
Current chrome-driver version:	148.0.7778.167
_________________________________
Collecting links... cab car from naver
Scrolling down
Scraping links
Collect links done. Site: naver, Keyword: cab car, Total: 487
Downloading images from collected links... cab car from naver
Downloading cab car from naver: 1 / 120
Downloading cab car from naver: 2 / 120
Downloading cab car from naver: 3 / 120
Downloading cab car from naver: 4 / 120
Downloading cab car from naver: 5 / 120
Downloading cab car from naver: 6 / 120
Downloading cab car from naver: 7 / 120
Downloading cab car from naver: 8 / 120
Downloading cab car from naver: 9 / 120
Downloading cab car from naver: 10 / 120
Downloading cab car from naver: 11 / 120
Downloading cab car from naver: 12 / 120
Downloading cab car from naver: 13 / 120
Downloading cab car from naver: 14 / 120
Downloading cab car from naver: 15 / 120
Downloading cab car from naver: 16 / 120
Downloading cab car from naver: 17 / 120
Downloading cab car from naver: 18 / 120
Downloading cab car from naver: 19 / 120
Downloading cab car from naver: 20 / 120
Downloading cab car from naver: 21 / 120
Downloading cab car from naver: 22 / 120
Downloading cab car from naver: 23 / 120
Downloading cab car from naver: 24 / 120
Downloading cab car from naver: 25 / 120
Downloading cab car from naver: 26 / 120
Downloading cab car from naver: 27 / 120
Downloading cab car from naver: 28 / 120
Downloading cab car from naver: 29 / 120
Downloading cab car from naver: 30 / 120
Downloading cab car from naver: 31 / 120
Downloading cab car from naver: 32 / 120
Downloading cab car from naver: 33 / 120
Downloading cab car from naver: 34 / 120
Downloading cab car from naver: 35 / 120
Downloading cab car from naver: 36 / 120
Downloading cab car from naver: 37 / 120
Downloading cab car from naver: 38 / 120
Downloading cab car from naver: 39 / 120
Downloading cab car from naver: 40 / 120
Downloading cab car from naver: 41 / 120
Downloading cab car from naver: 42 / 120
Downloading cab car from naver: 43 / 120
Downloading cab car from naver: 44 / 120
Downloading cab car from naver: 45 / 120
Downloading cab car from naver: 46 / 120
Downloading cab car from naver: 47 / 120
Downloading cab car from naver: 48 / 120
Downloading cab car from naver: 49 / 120
Downloading cab car from naver: 50 / 120
Downloading cab car from naver: 51 / 120
Downloading cab car from naver: 52 / 120
Downloading cab car from naver: 53 / 120
Downloading cab car from naver: 54 / 120
Downloading cab car from naver: 55 / 120
Downloading cab car from naver: 56 / 120
Downloading cab car from naver: 57 / 120
Downloading cab car from naver: 58 / 120
Downloading cab car from naver: 59 / 120
Downloading cab car from naver: 60 / 120
Downloading cab car from naver: 61 / 120
Downloading cab car from naver: 62 / 120
Downloading cab car from naver: 63 / 120
Downloading cab car from naver: 64 / 120
Downloading cab car from naver: 65 / 120
Downloading cab car from naver: 66 / 120
Downloading cab car from naver: 67 / 120
Downloading cab car from naver: 68 / 120
Downloading cab car from naver: 69 / 120
Downloading cab car from naver: 70 / 120
Downloading cab car from naver: 71 / 120
Downloading cab car from naver: 72 / 120
Downloading cab car from naver: 73 / 120
Downloading cab car from naver: 74 / 120
Downloading cab car from naver: 75 / 120
Downloading cab car from naver: 76 / 120
Downloading cab car from naver: 77 / 120
Downloading cab car from naver: 78 / 120
Downloading cab car from naver: 79 / 120
Downloading cab car from naver: 80 / 120
Downloading cab car from naver: 81 / 120
Downloading cab car from naver: 82 / 120
Downloading cab car from naver: 83 / 120
Downloading cab car from naver: 84 / 120
Downloading cab car from naver: 85 / 120
Downloading cab car from naver: 86 / 120
Downloading cab car from naver: 87 / 120
Downloading cab car from naver: 88 / 120
Downloading cab car from naver: 89 / 120
Downloading cab car from naver: 90 / 120
Downloading cab car from naver: 91 / 120
Downloading cab car from naver: 92 / 120
Downloading cab car from naver: 93 / 120
Downloading cab car from naver: 94 / 120
Downloading cab car from naver: 95 / 120
Downloading cab car from naver: 96 / 120
Downloading cab car from naver: 97 / 120
Downloading cab car from naver: 98 / 120
Downloading cab car from naver: 99 / 120
Downloading cab car from naver: 100 / 120
Downloading cab car from naver: 101 / 120
Downloading cab car from naver: 102 / 120
Downloading cab car from naver: 103 / 120
Downloading cab car from naver: 104 / 120
Downloading cab car from naver: 105 / 120
Downloading cab car from naver: 106 / 120
Downloading cab car from naver: 107 / 120
Downloading cab car from naver: 108 / 120
Downloading cab car from naver: 109 / 120
Downloading cab car from naver: 110 / 120
Downloading cab car from naver: 111 / 120
Downloading cab car from naver: 112 / 120
Downloading cab car from naver: 113 / 120
Downloading cab car from naver: 114 / 120
Downloading cab car from naver: 115 / 120
Downloading cab car from naver: 116 / 120
Downloading cab car from naver: 117 / 120
Downloading cab car from naver: 118 / 120
Downloading cab car from naver: 119 / 120
Downloading cab car from naver: 120 / 120
Done naver : cab car
_________________________________
Current web-browser version:	148.0.7778.168
Current chrome-driver version:	148.0.7778.167
_________________________________
Collecting links... metered taxi from google
Scrolling down
Scraping links
Collect links done. Site: google, Keyword: metered taxi, Total: 0
Downloading images from collected links... metered taxi from google
Done google : metered taxi
_________________________________
Current web-browser version:	148.0.7778.168
Current chrome-driver version:	148.0.7778.167
_________________________________
Collecting links... taxi from naver
Scrolling down
Scraping links
Collect links done. Site: naver, Keyword: taxi, Total: 490
Downloading images from collected links... taxi from naver
Downloading taxi from naver: 1 / 120
Downloading taxi from naver: 2 / 120
Downloading taxi from naver: 3 / 120
Downloading taxi from naver: 4 / 120
Downloading taxi from naver: 5 / 120
Downloading taxi from naver: 6 / 120
Downloading taxi from naver: 7 / 120
Downloading taxi from naver: 8 / 120
Downloading taxi from naver: 9 / 120
Downloading taxi from naver: 10 / 120
Downloading taxi from naver: 11 / 120
Downloading taxi from naver: 12 / 120
Downloading taxi from naver: 13 / 120
Downloading taxi from naver: 14 / 120
Downloading taxi from naver: 15 / 120
Downloading taxi from naver: 16 / 120
Downloading taxi from naver: 17 / 120
Downloading taxi from naver: 18 / 120
Downloading taxi from naver: 19 / 120
Downloading taxi from naver: 20 / 120
Downloading taxi from naver: 21 / 120
Downloading taxi from naver: 22 / 120
Downloading taxi from naver: 23 / 120
Downloading taxi from naver: 24 / 120
Downloading taxi from naver: 25 / 120
Downloading taxi from naver: 26 / 120
Downloading taxi from naver: 27 / 120
Downloading taxi from naver: 28 / 120
Downloading taxi from naver: 29 / 120
Downloading taxi from naver: 30 / 120
Downloading taxi from naver: 31 / 120
Downloading taxi from naver: 32 / 120
Downloading taxi from naver: 33 / 120
Downloading taxi from naver: 34 / 120
Downloading taxi from naver: 35 / 120
Downloading taxi from naver: 36 / 120
Downloading taxi from naver: 37 / 120
Downloading taxi from naver: 38 / 120
Downloading taxi from naver: 39 / 120
Downloading taxi from naver: 40 / 120
Downloading taxi from naver: 41 / 120
Downloading taxi from naver: 42 / 120
Downloading taxi from naver: 43 / 120
Downloading taxi from naver: 44 / 120
Downloading taxi from naver: 45 / 120
Downloading taxi from naver: 46 / 120
Downloading taxi from naver: 47 / 120
Downloading taxi from naver: 48 / 120
Downloading taxi from naver: 49 / 120
Downloading taxi from naver: 50 / 120
Downloading taxi from naver: 51 / 120
_________________________________
Current web-browser version:	148.0.7778.168
Current chrome-driver version:	148.0.7778.167
_________________________________
Collecting links... airport taxi from google
Scrolling down
Scraping links
Collect links done. Site: google, Keyword: airport taxi, Total: 0
Downloading images from collected links... airport taxi from google
Done google : airport taxi
_________________________________
Current web-browser version:	148.0.7778.168
Current chrome-driver version:	148.0.7778.167
_________________________________
Collecting links... city taxi from google
Scrolling down
Scraping links
Collect links done. Site: google, Keyword: city taxi, Total: 0
Downloading images from collected links... city taxi from google
Done google : city taxi
_________________________________
Current web-browser version:	148.0.7778.168
Current chrome-driver version:	148.0.7778.167
_________________________________
Collecting links... taxi from google
Scrolling down
Scraping links
Collect links done. Site: google, Keyword: taxi, Total: 0
Downloading images from collected links... taxi from google
Done google : taxi
_________________________________
Current web-browser version:	148.0.7778.168
Current chrome-driver version:	148.0.7778.167
_________________________________
Collecting links... taxi cab from naver
Scrolling down
Scraping links
Collect links done. Site: naver, Keyword: taxi cab, Total: 486
Downloading images from collected links... taxi cab from naver
Downloading taxi cab from naver: 1 / 120
Downloading taxi cab from naver: 2 / 120
Downloading taxi cab from naver: 3 / 120
Downloading taxi cab from naver: 4 / 120
Downloading taxi cab from naver: 5 / 120
Downloading taxi cab from naver: 6 / 120
Downloading taxi cab from naver: 7 / 120
Downloading taxi cab from naver: 8 / 120
Downloading taxi cab from naver: 9 / 120
Downloading taxi cab from naver: 10 / 120
Downloading taxi cab from naver: 11 / 120
Downloading taxi cab from naver: 12 / 120
Downloading taxi cab from naver: 13 / 120
Downloading taxi cab from naver: 14 / 120
Downloading taxi cab from naver: 15 / 120
Downloading taxi cab from naver: 16 / 120
Downloading taxi cab from naver: 17 / 120
Downloading taxi cab from naver: 18 / 120
Downloading taxi cab from naver: 19 / 120
Downloading taxi cab from naver: 20 / 120
Downloading taxi cab from naver: 21 / 120
Downloading taxi cab from naver: 22 / 120
Downloading taxi cab from naver: 23 / 120
Downloading taxi cab from naver: 24 / 120
Downloading taxi cab from naver: 25 / 120
Downloading taxi cab from naver: 26 / 120
Downloading taxi cab from naver: 27 / 120
Downloading taxi cab from naver: 28 / 120
Downloading taxi cab from naver: 29 / 120
Downloading taxi cab from naver: 30 / 120
Downloading taxi cab from naver: 31 / 120
Downloading taxi cab from naver: 32 / 120
Downloading taxi cab from naver: 33 / 120
Downloading taxi cab from naver: 34 / 120
Downloading taxi cab from naver: 35 / 120
Downloading taxi cab from naver: 36 / 120
Downloading taxi cab from naver: 37 / 120
Downloading taxi cab from naver: 38 / 120
Downloading taxi cab from naver: 39 / 120
Downloading taxi cab from naver: 40 / 120
Downloading taxi cab from naver: 41 / 120
Downloading taxi cab from naver: 42 / 120
Downloading taxi cab from naver: 43 / 120
Downloading taxi cab from naver: 44 / 120
Downloading taxi cab from naver: 45 / 120
Downloading taxi cab from naver: 46 / 120
Downloading taxi cab from naver: 47 / 120
Downloading taxi cab from naver: 48 / 120
Downloading taxi cab from naver: 49 / 120
Downloading taxi cab from naver: 50 / 120
Downloading taxi cab from naver: 51 / 120
Downloading taxi cab from naver: 52 / 120
Downloading taxi cab from naver: 53 / 120
Downloading taxi cab from naver: 54 / 120
Downloading taxi cab from naver: 55 / 120
Downloading taxi cab from naver: 56 / 120
Downloading taxi cab from naver: 57 / 120
Downloading taxi cab from naver: 58 / 120
Downloading taxi cab from naver: 59 / 120
Renamed extension jpg -> png
Downloading taxi cab from naver: 60 / 120
Downloading taxi cab from naver: 61 / 120
Downloading taxi cab from naver: 62 / 120
Downloading taxi cab from naver: 63 / 120
Downloading taxi cab from naver: 64 / 120
Downloading taxi cab from naver: 65 / 120
Downloading taxi cab from naver: 66 / 120
Downloading taxi cab from naver: 67 / 120
Downloading taxi cab from naver: 68 / 120
Downloading taxi cab from naver: 69 / 120
Downloading taxi cab from naver: 70 / 120
Downloading taxi cab from naver: 71 / 120
Downloading taxi cab from naver: 72 / 120
Downloading taxi cab from naver: 73 / 120
Downloading taxi cab from naver: 74 / 120
Downloading taxi cab from naver: 75 / 120
Downloading taxi cab from naver: 76 / 120
Downloading taxi cab from naver: 77 / 120
Downloading taxi cab from naver: 78 / 120
Downloading taxi cab from naver: 79 / 120
Downloading taxi cab from naver: 80 / 120
Downloading taxi cab from naver: 81 / 120
Downloading taxi cab from naver: 82 / 120
Downloading taxi cab from naver: 83 / 120
Downloading taxi cab from naver: 84 / 120
Downloading taxi cab from naver: 85 / 120
Downloading taxi cab from naver: 86 / 120
Downloading taxi cab from naver: 87 / 120
Downloading taxi cab from naver: 88 / 120
Downloading taxi cab from naver: 89 / 120
Downloading taxi cab from naver: 90 / 120
Downloading taxi cab from naver: 91 / 120
Downloading taxi cab from naver: 92 / 120
Downloading taxi cab from naver: 93 / 120
Downloading taxi cab from naver: 94 / 120
Downloading taxi cab from naver: 95 / 120
Downloading taxi cab from naver: 96 / 120
Downloading taxi cab from naver: 97 / 120
Downloading taxi cab from naver: 98 / 120
Downloading taxi cab from naver: 99 / 120
Downloading taxi cab from naver: 100 / 120
Downloading taxi cab from naver: 101 / 120
Downloading taxi cab from naver: 102 / 120
Downloading taxi cab from naver: 103 / 120
Downloading taxi cab from naver: 104 / 120
Downloading taxi cab from naver: 105 / 120
Downloading taxi cab from naver: 106 / 120
Downloading taxi cab from naver: 107 / 120
Downloading taxi cab from naver: 108 / 120
Downloading taxi cab from naver: 109 / 120
Downloading taxi cab from naver: 110 / 120
Downloading taxi cab from naver: 111 / 120
Downloading taxi cab from naver: 112 / 120
Downloading taxi cab from naver: 113 / 120
Downloading taxi cab from naver: 114 / 120
Downloading taxi cab from naver: 115 / 120
Downloading taxi cab from naver: 116 / 120
Downloading taxi cab from naver: 117 / 120
Downloading taxi cab from naver: 118 / 120
Downloading taxi cab from naver: 119 / 120
Downloading taxi cab from naver: 120 / 120
Done naver : taxi cab
Options - skip:False, threads:4, google:True, naver:True, full_resolution:False, face:False, no_gui:False, limit:120, _proxy_list:['']
8 keywords found: ['airport taxi', 'cab car', 'city taxi', 'metered taxi', 'taxi', 'taxi cab', 'taxi on street', 'yellow taxi']
Task ended. Pool join.
Data imbalance checking...
dir: download/airport taxi, file_count: 122
dir: download/cab car, file_count: 122
dir: download/city taxi, file_count: 122
dir: download/metered taxi, file_count: 61
dir: download/taxi, file_count: 122
dir: download/taxi cab, file_count: 122
dir: download/taxi on street, file_count: 122
dir: download/yellow taxi, file_count: 122
Data imbalance not detected.
End Program
Project root: D:\Workspace\Nam4\KHDL\vehicle-classification\traffic_vehicle_classification
Selected sources: duckduckgo, google, naver
Target raw images per label: 900
[START] taxi: current=600, target=900
[AutoCrawler] taxi: crawling from google, naver
[DONE] taxi: raw_count=900

[Crawl] label=train, current_raw=600, next_raw_goal=900

$ C:\Users\Admin\AppData\Local\Programs\Python\Python310\python.exe scripts/crawl_images.py --labels train --sources google,naver,duckduckgo --limit-per-label 900
_________________________________
Current web-browser version:	148.0.7778.168
Current chrome-driver version:	148.0.7778.167
_________________________________
Collecting links... freight train from naver
Scrolling down
Scraping links
Collect links done. Site: naver, Keyword: freight train, Total: 494
Downloading images from collected links... freight train from naver
Downloading freight train from naver: 1 / 120
Downloading freight train from naver: 2 / 120
Downloading freight train from naver: 3 / 120
Downloading freight train from naver: 4 / 120
Downloading freight train from naver: 5 / 120
Downloading freight train from naver: 6 / 120
Downloading freight train from naver: 7 / 120
Downloading freight train from naver: 8 / 120
Downloading freight train from naver: 9 / 120
Downloading freight train from naver: 10 / 120
Renamed extension jpg -> png
Downloading freight train from naver: 11 / 120
Downloading freight train from naver: 12 / 120
Downloading freight train from naver: 13 / 120
Downloading freight train from naver: 14 / 120
Downloading freight train from naver: 15 / 120
Downloading freight train from naver: 16 / 120
Downloading freight train from naver: 17 / 120
Downloading freight train from naver: 18 / 120
Downloading freight train from naver: 19 / 120
Downloading freight train from naver: 20 / 120
Downloading freight train from naver: 21 / 120
Downloading freight train from naver: 22 / 120
Downloading freight train from naver: 23 / 120
Downloading freight train from naver: 24 / 120
Downloading freight train from naver: 25 / 120
Downloading freight train from naver: 26 / 120
Downloading freight train from naver: 27 / 120
Downloading freight train from naver: 28 / 120
Downloading freight train from naver: 29 / 120
Downloading freight train from naver: 30 / 120
Renamed extension jpg -> png
Downloading freight train from naver: 31 / 120
Downloading freight train from naver: 32 / 120
Downloading freight train from naver: 33 / 120
Downloading freight train from naver: 34 / 120
Downloading freight train from naver: 35 / 120
Renamed extension jpg -> png
Downloading freight train from naver: 36 / 120
Downloading freight train from naver: 37 / 120
Downloading freight train from naver: 38 / 120
Downloading freight train from naver: 39 / 120
Downloading freight train from naver: 40 / 120
Downloading freight train from naver: 41 / 120
Downloading freight train from naver: 42 / 120
Downloading freight train from naver: 43 / 120
Downloading freight train from naver: 44 / 120
Downloading freight train from naver: 45 / 120
Downloading freight train from naver: 46 / 120
Downloading freight train from naver: 47 / 120
Downloading freight train from naver: 48 / 120
Downloading freight train from naver: 49 / 120
Downloading freight train from naver: 50 / 120
Downloading freight train from naver: 51 / 120
Downloading freight train from naver: 52 / 120
Downloading freight train from naver: 53 / 120
Downloading freight train from naver: 54 / 120
Downloading freight train from naver: 55 / 120
Downloading freight train from naver: 56 / 120
Downloading freight train from naver: 57 / 120
Downloading freight train from naver: 58 / 120
Renamed extension jpg -> png
Downloading freight train from naver: 59 / 120
Downloading freight train from naver: 60 / 120
Downloading freight train from naver: 61 / 120
Downloading freight train from naver: 62 / 120
Downloading freight train from naver: 63 / 120
Downloading freight train from naver: 64 / 120
Downloading freight train from naver: 65 / 120
Downloading freight train from naver: 66 / 120
Downloading freight train from naver: 67 / 120
Downloading freight train from naver: 68 / 120
Downloading freight train from naver: 69 / 120
Downloading freight train from naver: 70 / 120
Downloading freight train from naver: 71 / 120
Downloading freight train from naver: 72 / 120
Downloading freight train from naver: 73 / 120
Downloading freight train from naver: 74 / 120
Downloading freight train from naver: 75 / 120
Downloading freight train from naver: 76 / 120
Downloading freight train from naver: 77 / 120
Downloading freight train from naver: 78 / 120
Downloading freight train from naver: 79 / 120
Downloading freight train from naver: 80 / 120
Downloading freight train from naver: 81 / 120
Downloading freight train from naver: 82 / 120
Downloading freight train from naver: 83 / 120
Downloading freight train from naver: 84 / 120
Downloading freight train from naver: 85 / 120
Downloading freight train from naver: 86 / 120
Downloading freight train from naver: 87 / 120
Downloading freight train from naver: 88 / 120
Downloading freight train from naver: 89 / 120
Downloading freight train from naver: 90 / 120
Downloading freight train from naver: 91 / 120
Downloading freight train from naver: 92 / 120
Downloading freight train from naver: 93 / 120
Downloading freight train from naver: 94 / 120
Downloading freight train from naver: 95 / 120
Downloading freight train from naver: 96 / 120
Downloading freight train from naver: 97 / 120
Downloading freight train from naver: 98 / 120
Downloading freight train from naver: 99 / 120
Downloading freight train from naver: 100 / 120
Downloading freight train from naver: 101 / 120
Downloading freight train from naver: 102 / 120
Downloading freight train from naver: 103 / 120
Downloading freight train from naver: 104 / 120
Downloading freight train from naver: 105 / 120
Downloading freight train from naver: 106 / 120
Downloading freight train from naver: 107 / 120
Downloading freight train from naver: 108 / 120
Downloading freight train from naver: 109 / 120
Downloading freight train from naver: 110 / 120
Downloading freight train from naver: 111 / 120
Downloading freight train from naver: 112 / 120
Downloading freight train from naver: 113 / 120
Downloading freight train from naver: 114 / 120
Downloading freight train from naver: 115 / 120
Downloading freight train from naver: 116 / 120
Downloading freight train from naver: 117 / 120
Downloading freight train from naver: 118 / 120
Renamed extension jpg -> png
Downloading freight train from naver: 119 / 120
Downloading freight train from naver: 120 / 120
Done naver : freight train
_________________________________
Current web-browser version:	148.0.7778.168
Current chrome-driver version:	148.0.7778.167
_________________________________
Collecting links... locomotive train from naver
Scrolling down
Scraping links
Collect links done. Site: naver, Keyword: locomotive train, Total: 491
Downloading images from collected links... locomotive train from naver
Downloading locomotive train from naver: 1 / 120
Downloading locomotive train from naver: 2 / 120
Downloading locomotive train from naver: 3 / 120
Downloading locomotive train from naver: 4 / 120
Renamed extension jpg -> png
Downloading locomotive train from naver: 5 / 120
Renamed extension jpg -> png
Downloading locomotive train from naver: 6 / 120
Downloading locomotive train from naver: 7 / 120
Downloading locomotive train from naver: 8 / 120
Downloading locomotive train from naver: 9 / 120
Downloading locomotive train from naver: 10 / 120
Downloading locomotive train from naver: 11 / 120
Downloading locomotive train from naver: 12 / 120
Downloading locomotive train from naver: 13 / 120
Downloading locomotive train from naver: 14 / 120
Downloading locomotive train from naver: 15 / 120
Downloading locomotive train from naver: 16 / 120
Downloading locomotive train from naver: 17 / 120
Downloading locomotive train from naver: 18 / 120
Downloading locomotive train from naver: 19 / 120
Downloading locomotive train from naver: 20 / 120
Downloading locomotive train from naver: 21 / 120
Downloading locomotive train from naver: 22 / 120
Downloading locomotive train from naver: 23 / 120
Downloading locomotive train from naver: 24 / 120
Downloading locomotive train from naver: 25 / 120
Downloading locomotive train from naver: 26 / 120
Downloading locomotive train from naver: 27 / 120
Downloading locomotive train from naver: 28 / 120_________________________________
Current web-browser version:	148.0.7778.168
Current chrome-driver version:	148.0.7778.167
_________________________________
Collecting links... commuter train from google
Scrolling down
Scraping links
Collect links done. Site: google, Keyword: commuter train, Total: 0
Downloading images from collected links... commuter train from google
Done google : commuter train
_________________________________
Current web-browser version:	148.0.7778.168
Current chrome-driver version:	148.0.7778.167
_________________________________
Collecting links... high speed train from google
Scrolling down
Scraping links
Collect links done. Site: google, Keyword: high speed train, Total: 0
Downloading images from collected links... high speed train from google
Done google : high speed train
_________________________________
Current web-browser version:	148.0.7778.168
Current chrome-driver version:	148.0.7778.167
_________________________________
Collecting links... passenger train from google
Scrolling down
Scraping links
Collect links done. Site: google, Keyword: passenger train, Total: 0
Downloading images from collected links... passenger train from google
Done google : passenger train
_________________________________
Current web-browser version:	148.0.7778.168
Current chrome-driver version:	148.0.7778.167
_________________________________
Collecting links... railway train from naver
Scrolling down
Scraping links
Collect links done. Site: naver, Keyword: railway train, Total: 490
Downloading images from collected links... railway train from naver
Downloading railway train from naver: 1 / 120
Downloading railway train from naver: 2 / 120
Downloading railway train from naver: 3 / 120
Downloading railway train from naver: 4 / 120
Downloading railway train from naver: 5 / 120
Downloading railway train from naver: 6 / 120
Downloading railway train from naver: 7 / 120
Downloading railway train from naver: 8 / 120
Downloading railway train from naver: 9 / 120
Downloading railway train from naver: 10 / 120
Downloading railway train from naver: 11 / 120
Downloading railway train from naver: 12 / 120
Downloading railway train from naver: 13 / 120
Downloading railway train from naver: 14 / 120
Downloading railway train from naver: 15 / 120
Downloading railway train from naver: 16 / 120
Downloading railway train from naver: 17 / 120
Downloading railway train from naver: 18 / 120
Downloading railway train from naver: 19 / 120
Downloading railway train from naver: 20 / 120
Downloading railway train from naver: 21 / 120
Downloading railway train from naver: 22 / 120
Downloading railway train from naver: 23 / 120
Downloading railway train from naver: 24 / 120
Downloading railway train from naver: 25 / 120
Downloading railway train from naver: 26 / 120
Downloading railway train from naver: 27 / 120
Downloading railway train from naver: 28 / 120
Downloading railway train from naver: 29 / 120
Downloading railway train from naver: 30 / 120
Downloading railway train from naver: 31 / 120
Downloading railway train from naver: 32 / 120
Downloading railway train from naver: 33 / 120
Downloading railway train from naver: 34 / 120
Downloading railway train from naver: 35 / 120
Downloading railway train from naver: 36 / 120
Downloading railway train from naver: 37 / 120
Downloading railway train from naver: 38 / 120
Downloading railway train from naver: 39 / 120
Downloading railway train from naver: 40 / 120
Downloading railway train from naver: 41 / 120
Downloading railway train from naver: 42 / 120
Downloading railway train from naver: 43 / 120
Downloading railway train from naver: 44 / 120
Downloading railway train from naver: 45 / 120
Downloading railway train from naver: 46 / 120
Downloading railway train from naver: 47 / 120
Downloading railway train from naver: 48 / 120
Downloading railway train from naver: 49 / 120
Downloading railway train from naver: 50 / 120
Downloading railway train from naver: 51 / 120
Downloading railway train from naver: 52 / 120
Downloading railway train from naver: 53 / 120
Downloading railway train from naver: 54 / 120
Downloading railway train from naver: 55 / 120
Downloading railway train from naver: 56 / 120
Downloading railway train from naver: 57 / 120
Downloading railway train from naver: 58 / 120
Downloading railway train from naver: 59 / 120
Downloading railway train from naver: 60 / 120
Downloading railway train from naver: 61 / 120
Downloading railway train from naver: 62 / 120
Downloading railway train from naver: 63 / 120
Downloading railway train from naver: 64 / 120
Downloading railway train from naver: 65 / 120
Downloading railway train from naver: 66 / 120
Downloading railway train from naver: 67 / 120
Downloading railway train from naver: 68 / 120
Downloading railway train from naver: 69 / 120
Downloading railway train from naver: 70 / 120
Downloading railway train from naver: 71 / 120
Downloading railway train from naver: 72 / 120
Downloading railway train from naver: 73 / 120
Downloading railway train from naver: 74 / 120
Downloading railway train from naver: 75 / 120
Downloading railway train from naver: 76 / 120
Downloading railway train from naver: 77 / 120
Downloading railway train from naver: 78 / 120
Downloading railway train from naver: 79 / 120
Downloading railway train from naver: 80 / 120
Downloading railway train from naver: 81 / 120
Downloading railway train from naver: 82 / 120
Downloading railway train from naver: 83 / 120
Downloading railway train from naver: 84 / 120
Downloading railway train from naver: 85 / 120
Downloading railway train from naver: 86 / 120
Downloading railway train from naver: 87 / 120
Downloading railway train from naver: 88 / 120
Downloading railway train from naver: 89 / 120
Downloading railway train from naver: 90 / 120
Downloading railway train from naver: 91 / 120
Downloading railway train from naver: 92 / 120
Downloading railway train from naver: 93 / 120
Downloading railway train from naver: 94 / 120
Downloading railway train from naver: 95 / 120
Downloading railway train from naver: 96 / 120
Downloading railway train from naver: 97 / 120
Downloading railway train from naver: 98 / 120
Downloading railway train from naver: 99 / 120
Downloading railway train from naver: 100 / 120
Downloading railway train from naver: 101 / 120
Downloading railway train from naver: 102 / 120
Downloading railway train from naver: 103 / 120
Downloading railway train from naver: 104 / 120
Downloading railway train from naver: 105 / 120
Downloading railway train from naver: 106 / 120
Downloading railway train from naver: 107 / 120
Downloading railway train from naver: 108 / 120
Downloading railway train from naver: 109 / 120
Downloading railway train from naver: 110 / 120
Downloading railway train from naver: 111 / 120
Downloading railway train from naver: 112 / 120
Downloading railway train from naver: 113 / 120
Downloading railway train from naver: 114 / 120
Downloading railway train from naver: 115 / 120
Downloading railway train from naver: 116 / 120
Downloading railway train from naver: 117 / 120
Downloading railway train from naver: 118 / 120
Downloading railway train from naver: 119 / 120
Downloading railway train from naver: 120 / 120
Done naver : railway train
Options - skip:False, threads:4, google:True, naver:True, full_resolution:False, face:False, no_gui:False, limit:120, _proxy_list:['']
8 keywords found: ['commuter train', 'freight train', 'high speed train', 'locomotive train', 'passenger train', 'railway train', 'train', 'train on railway']
Task ended. Pool join.
Data imbalance checking...
dir: download/commuter train, file_count: 122
dir: download/freight train, file_count: 122
dir: download/high speed train, file_count: 122
dir: download/locomotive train, file_count: 122
dir: download/passenger train, file_count: 122
dir: download/railway train, file_count: 122
dir: download/train, file_count: 122
dir: download/train on railway, file_count: 122
Data imbalance not detected.
End Program
Project root: D:\Workspace\Nam4\KHDL\vehicle-classification\traffic_vehicle_classification
Selected sources: duckduckgo, google, naver
Target raw images per label: 900
[START] train: current=600, target=900
[AutoCrawler] train: crawling from google, naver
[DONE] train: raw_count=900

[Crawl] label=truck, current_raw=600, next_raw_goal=900

$ C:\Users\Admin\AppData\Local\Programs\Python\Python310\python.exe scripts/crawl_images.py --labels truck --sources google,naver,duckduckgo --limit-per-label 900
_________________________________
Current web-browser version:	148.0.7778.168
Current chrome-driver version:	148.0.7778.167
_________________________________
Collecting links... cargo truck from naver
Scrolling down
Scraping links
Collect links done. Site: naver, Keyword: cargo truck, Total: 489
Downloading images from collected links... cargo truck from naver
Downloading cargo truck from naver: 1 / 120
Downloading cargo truck from naver: 2 / 120
Downloading cargo truck from naver: 3 / 120
Downloading cargo truck from naver: 4 / 120
Downloading cargo truck from naver: 5 / 120
Downloading cargo truck from naver: 6 / 120
Downloading cargo truck from naver: 7 / 120
Downloading cargo truck from naver: 8 / 120
Downloading cargo truck from naver: 9 / 120
Downloading cargo truck from naver: 10 / 120
Downloading cargo truck from naver: 11 / 120
Downloading cargo truck from naver: 12 / 120
Downloading cargo truck from naver: 13 / 120
Downloading cargo truck from naver: 14 / 120
Downloading cargo truck from naver: 15 / 120
Downloading cargo truck from naver: 16 / 120
Downloading cargo truck from naver: 17 / 120
Downloading cargo truck from naver: 18 / 120
Downloading cargo truck from naver: 19 / 120
Downloading cargo truck from naver: 20 / 120
Downloading cargo truck from naver: 21 / 120
Downloading cargo truck from naver: 22 / 120
Downloading cargo truck from naver: 23 / 120
Downloading cargo truck from naver: 24 / 120
Downloading cargo truck from naver: 25 / 120
Downloading cargo truck from naver: 26 / 120
Downloading cargo truck from naver: 27 / 120
Downloading cargo truck from naver: 28 / 120
Downloading cargo truck from naver: 29 / 120
Downloading cargo truck from naver: 30 / 120
Downloading cargo truck from naver: 31 / 120
Downloading cargo truck from naver: 32 / 120
Downloading cargo truck from naver: 33 / 120
Downloading cargo truck from naver: 34 / 120
Downloading cargo truck from naver: 35 / 120
Downloading cargo truck from naver: 36 / 120
Downloading cargo truck from naver: 37 / 120
Downloading cargo truck from naver: 38 / 120
Downloading cargo truck from naver: 39 / 120
Downloading cargo truck from naver: 40 / 120
Downloading cargo truck from naver: 41 / 120
Downloading cargo truck from naver: 42 / 120
Downloading cargo truck from naver: 43 / 120
Downloading cargo truck from naver: 44 / 120
Downloading cargo truck from naver: 45 / 120
Downloading cargo truck from naver: 46 / 120
Downloading cargo truck from naver: 47 / 120
Downloading cargo truck from naver: 48 / 120
Downloading cargo truck from naver: 49 / 120
Downloading cargo truck from naver: 50 / 120
Downloading cargo truck from naver: 51 / 120
Downloading cargo truck from naver: 52 / 120
Downloading cargo truck from naver: 53 / 120
Downloading cargo truck from naver: 54 / 120
Downloading cargo truck from naver: 55 / 120
Downloading cargo truck from naver: 56 / 120
Downloading cargo truck from naver: 57 / 120
Downloading cargo truck from naver: 58 / 120
Downloading cargo truck from naver: 59 / 120
Downloading cargo truck from naver: 60 / 120
Downloading cargo truck from naver: 61 / 120
Downloading cargo truck from naver: 62 / 120
Downloading cargo truck from naver: 63 / 120
Downloading cargo truck from naver: 64 / 120
Downloading cargo truck from naver: 65 / 120
Downloading cargo truck from naver: 66 / 120
Downloading cargo truck from naver: 67 / 120
Downloading cargo truck from naver: 68 / 120
Downloading cargo truck from naver: 69 / 120
Downloading cargo truck from naver: 70 / 120
Downloading cargo truck from naver: 71 / 120
Downloading cargo truck from naver: 72 / 120
Downloading cargo truck from naver: 73 / 120
Downloading cargo truck from naver: 74 / 120
Downloading cargo truck from naver: 75 / 120
Downloading cargo truck from naver: 76 / 120
Downloading cargo truck from naver: 77 / 120
Downloading cargo truck from naver: 78 / 120
Downloading cargo truck from naver: 79 / 120
Downloading cargo truck from naver: 80 / 120
Downloading cargo truck from naver: 81 / 120
Downloading cargo truck from naver: 82 / 120
Downloading cargo truck from naver: 83 / 120
Downloading cargo truck from naver: 84 / 120
Downloading cargo truck from naver: 85 / 120
Downloading cargo truck from naver: 86 / 120
Downloading cargo truck from naver: 87 / 120
Downloading cargo truck from naver: 88 / 120
Downloading cargo truck from naver: 89 / 120
Downloading cargo truck from naver: 90 / 120
Downloading cargo truck from naver: 91 / 120
Downloading cargo truck from naver: 92 / 120
Downloading cargo truck from naver: 93 / 120
Downloading cargo truck from naver: 94 / 120
Downloading cargo truck from naver: 95 / 120
Downloading cargo truck from naver: 96 / 120
Downloading cargo truck from naver: 97 / 120
Downloading cargo truck from naver: 98 / 120
Downloading cargo truck from naver: 99 / 120
Downloading cargo truck from naver: 100 / 120
Downloading cargo truck from naver: 101 / 120
Downloading cargo truck from naver: 102 / 120
Downloading cargo truck from naver: 103 / 120
Downloading cargo truck from naver: 104 / 120
Downloading cargo truck from naver: 105 / 120
Downloading cargo truck from naver: 106 / 120
Downloading cargo truck from naver: 107 / 120
Downloading cargo truck from naver: 108 / 120
Downloading cargo truck from naver: 109 / 120
Downloading cargo truck from naver: 110 / 120
Downloading cargo truck from naver: 111 / 120
Downloading cargo truck from naver: 112 / 120
Downloading cargo truck from naver: 113 / 120
Downloading cargo truck from naver: 114 / 120
Downloading cargo truck from naver: 115 / 120
Downloading cargo truck from naver: 116 / 120
Downloading cargo truck from naver: 117 / 120
Downloading cargo truck from naver: 118 / 120
Downloading cargo truck from naver: 119 / 120
Downloading cargo truck from naver: 120 / 120
Done naver : cargo truck
_________________________________
Current web-browser version:	148.0.7778.168
Current chrome-driver version:	148.0.7778.167
_________________________________
Collecting links... freight truck from naver
Scrolling down
Scraping links
Collect links done. Site: naver, Keyword: freight truck, Total: 487
Downloading images from collected links... freight truck from naver
Downloading freight truck from naver: 1 / 120
Downloading freight truck from naver: 2 / 120
Downloading freight truck from naver: 3 / 120
Downloading freight truck from naver: 4 / 120
Downloading freight truck from naver: 5 / 120
Downloading freight truck from naver: 6 / 120
Downloading freight truck from naver: 7 / 120
Downloading freight truck from naver: 8 / 120
Downloading freight truck from naver: 9 / 120
Downloading freight truck from naver: 10 / 120
Downloading freight truck from naver: 11 / 120
Downloading freight truck from naver: 12 / 120
Downloading freight truck from naver: 13 / 120
Downloading freight truck from naver: 14 / 120
Downloading freight truck from naver: 15 / 120
Downloading freight truck from naver: 16 / 120
Downloading freight truck from naver: 17 / 120
Downloading freight truck from naver: 18 / 120
Downloading freight truck from naver: 19 / 120
Downloading freight truck from naver: 20 / 120
Downloading freight truck from naver: 21 / 120
Downloading freight truck from naver: 22 / 120
Downloading freight truck from naver: 23 / 120
Downloading freight truck from naver: 24 / 120
Downloading freight truck from naver: 25 / 120
Downloading freight truck from naver: 26 / 120
Downloading freight truck from naver: 27 / 120
Downloading freight truck from naver: 28 / 120
Downloading freight truck from naver: 29 / 120
Downloading freight truck from naver: 30 / 120
Downloading freight truck from naver: 31 / 120
Downloading freight truck from naver: 32 / 120
Downloading freight truck from naver: 33 / 120
Downloading freight truck from naver: 34 / 120
Downloading freight truck from naver: 35 / 120
Downloading freight truck from naver: 36 / 120
Downloading freight truck from naver: 37 / 120
Downloading freight truck from naver: 38 / 120
Downloading freight truck from naver: 39 / 120
_________________________________
Current web-browser version:	148.0.7778.168
Current chrome-driver version:	148.0.7778.167
_________________________________
Collecting links... box truck from naver
Scrolling down
Scraping links
Collect links done. Site: naver, Keyword: box truck, Total: 486
Downloading images from collected links... box truck from naver
Downloading box truck from naver: 1 / 120
Downloading box truck from naver: 2 / 120
Downloading box truck from naver: 3 / 120
Downloading box truck from naver: 4 / 120
Downloading box truck from naver: 5 / 120
Downloading box truck from naver: 6 / 120
Downloading box truck from naver: 7 / 120
Downloading box truck from naver: 8 / 120
Downloading box truck from naver: 9 / 120
Downloading box truck from naver: 10 / 120
Downloading box truck from naver: 11 / 120
Downloading box truck from naver: 12 / 120
Downloading box truck from naver: 13 / 120
Downloading box truck from naver: 14 / 120
Downloading box truck from naver: 15 / 120
Downloading box truck from naver: 16 / 120
Downloading box truck from naver: 17 / 120
Downloading box truck from naver: 18 / 120
Downloading box truck from naver: 19 / 120
Downloading box truck from naver: 20 / 120
Downloading box truck from naver: 21 / 120
Downloading box truck from naver: 22 / 120
Downloading box truck from naver: 23 / 120
Downloading box truck from naver: 24 / 120
Downloading box truck from naver: 25 / 120
Downloading box truck from naver: 26 / 120
Downloading box truck from naver: 27 / 120
Downloading box truck from naver: 28 / 120
Downloading box truck from naver: 29 / 120
Downloading box truck from naver: 30 / 120
Downloading box truck from naver: 31 / 120
Downloading box truck from naver: 32 / 120
Downloading box truck from naver: 33 / 120
Downloading box truck from naver: 34 / 120
Downloading box truck from naver: 35 / 120
Downloading box truck from naver: 36 / 120
Downloading box truck from naver: 37 / 120
Downloading box truck from naver: 38 / 120
Downloading box truck from naver: 39 / 120
Downloading box truck from naver: 40 / 120
Downloading box truck from naver: 41 / 120
Downloading box truck from naver: 42 / 120
Downloading box truck from naver: 43 / 120
Downloading box truck from naver: 44 / 120
Downloading box truck from naver: 45 / 120
Downloading box truck from naver: 46 / 120
Downloading box truck from naver: 47 / 120
Downloading box truck from naver: 48 / 120
Downloading box truck from naver: 49 / 120
Downloading box truck from naver: 50 / 120
Downloading box truck from naver: 51 / 120
Downloading box truck from naver: 52 / 120
Downloading box truck from naver: 53 / 120
Downloading box truck from naver: 54 / 120
Downloading box truck from naver: 55 / 120
Downloading box truck from naver: 56 / 120
Downloading box truck from naver: 57 / 120
Downloading box truck from naver: 58 / 120
Downloading box truck from naver: 59 / 120
Downloading box truck from naver: 60 / 120
Downloading box truck from naver: 61 / 120
Downloading box truck from naver: 62 / 120
Downloading box truck from naver: 63 / 120
Downloading box truck from naver: 64 / 120
Downloading box truck from naver: 65 / 120
Downloading box truck from naver: 66 / 120
Downloading box truck from naver: 67 / 120
Downloading box truck from naver: 68 / 120
Downloading box truck from naver: 69 / 120
Downloading box truck from naver: 70 / 120
Downloading box truck from naver: 71 / 120
Downloading box truck from naver: 72 / 120
Downloading box truck from naver: 73 / 120
Downloading box truck from naver: 74 / 120
Downloading box truck from naver: 75 / 120
Downloading box truck from naver: 76 / 120
Downloading box truck from naver: 77 / 120
Downloading box truck from naver: 78 / 120
Downloading box truck from naver: 79 / 120
Downloading box truck from naver: 80 / 120
Downloading box truck from naver: 81 / 120
Downloading box truck from naver: 82 / 120
Downloading box truck from naver: 83 / 120
Downloading box truck from naver: 84 / 120
Downloading box truck from naver: 85 / 120
Downloading box truck from naver: 86 / 120
Downloading box truck from naver: 87 / 120
Downloading box truck from naver: 88 / 120
Downloading box truck from naver: 89 / 120
Downloading box truck from naver: 90 / 120
Downloading box truck from naver: 91 / 120
Downloading box truck from naver: 92 / 120
Downloading box truck from naver: 93 / 120
Downloading box truck from naver: 94 / 120
Downloading box truck from naver: 95 / 120
Downloading box truck from naver: 96 / 120
Downloading box truck from naver: 97 / 120
Downloading box truck from naver: 98 / 120
Downloading box truck from naver: 99 / 120
Downloading box truck from naver: 100 / 120
Downloading box truck from naver: 101 / 120
Downloading box truck from naver: 102 / 120
Downloading box truck from naver: 103 / 120
Downloading box truck from naver: 104 / 120
Downloading box truck from naver: 105 / 120
Downloading box truck from naver: 106 / 120
Downloading box truck from naver: 107 / 120
Downloading box truck from naver: 108 / 120
Downloading box truck from naver: 109 / 120
Downloading box truck from naver: 110 / 120
Downloading box truck from naver: 111 / 120
Downloading box truck from naver: 112 / 120
Downloading box truck from naver: 113 / 120
Downloading box truck from naver: 114 / 120
Downloading box truck from naver: 115 / 120
Downloading box truck from naver: 116 / 120
Downloading box truck from naver: 117 / 120
Downloading box truck from naver: 118 / 120
Downloading box truck from naver: 119 / 120
Downloading box truck from naver: 120 / 120
Done naver : box truck
_________________________________
Current web-browser version:	148.0.7778.168
Current chrome-driver version:	148.0.7778.167
_________________________________
Collecting links... freight truck from google
Scrolling down
Scraping links
Collect links done. Site: google, Keyword: freight truck, Total: 0
Downloading images from collected links... freight truck from google
Done google : freight truck
_________________________________
Current web-browser version:	148.0.7778.168
Current chrome-driver version:	148.0.7778.167
_________________________________
Collecting links... pickup truck from naver
Scrolling down
Scraping links
Collect links done. Site: naver, Keyword: pickup truck, Total: 488
Downloading images from collected links... pickup truck from naver
Downloading pickup truck from naver: 1 / 120
Downloading pickup truck from naver: 2 / 120
Downloading pickup truck from naver: 3 / 120
Downloading pickup truck from naver: 4 / 120
Downloading pickup truck from naver: 5 / 120
Downloading pickup truck from naver: 6 / 120
Downloading pickup truck from naver: 7 / 120
Downloading pickup truck from naver: 8 / 120
Downloading pickup truck from naver: 9 / 120
Downloading pickup truck from naver: 10 / 120
Downloading pickup truck from naver: 11 / 120
Downloading pickup truck from naver: 12 / 120
Downloading pickup truck from naver: 13 / 120
Downloading pickup truck from naver: 14 / 120
Downloading pickup truck from naver: 15 / 120
Downloading pickup truck from naver: 16 / 120
Downloading pickup truck from naver: 17 / 120
Downloading pickup truck from naver: 18 / 120
Downloading pickup truck from naver: 19 / 120
Downloading pickup truck from naver: 20 / 120
Downloading pickup truck from naver: 21 / 120
Downloading pickup truck from naver: 22 / 120
Downloading pickup truck from naver: 23 / 120
Downloading pickup truck from naver: 24 / 120
Downloading pickup truck from naver: 25 / 120
Downloading pickup truck from naver: 26 / 120
Downloading pickup truck from naver: 27 / 120
Downloading pickup truck from naver: 28 / 120
Downloading pickup truck from naver: 29 / 120
Downloading pickup truck from naver: 30 / 120
Downloading pickup truck from naver: 31 / 120
Downloading pickup truck from naver: 32 / 120
Downloading pickup truck from naver: 33 / 120
Downloading pickup truck from naver: 34 / 120
Downloading pickup truck from naver: 35 / 120
Downloading pickup truck from naver: 36 / 120
Downloading freight truck from naver: 40 / 120
Downloading freight truck from naver: 41 / 120
Downloading freight truck from naver: 42 / 120
Downloading freight truck from naver: 43 / 120
Downloading freight truck from naver: 44 / 120
Downloading freight truck from naver: 45 / 120
Downloading freight truck from naver: 46 / 120
Downloading freight truck from naver: 47 / 120
Downloading freight truck from naver: 48 / 120
Downloading freight truck from naver: 49 / 120
Downloading freight truck from naver: 50 / 120
Downloading freight truck from naver: 51 / 120
Downloading freight truck from naver: 52 / 120
Downloading freight truck from naver: 53 / 120
Downloading freight truck from naver: 54 / 120
Downloading freight truck from naver: 55 / 120
Downloading freight truck from naver: 56 / 120
Downloading freight truck from naver: 57 / 120
Downloading freight truck from naver: 58 / 120
Downloading freight truck from naver: 59 / 120
Downloading freight truck from naver: 60 / 120
Downloading freight truck from naver: 61 / 120
Downloading freight truck from naver: 62 / 120
Downloading freight truck from naver: 63 / 120
Downloading freight truck from naver: 64 / 120
Downloading freight truck from naver: 65 / 120
Downloading freight truck from naver: 66 / 120
Downloading freight truck from naver: 67 / 120
Downloading freight truck from naver: 68 / 120
Downloading freight truck from naver: 69 / 120
Downloading freight truck from naver: 70 / 120
Downloading freight truck from naver: 71 / 120
Downloading freight truck from naver: 72 / 120
Downloading freight truck from naver: 73 / 120
Downloading freight truck from naver: 74 / 120
Downloading freight truck from naver: 75 / 120
Downloading freight truck from naver: 76 / 120
Downloading freight truck from naver: 77 / 120
Downloading freight truck from naver: 78 / 120
Downloading freight truck from naver: 79 / 120
Downloading freight truck from naver: 80 / 120
Downloading freight truck from naver: 81 / 120
Downloading freight truck from naver: 82 / 120
Downloading freight truck from naver: 83 / 120
Downloading freight truck from naver: 84 / 120
Downloading freight truck from naver: 85 / 120
Downloading freight truck from naver: 86 / 120
Downloading freight truck from naver: 87 / 120
Downloading freight truck from naver: 88 / 120
Downloading freight truck from naver: 89 / 120
Downloading freight truck from naver: 90 / 120
Downloading freight truck from naver: 91 / 120
Downloading freight truck from naver: 92 / 120
Downloading freight truck from naver: 93 / 120
Downloading freight truck from naver: 94 / 120
Downloading freight truck from naver: 95 / 120
Downloading freight truck from naver: 96 / 120
Downloading freight truck from naver: 97 / 120
Downloading freight truck from naver: 98 / 120
Downloading freight truck from naver: 99 / 120
Downloading freight truck from naver: 100 / 120
Downloading freight truck from naver: 101 / 120
Downloading freight truck from naver: 102 / 120
Downloading freight truck from naver: 103 / 120
Downloading freight truck from naver: 104 / 120
Downloading freight truck from naver: 105 / 120
Downloading freight truck from naver: 106 / 120
Downloading freight truck from naver: 107 / 120
Downloading freight truck from naver: 108 / 120
Downloading freight truck from naver: 109 / 120
Downloading freight truck from naver: 110 / 120
Downloading freight truck from naver: 111 / 120
Downloading freight truck from naver: 112 / 120
Downloading freight truck from naver: 113 / 120
Downloading freight truck from naver: 114 / 120
Downloading freight truck from naver: 115 / 120
Downloading freight truck from naver: 116 / 120
Downloading freight truck from naver: 117 / 120
Downloading freight truck from naver: 118 / 120
Downloading freight truck from naver: 119 / 120
Downloading freight truck from naver: 120 / 120
Done naver : freight truck
_________________________________
Current web-browser version:	148.0.7778.168
Current chrome-driver version:	148.0.7778.167
_________________________________
Collecting links... semi truck from naver
Scrolling down
Scraping links
Collect links done. Site: naver, Keyword: semi truck, Total: 486
Downloading images from collected links... semi truck from naver
Downloading semi truck from naver: 1 / 120
Downloading semi truck from naver: 2 / 120
Downloading semi truck from naver: 3 / 120
Downloading semi truck from naver: 4 / 120
Downloading semi truck from naver: 5 / 120
Downloading semi truck from naver: 6 / 120
Downloading semi truck from naver: 7 / 120
Downloading semi truck from naver: 8 / 120
Downloading semi truck from naver: 9 / 120
Downloading semi truck from naver: 10 / 120
Downloading semi truck from naver: 11 / 120
Downloading semi truck from naver: 12 / 120
Downloading semi truck from naver: 13 / 120
Downloading semi truck from naver: 14 / 120
Downloading semi truck from naver: 15 / 120
Downloading semi truck from naver: 16 / 120
Downloading semi truck from naver: 17 / 120
Downloading semi truck from naver: 18 / 120
Downloading semi truck from naver: 19 / 120
Downloading semi truck from naver: 20 / 120
Downloading semi truck from naver: 21 / 120
Downloading semi truck from naver: 22 / 120
Downloading semi truck from naver: 23 / 120
Downloading semi truck from naver: 24 / 120
Downloading semi truck from naver: 25 / 120
Downloading semi truck from naver: 26 / 120
Downloading semi truck from naver: 27 / 120
Downloading semi truck from naver: 28 / 120
Downloading semi truck from naver: 29 / 120
Downloading semi truck from naver: 30 / 120
Downloading semi truck from naver: 31 / 120
Downloading semi truck from naver: 32 / 120
Downloading semi truck from naver: 33 / 120
Downloading semi truck from naver: 34 / 120
Downloading semi truck from naver: 35 / 120
Downloading semi truck from naver: 36 / 120
Downloading semi truck from naver: 37 / 120
Downloading semi truck from naver: 38 / 120
Downloading semi truck from naver: 39 / 120
Downloading semi truck from naver: 40 / 120
Downloading semi truck from naver: 41 / 120
Downloading semi truck from naver: 42 / 120
Downloading semi truck from naver: 43 / 120
Downloading semi truck from naver: 44 / 120
Downloading semi truck from naver: 45 / 120
Downloading semi truck from naver: 46 / 120
Downloading semi truck from naver: 47 / 120
Downloading semi truck from naver: 48 / 120
Downloading semi truck from naver: 49 / 120
Downloading semi truck from naver: 50 / 120
Downloading semi truck from naver: 51 / 120
Downloading semi truck from naver: 52 / 120
Downloading semi truck from naver: 53 / 120
Downloading semi truck from naver: 54 / 120
Downloading semi truck from naver: 55 / 120
Downloading semi truck from naver: 56 / 120
Downloading semi truck from naver: 57 / 120
Downloading semi truck from naver: 58 / 120
Downloading semi truck from naver: 59 / 120
Downloading semi truck from naver: 60 / 120
Downloading semi truck from naver: 61 / 120
Downloading semi truck from naver: 62 / 120
Downloading semi truck from naver: 63 / 120
Downloading semi truck from naver: 64 / 120
Downloading semi truck from naver: 65 / 120
Downloading semi truck from naver: 66 / 120
Downloading semi truck from naver: 67 / 120
Downloading semi truck from naver: 68 / 120
Downloading semi truck from naver: 69 / 120
Downloading semi truck from naver: 70 / 120
Downloading semi truck from naver: 71 / 120
Downloading semi truck from naver: 72 / 120
Downloading semi truck from naver: 73 / 120
Downloading semi truck from naver: 74 / 120
Downloading semi truck from naver: 75 / 120
Downloading semi truck from naver: 76 / 120
Downloading semi truck from naver: 77 / 120
Downloading semi truck from naver: 78 / 120
Downloading semi truck from naver: 79 / 120
Downloading semi truck from naver: 80 / 120
Downloading semi truck from naver: 81 / 120
Downloading semi truck from naver: 82 / 120
Downloading semi truck from naver: 83 / 120
Downloading semi truck from naver: 84 / 120
Downloading semi truck from naver: 85 / 120
Downloading semi truck from naver: 86 / 120
Options - skip:False, threads:4, google:True, naver:True, full_resolution:False, face:False, no_gui:False, limit:120, _proxy_list:['']
8 keywords found: ['box truck', 'cargo truck', 'delivery truck', 'freight truck', 'pickup truck', 'semi truck', 'truck', 'truck on road']
Task ended. Pool join.
Data imbalance checking...
dir: download/box truck, file_count: 122
dir: download/cargo truck, file_count: 122
dir: download/delivery truck, file_count: 122
dir: download/freight truck, file_count: 122
dir: download/pickup truck, file_count: 242
dir: download/semi truck, file_count: 122
dir: download/truck, file_count: 122
dir: download/truck on road, file_count: 122
Data imbalance not detected.
End Program
Project root: D:\Workspace\Nam4\KHDL\vehicle-classification\traffic_vehicle_classification
Selected sources: duckduckgo, google, naver
Target raw images per label: 900
[START] truck: current=600, target=900
[AutoCrawler] truck: crawling from google, naver
[DONE] truck: raw_count=900

$ C:\Users\Admin\AppData\Local\Programs\Python\Python310\python.exe scripts/remove_corrupted_images.py --overwrite
