Target cleaned images per label: 1500
Labels: bicycle, boat, bus, car, helicopter, minibus, motorcycle, taxi, train, truck
Sources: naver,duckduckgo
Batch size: 300

Initial processing: rebuild cleaned data, deduplicate, balance, and update statistics.

$ C:\Users\Admin\AppData\Local\Programs\Python\Python310\python.exe scripts/remove_corrupted_images.py --overwrite --clear-output
Cleaned: 28149
Rejected: 49
Report: D:\Workspace\Nam4\KHDL\vehicle-classification\traffic_vehicle_classification\reports\cleaning_report.csv

$ C:\Users\Admin\AppData\Local\Programs\Python\Python310\python.exe scripts/remove_duplicate_images.py --method phash --threshold 4 --action move --within-label-only
Kept images: 9744
Duplicates handled: 18405
Report: D:\Workspace\Nam4\KHDL\vehicle-classification\traffic_vehicle_classification\reports\duplicates.csv

$ C:\Users\Admin\AppData\Local\Programs\Python\Python310\python.exe scripts/balance_dataset.py --max-per-label 1500 --action delete
[OK] bicycle: 1323 <= 1500
[OK] boat: 1106 <= 1500
[OK] bus: 993 <= 1500
[OK] car: 852 <= 1500
[OK] helicopter: 858 <= 1500
[OK] minibus: 915 <= 1500
[OK] motorcycle: 888 <= 1500
[OK] taxi: 854 <= 1500
[OK] train: 1062 <= 1500
[OK] truck: 893 <= 1500
Balanced labels to max_per_label=1500
Handled files: 0
Report: D:\Workspace\Nam4\KHDL\vehicle-classification\traffic_vehicle_classification\reports\balance_report.csv

$ C:\Users\Admin\AppData\Local\Programs\Python\Python310\python.exe scripts/cleanup_duplicates.py --keep-total 100
Duplicate files before cleanup: 18505
Kept duplicate samples: 100
Deleted duplicate files: 18405
Report: D:\Workspace\Nam4\KHDL\vehicle-classification\traffic_vehicle_classification\reports\duplicates_cleanup_report.csv

$ C:\Users\Admin\AppData\Local\Programs\Python\Python310\python.exe scripts/dataset_statistics.py
Summary: D:\Workspace\Nam4\KHDL\vehicle-classification\traffic_vehicle_classification\reports\dataset_summary.csv
Details: D:\Workspace\Nam4\KHDL\vehicle-classification\traffic_vehicle_classification\reports\image_details.csv
Figures: D:\Workspace\Nam4\KHDL\vehicle-classification\traffic_vehicle_classification\reports\figures

Before round 1
------------------------------------------------------------------------
label              raw   cleaned   missing      status
bicycle           3555      1323       177   NEED_MORE
boat              3039      1106       394   NEED_MORE
bus               2700       993       507   NEED_MORE
car               2704       852       648   NEED_MORE
helicopter        2700       858       642   NEED_MORE
minibus           2700       915       585   NEED_MORE
motorcycle        2700       888       612   NEED_MORE
taxi              2700       854       646   NEED_MORE
train             2700      1062       438   NEED_MORE
truck             2700       893       607   NEED_MORE

[Crawl] label=bicycle, source=naver, current_raw=3555, next_raw_goal=3705

$ C:\Users\Admin\AppData\Local\Programs\Python\Python310\python.exe scripts/crawl_images.py --labels bicycle --sources naver --limit-per-label 3705
_________________________________
Current web-browser version:	148.0.7778.168
Current chrome-driver version:	148.0.7778.167
_________________________________
Collecting links... bicycle from naver
Scrolling down
Scraping links
Collect links done. Site: naver, Keyword: bicycle, Total: 489
Downloading images from collected links... bicycle from naver
Downloading bicycle from naver: 1 / 60
Downloading bicycle from naver: 2 / 60
Downloading bicycle from naver: 3 / 60
Downloading bicycle from naver: 4 / 60
Downloading bicycle from naver: 5 / 60
Downloading bicycle from naver: 6 / 60
Downloading bicycle from naver: 7 / 60
Downloading bicycle from naver: 8 / 60
Downloading bicycle from naver: 9 / 60
Downloading bicycle from naver: 10 / 60
Downloading bicycle from naver: 11 / 60
Downloading bicycle from naver: 12 / 60
Downloading bicycle from naver: 13 / 60
Downloading bicycle from naver: 14 / 60
Downloading bicycle from naver: 15 / 60
Downloading bicycle from naver: 16 / 60
Downloading bicycle from naver: 17 / 60
Downloading bicycle from naver: 18 / 60
Downloading bicycle from naver: 19 / 60
Downloading bicycle from naver: 20 / 60
Downloading bicycle from naver: 21 / 60
Downloading bicycle from naver: 22 / 60
Downloading bicycle from naver: 23 / 60
Downloading bicycle from naver: 24 / 60
Downloading bicycle from naver: 25 / 60
Downloading bicycle from naver: 26 / 60
Downloading bicycle from naver: 27 / 60
Downloading bicycle from naver: 28 / 60
Downloading bicycle from naver: 29 / 60
Downloading bicycle from naver: 30 / 60
Downloading bicycle from naver: 31 / 60
Downloading bicycle from naver: 32 / 60
Downloading bicycle from naver: 33 / 60
Downloading bicycle from naver: 34 / 60
Downloading bicycle from naver: 35 / 60
Downloading bicycle from naver: 36 / 60
Downloading bicycle from naver: 37 / 60
Downloading bicycle from naver: 38 / 60
Downloading bicycle from naver: 39 / 60
Downloading bicycle from naver: 40 / 60
Downloading bicycle from naver: 41 / 60
Downloading bicycle from naver: 42 / 60
Downloading bicycle from naver: 43 / 60
Downloading bicycle from naver: 44 / 60
Downloading bicycle from naver: 45 / 60
Downloading bicycle from naver: 46 / 60
Downloading bicycle from naver: 47 / 60
Downloading bicycle from naver: 48 / 60
Downloading bicycle from naver: 49 / 60
Downloading bicycle from naver: 50 / 60
Downloading bicycle from naver: 51 / 60
Downloading bicycle from naver: 52 / 60
Downloading bicycle from naver: 53 / 60
Downloading bicycle from naver: 54 / 60
Downloading bicycle from naver: 55 / 60
Downloading bicycle from naver: 56 / 60
Downloading bicycle from naver: 57 / 60
Downloading bicycle from naver: 58 / 60
Downloading bicycle from naver: 59 / 60
Downloading bicycle from naver: 60 / 60
Done naver : bicycle
_________________________________
Current web-browser version:	148.0.7778.168
Current chrome-driver version:	148.0.7778.167
_________________________________
Collecting links... city bicycle from naver
Scrolling down
Scraping links
Collect links done. Site: naver, Keyword: city bicycle, Total: 488
Downloading images from collected links... city bicycle from naver
Downloading city bicycle from naver: 1 / 60
Downloading city bicycle from naver: 2 / 60
Downloading city bicycle from naver: 3 / 60
Downloading city bicycle from naver: 4 / 60
Downloading city bicycle from naver: 5 / 60
Downloading city bicycle from naver: 6 / 60
Downloading city bicycle from naver: 7 / 60
Downloading city bicycle from naver: 8 / 60
Downloading city bicycle from naver: 9 / 60
Downloading city bicycle from naver: 10 / 60
Downloading city bicycle from naver: 11 / 60
Downloading city bicycle from naver: 12 / 60
Downloading city bicycle from naver: 13 / 60
Downloading city bicycle from naver: 14 / 60
Downloading city bicycle from naver: 15 / 60
Downloading city bicycle from naver: 16 / 60
Downloading city bicycle from naver: 17 / 60
Downloading city bicycle from naver: 18 / 60
Downloading city bicycle from naver: 19 / 60
Downloading city bicycle from naver: 20 / 60
Downloading city bicycle from naver: 21 / 60
Downloading city bicycle from naver: 22 / 60
Downloading city bicycle from naver: 23 / 60
Downloading city bicycle from naver: 24 / 60
Downloading city bicycle from naver: 25 / 60
Downloading city bicycle from naver: 26 / 60
Downloading city bicycle from naver: 27 / 60
Downloading city bicycle from naver: 28 / 60
Downloading city bicycle from naver: 29 / 60
Downloading city bicycle from naver: 30 / 60
Downloading city bicycle from naver: 31 / 60
Downloading city bicycle from naver: 32 / 60
Downloading city bicycle from naver: 33 / 60
Downloading city bicycle from naver: 34 / 60
Downloading city bicycle from naver: 35 / 60
Downloading city bicycle from naver: 36 / 60
Downloading city bicycle from naver: 37 / 60
Downloading city bicycle from naver: 38 / 60
Downloading city bicycle from naver: 39 / 60
Downloading city bicycle from naver: 40 / 60
Downloading city bicycle from naver: 41 / 60
Downloading city bicycle from naver: 42 / 60
Downloading city bicycle from naver: 43 / 60
Downloading city bicycle from naver: 44 / 60
Downloading city bicycle from naver: 45 / 60
Downloading city bicycle from naver: 46 / 60
Downloading city bicycle from naver: 47 / 60
Downloading city bicycle from naver: 48 / 60
Downloading city bicycle from naver: 49 / 60
Downloading city bicycle from naver: 50 / 60
Downloading city bicycle from naver: 51 / 60
Downloading city bicycle from naver: 52 / 60
Downloading city bicycle from naver: 53 / 60
Downloading city bicycle from naver: 54 / 60
Downloading city bicycle from naver: 55 / 60
Downloading city bicycle from naver: 56 / 60
Downloading city bicycle from naver: 57 / 60
Downloading city bicycle from naver: 58 / 60
Downloading city bicycle from naver: 59 / 60
Downloading city bicycle from naver: 60 / 60
Done naver : city bicycle
_________________________________
Current web-browser version:	148.0.7778.168
Current chrome-driver version:	148.0.7778.167
_________________________________
Collecting links... mountain bicycle from naver
Scrolling down
Scraping links
Collect links done. Site: naver, Keyword: mountain bicycle, Total: 483
Downloading images from collected links... mountain bicycle from naver
Downloading mountain bicycle from naver: 1 / 60
Downloading mountain bicycle from naver: 2 / 60
Downloading mountain bicycle from naver: 3 / 60
Downloading mountain bicycle from naver: 4 / 60
Downloading mountain bicycle from naver: 5 / 60
Downloading mountain bicycle from naver: 6 / 60
Downloading mountain bicycle from naver: 7 / 60
Downloading mountain bicycle from naver: 8 / 60
Downloading mountain bicycle from naver: 9 / 60
Downloading mountain bicycle from naver: 10 / 60
Downloading mountain bicycle from naver: 11 / 60
Downloading mountain bicycle from naver: 12 / 60
Downloading mountain bicycle from naver: 13 / 60
Downloading mountain bicycle from naver: 14 / 60
Downloading mountain bicycle from naver: 15 / 60
Downloading mountain bicycle from naver: 16 / 60
Downloading mountain bicycle from naver: 17 / 60
Downloading mountain bicycle from naver: 18 / 60
Downloading mountain bicycle from naver: 19 / 60
Downloading mountain bicycle from naver: 20 / 60
Downloading mountain bicycle from naver: 21 / 60
Downloading mountain bicycle from naver: 22 / 60
Downloading mountain bicycle from naver: 23 / 60
Downloading mountain bicycle from naver: 24 / 60
Downloading mountain bicycle from naver: 25 / 60
Downloading mountain bicycle from naver: 26 / 60
Downloading mountain bicycle from naver: 27 / 60
Downloading mountain bicycle from naver: 28 / 60
Downloading mountain bicycle from naver: 29 / 60
Downloading mountain bicycle from naver: 30 / 60
Downloading mountain bicycle from naver: 31 / 60
Downloading mountain bicycle from naver: 32 / 60
Downloading mountain bicycle from naver: 33 / 60
Downloading mountain bicycle from naver: 34 / 60
Downloading mountain bicycle from naver: 35 / 60
Downloading mountain bicycle from naver: 36 / 60
Options - skip:False, threads:4, google:False, naver:True, full_resolution:False, face:False, no_gui:False, limit:60, _proxy_list:['']
12 keywords found: ['bicycle', 'bicycle front view', 'bicycle on road', 'bicycle photo', 'bicycle side view', 'bicycle street photo', 'city bicycle', 'electric bicycle', 'modern bicycle', 'mountain bicycle', 'racing bicycle', 'road bicycle']
Task ended. Pool join.
Data imbalance checking...
dir: download/bicycle, file_count: 61
dir: download/bicycle front view, file_count: 61
dir: download/bicycle on road, file_count: 61
dir: download/bicycle photo, file_count: 61
dir: download/bicycle side view, file_count: 61
dir: download/bicycle street photo, file_count: 61
dir: download/city bicycle, file_count: 61
dir: download/electric bicycle, file_count: 61
dir: download/modern bicycle, file_count: 61
dir: download/mountain bicycle, file_count: 61
dir: download/racing bicycle, file_count: 61
dir: download/road bicycle, file_count: 61
Data imbalance not detected.
End Program
Project root: D:\Workspace\Nam4\KHDL\vehicle-classification\traffic_vehicle_classification
Selected sources: naver
Target raw images per label: 3705
[START] bicycle: current=3555, target=3705
[AutoCrawler] bicycle: crawling from naver
[DONE] bicycle: raw_count=3705

[Crawl] label=bicycle, source=duckduckgo, current_raw=3705, next_raw_goal=3855

$ C:\Users\Admin\AppData\Local\Programs\Python\Python310\python.exe scripts/crawl_images.py --labels bicycle --sources duckduckgo --limit-per-label 3855
Project root: D:\Workspace\Nam4\KHDL\vehicle-classification\traffic_vehicle_classification
Selected sources: duckduckgo
Target raw images per label: 3855
[START] bicycle: current=3705, target=3855
[DuckDuckGo] bicycle: keyword='urban bicycle', remaining=150
[WARN] Failed to download DDG image for bicycle: 403 Client Error: Forbidden for url: https://inhabitat.com/wp-content/blogs.dir/1/files/2014/12/Espresso-Urban-Bicycle-1.jpg
[WARN] Failed to download DDG image for bicycle: 403 Client Error: Forbidden for url: https://inhabitat.com/wp-content/blogs.dir/1/files/2014/12/Espresso-Urban-Bicycle-2.jpg
[WARN] Failed to download DDG image for bicycle: 403 Client Error: Forbidden for url: https://cyclingtricks.com/wp-content/uploads/2025/04/Urban-Bikes.jpg
[DuckDuckGo] bicycle: keyword='gravel bicycle', remaining=118
[WARN] Failed to download DDG image for bicycle: 403 Client Error: Forbidden for url: https://images.bike24.com/i/mb/c1/f1/3a/bmc-urs-al-two-gravel-bike-raw-alloy-yellow1-1847151.jpg
[WARN] Failed to download DDG image for bicycle: 403 Client Error: Forbidden for url: https://cdn2.lvr-cycles.com/67732-large_default/megamo-silk-05-axs-carbon-gravel-bike-beige-apex-x1-eagle-axs-12-speed-2025.jpg
[WARN] Failed to download DDG image for bicycle: 404 Client Error: Not Found for url: https://www.cycle-technology.co.uk/content/1727709925-Trek+Gravel+bike+with+water+bottles.jpg
[WARN] Failed to download DDG image for bicycle: 403 Client Error: Forbidden for url: https://thelunchride.com/wp-content/uploads/2022/11/best-gravel-bike-handlebars-review-buyers-guide-1-scaled.jpg
[WARN] Failed to download DDG image for bicycle: 403 Client Error: Forbidden for url: https://evitfeexexn.exactdn.com/wp-content/uploads/2023/07/canyon-gravel-bike-with-dt-swiss-wheelset-1536x1020.jpg?strip=all&lossy=1&ssl=1
[WARN] Failed to download DDG image for bicycle: 403 Client Error: Forbidden for url: https://haidelibikes.com/wp-content/uploads/2025/06/GV201-gravel-bike-frame-6.jpg
[DuckDuckGo] bicycle: keyword='touring bicycle', remaining=89
[WARN] Failed to download DDG image for bicycle: 400 Client Error: Use thumbnail sizes listed on https://w.wiki/GHai for url: https://upload.wikimedia.org/wikipedia/commons/thumb/a/a3/Loaded_touring_bicycle.JPG/440px-Loaded_touring_bicycle.JPG
[WARN] Failed to download DDG image for bicycle: 404 Client Error: Not Found for url: https://bikeget.com/wp-content/uploads/2023/11/touring-bikes-long-distance-touring-bicycles.png
[WARN] Failed to download DDG image for bicycle: 401 Client Error: Unauthorized for url: https://www.easybicycletouring.com/wp-content/uploads/Best-Touring-Bicycles-for-Long-Distance-Adventures-generated-pin-68842.jpeg
[WARN] Failed to download DDG image for bicycle: 401 Client Error: Unauthorized for url: https://www.easybicycletouring.com/wp-content/uploads/Optimized-87-Danube-Bike-route.jpg
[WARN] Failed to download DDG image for bicycle: 403 Client Error: Forbidden for url: https://cyclingtrend.com/wp-content/uploads/2025/05/Best-Touring-Bikes-for-Long-Distance-Travel000-1000x600.jpg
[WARN] Failed to download DDG image for bicycle: HTTPSConnectionPool(host='www.reallybigbikeride.com', port=443): Max retries exceeded with url: /wp-content/uploads/2023/11/bike-touring-proverb_-the-road-is-your-friend.jpg (Caused by ConnectTimeoutError(<HTTPSConnection(host='www.reallybigbikeride.com', port=443) at 0x2302ca43550>, 'Connection to www.reallybigbikeride.com timed out. (connect timeout=15)'))
[WARN] Failed to download DDG image for bicycle: 404 Client Error: Not Found for url: https://bikeget.com/wp-content/uploads/2024/01/touring-bikes-heavily-loaded-distance-riding-for-multi-day-trips-696x398.png
[DuckDuckGo] bicycle: keyword='bicycle outdoor', remaining=61
[WARN] Failed to download DDG image for bicycle: HTTPSConnectionPool(host='s1.1zoom.me', port=443): Max retries exceeded with url: /big0/161/Forests_Bicycle_Trees_Trail_564423_1365x1024.jpg (Caused by NameResolutionError("HTTPSConnection(host='s1.1zoom.me', port=443): Failed to resolve 's1.1zoom.me' ([Errno 11001] getaddrinfo failed)"))
[WARN] Failed to download DDG image for bicycle: HTTPSConnectionPool(host='thumbs.dreamstime.com', port=443): Read timed out. (read timeout=15)
[WARN] Failed to download DDG image for bicycle: 403 Client Error: Forbidden for url: https://cdn.pixabay.com/photo/2020/11/08/20/58/cycling-5724983_640.jpg
[WARN] Failed to download DDG image for bicycle: 403 Client Error: Forbidden for url: https://images.stockcake.com/public/7/9/5/7955af19-66b5-4a4e-bf50-a800a5001d91_large/biking-nature-trail-stockcake.jpg
[WARN] Failed to download DDG image for bicycle: 403 Client Error: Forbidden for url: https://cdn.pixabay.com/photo/2020/05/06/11/37/bike-5137235_1280.jpg
[WARN] Failed to download DDG image for bicycle: 403 Client Error: Forbidden for url: https://images.stockcake.com/public/f/4/3/f43a5c38-eba1-49d5-a5e2-07ae7bcb0996_large/biking-nature-trail-stockcake.jpg
[WARN] Failed to download DDG image for bicycle: HTTPSConnectionPool(host='www.uhaul.com', port=443): Read timed out. (read timeout=15)
[DuckDuckGo] bicycle: keyword='bicycle in traffic', remaining=33
[WARN] Failed to download DDG image for bicycle: 401 Client Error: Unauthorized for url: https://bikeaton.com/wp-content/uploads/2023/01/cycling-with-traffic.jpg
[WARN] Failed to download DDG image for bicycle: 403 Client Error: Forbidden for url: https://commuterscompanion.com/wp-content/uploads/2023/11/Untitled-design346.png
[WARN] Failed to download DDG image for bicycle: 403 Client Error: Forbidden for url: http://commuterscompanion.com/wp-content/uploads/2023/11/Untitled-design345.png
[DuckDuckGo] bicycle: keyword='commuter bicycle', remaining=1
[DONE] bicycle: raw_count=3855

[Crawl] label=boat, source=naver, current_raw=3039, next_raw_goal=3189

$ C:\Users\Admin\AppData\Local\Programs\Python\Python310\python.exe scripts/crawl_images.py --labels boat --sources naver --limit-per-label 3189
_________________________________
Current web-browser version:	148.0.7778.168
Current chrome-driver version:	148.0.7778.167
_________________________________
Collecting links... boat on water from naver
Scrolling down
Scraping links
Collect links done. Site: naver, Keyword: boat on water, Total: 492
Downloading images from collected links... boat on water from naver
Downloading boat on water from naver: 1 / 60
Downloading boat on water from naver: 2 / 60
Downloading boat on water from naver: 3 / 60
Downloading boat on water from naver: 4 / 60
Downloading boat on water from naver: 5 / 60
Downloading boat on water from naver: 6 / 60
Downloading boat on water from naver: 7 / 60
Downloading boat on water from naver: 8 / 60
Downloading boat on water from naver: 9 / 60
Downloading boat on water from naver: 10 / 60
Downloading boat on water from naver: 11 / 60
Downloading boat on water from naver: 12 / 60
Downloading boat on water from naver: 13 / 60
Downloading boat on water from naver: 14 / 60
Downloading boat on water from naver: 15 / 60
Downloading boat on water from naver: 16 / 60
Downloading boat on water from naver: 17 / 60
Downloading boat on water from naver: 18 / 60
Downloading boat on water from naver: 19 / 60
Downloading boat on water from naver: 20 / 60
Downloading boat on water from naver: 21 / 60
Downloading boat on water from naver: 22 / 60
Downloading boat on water from naver: 23 / 60
Downloading boat on water from naver: 24 / 60
Downloading boat on water from naver: 25 / 60
Downloading boat on water from naver: 26 / 60
Downloading boat on water from naver: 27 / 60
Downloading boat on water from naver: 28 / 60
Downloading boat on water from naver: 29 / 60
Downloading boat on water from naver: 30 / 60
Downloading boat on water from naver: 31 / 60
Downloading boat on water from naver: 32 / 60
Downloading boat on water from naver: 33 / 60
Downloading boat on water from naver: 34 / 60
Downloading boat on water from naver: 35 / 60
Downloading boat on water from naver: 36 / 60
Downloading boat on water from naver: 37 / 60
Downloading boat on water from naver: 38 / 60
Downloading boat on water from naver: 39 / 60
Downloading boat on water from naver: 40 / 60
Downloading boat on water from naver: 41 / 60
Downloading boat on water from naver: 42 / 60
Downloading boat on water from naver: 43 / 60
Downloading boat on water from naver: 44 / 60
Downloading boat on water from naver: 45 / 60
Downloading boat on water from naver: 46 / 60
Downloading boat on water from naver: 47 / 60
Downloading boat on water from naver: 48 / 60
Downloading boat on water from naver: 49 / 60
Downloading boat on water from naver: 50 / 60
Downloading boat on water from naver: 51 / 60
Downloading boat on water from naver: 52 / 60
Downloading boat on water from naver: 53 / 60
Downloading boat on water from naver: 54 / 60
Downloading boat on water from naver: 55 / 60
Downloading boat on water from naver: 56 / 60
Downloading boat on water from naver: 57 / 60
Downloading boat on water from naver: 58 / 60
Downloading boat on water from naver: 59 / 60
Downloading boat on water from naver: 60 / 60
Done naver : boat on water
_________________________________
Current web-browser version:	148.0.7778.168
Current chrome-driver version:	148.0.7778.167
_________________________________
Collecting links... motor boat from naver
Scrolling down
Scraping links
Collect links done. Site: naver, Keyword: motor boat, Total: 488
Downloading images from collected links... motor boat from naver
Downloading motor boat from naver: 1 / 60
Downloading motor boat from naver: 2 / 60
Downloading motor boat from naver: 3 / 60
Downloading motor boat from naver: 4 / 60
Downloading motor boat from naver: 5 / 60
Downloading motor boat from naver: 6 / 60
Downloading motor boat from naver: 7 / 60
Downloading motor boat from naver: 8 / 60
Downloading motor boat from naver: 9 / 60
Downloading motor boat from naver: 10 / 60
Downloading motor boat from naver: 11 / 60
Downloading motor boat from naver: 12 / 60
Downloading motor boat from naver: 13 / 60
Downloading motor boat from naver: 14 / 60
Downloading motor boat from naver: 15 / 60
Downloading motor boat from naver: 16 / 60
Downloading motor boat from naver: 17 / 60
Downloading motor boat from naver: 18 / 60
Downloading motor boat from naver: 19 / 60
Downloading motor boat from naver: 20 / 60
Downloading motor boat from naver: 21 / 60
Downloading motor boat from naver: 22 / 60
Downloading motor boat from naver: 23 / 60
Downloading motor boat from naver: 24 / 60
Downloading motor boat from naver: 25 / 60
Downloading motor boat from naver: 26 / 60
Downloading motor boat from naver: 27 / 60
Downloading motor boat from naver: 28 / 60
Downloading motor boat from naver: 29 / 60
Downloading motor boat from naver: 30 / 60
Downloading motor boat from naver: 31 / 60
Downloading motor boat from naver: 32 / 60
Downloading motor boat from naver: 33 / 60
Downloading motor boat from naver: 34 / 60
Downloading motor boat from naver: 35 / 60
Downloading motor boat from naver: 36 / 60
Downloading motor boat from naver: 37 / 60
Downloading motor boat from naver: 38 / 60
Downloading motor boat from naver: 39 / 60
Downloading motor boat from naver: 40 / 60
Downloading motor boat from naver: 41 / 60
Downloading motor boat from naver: 42 / 60
Downloading motor boat from naver: 43 / 60
Downloading motor boat from naver: 44 / 60
Downloading motor boat from naver: 45 / 60
Downloading motor boat from naver: 46 / 60
Downloading motor boat from naver: 47 / 60
Downloading motor boat from naver: 48 / 60
Downloading motor boat from naver: 49 / 60
Downloading motor boat from naver: 50 / 60
Downloading motor boat from naver: 51 / 60
Downloading motor boat from naver: 52 / 60
Downloading motor boat from naver: 53 / 60
Downloading motor boat from naver: 54 / 60
Downloading motor boat from naver: 55 / 60
Downloading motor boat from naver: 56 / 60
Downloading motor boat from naver: 57 / 60
Downloading motor boat from naver: 58 / 60
Downloading motor boat from naver: 59 / 60
Downloading motor boat from naver: 60 / 60
Done naver : motor boat
_________________________________
Current web-browser version:	148.0.7778.168
Current chrome-driver version:	148.0.7778.167
_________________________________
Collecting links... river boat from naver
Scrolling down
Scraping links
Collect links done. Site: naver, Keyword: river boat, Total: 0
Downloading images from collected links... river boat from naver
Done naver : river boat
Options - skip:False, threads:4, google:False, naver:True, full_resolution:False, face:False, no_gui:False, limit:60, _proxy_list:['']
12 keywords found: ['boat front view', 'boat on water', 'boat photo', 'boat side view', 'fishing boat', 'lake boat', 'motor boat', 'passenger boat', 'real boat', 'river boat', 'small boat', 'speed boat']
Task ended. Pool join.
Data imbalance checking...
dir: download/boat front view, file_count: 61
dir: download/boat on water, file_count: 61
dir: download/boat photo, file_count: 61
dir: download/boat side view, file_count: 38
dir: download/fishing boat, file_count: 61
dir: download/lake boat, file_count: 61
dir: download/motor boat, file_count: 61
dir: download/passenger boat, file_count: 61
dir: download/real boat, file_count: 61
dir: download/river boat, file_count: 1
dir: download/small boat, file_count: 61
dir: download/speed boat, file_count: 61
Data imbalance detected.
Below keywords have smaller than 50% of average file count.
I recommend you to remove these directories and re-download for that keyword.
_________________________________
Too small file count directories:
dir: download/river boat, file_count: 1
Remove directories above? (y/n)
End Program
Project root: D:\Workspace\Nam4\KHDL\vehicle-classification\traffic_vehicle_classification
Selected sources: naver
Target raw images per label: 3189
[START] boat: current=3039, target=3189
[AutoCrawler] boat: crawling from naver
[DONE] boat: raw_count=3189

[Crawl] label=boat, source=duckduckgo, current_raw=3189, next_raw_goal=3339

$ C:\Users\Admin\AppData\Local\Programs\Python\Python310\python.exe scripts/crawl_images.py --labels boat --sources duckduckgo --limit-per-label 3339
Project root: D:\Workspace\Nam4\KHDL\vehicle-classification\traffic_vehicle_classification
Selected sources: duckduckgo
Target raw images per label: 3339
[START] boat: current=3189, target=3339
[DuckDuckGo] boat: keyword='boat harbor', remaining=150
[DuckDuckGo] boat: keyword='tour boat', remaining=149
[WARN] Failed to download DDG image for boat: 403 Client Error: Forbidden. for url: https://patch.com/img/cdn20/users/27142903/20250602/041549/90-minute-architecture-boat-tour___02041548568.jpg
[WARN] Failed to download DDG image for boat: 403 Client Error: Forbidden for url: https://www.londoncitybustours.com/assets/image-cache/files/tours/cruises/city-cruises-3-1000x500px.af8fb270.jpg
[WARN] Failed to download DDG image for boat: 403 Client Error: Forbidden for url: https://www.londoncitybustours.com/assets/image-cache/files/tours/cruises/city-cruises-2-1000x500px.af8fb270.jpg
[WARN] Failed to download DDG image for boat: 403 Client Error: Forbidden for url: https://www.vallartadaily.com/wp-content/uploads/2025/11/Cancun-tour-boat-accident.jpg
[WARN] Failed to download DDG image for boat: cannot identify image file <_io.BytesIO object at 0x0000018FD3F382C0>
[WARN] Failed to download DDG image for boat: cannot identify image file <_io.BytesIO object at 0x0000018FD3EF1D50>
[DuckDuckGo] boat: keyword='wooden boat', remaining=120
[DuckDuckGo] boat: keyword='sail boat', remaining=85
[DuckDuckGo] boat: keyword='rescue boat', remaining=84
[DuckDuckGo] boat: keyword='sea boat', remaining=83
[WARN] Failed to download DDG image for boat: 403 Client Error: Forbidden for url: https://cdn.pixabay.com/photo/2019/04/29/08/11/sea-4165478_960_720.jpg
[WARN] Failed to download DDG image for boat: 403 Client Error: Forbidden for url: https://w0.peakpx.com/wallpaper/89/728/HD-wallpaper-sailboat-aganist-a-beautiful-sunset-sun-boat-ocean-sunset-sail.jpg
[WARN] Failed to download DDG image for boat: 403 Client Error: Forbidden for url: https://wallpapercrafter.com/desktop/55989-nature-hd-ocean-sunset-landscape-sea-boat.jpg
[DuckDuckGo] boat: keyword='ferry boat', remaining=51
[WARN] Failed to download DDG image for boat: 403 Client Error: Forbidden for url: https://cdn.pixabay.com/photo/2012/03/01/00/22/ferry-19524_960_720.jpg
[WARN] Failed to download DDG image for boat: 403 Client Error: Forbidden for url: https://www.publicdomainpictures.net/pictures/320000/velka/ferry-boat-1579875811mf6.jpg
[WARN] Failed to download DDG image for boat: 403 Client Error: Forbidden for url: https://cdn.pixabay.com/photo/2019/10/10/11/13/ferry-4539307_1280.jpg
[WARN] Failed to download DDG image for boat: 403 Client Error: Forbidden for url: https://cdn.pixabay.com/photo/2019/06/21/04/14/a-ferry-boat-4288427_1280.jpg
[WARN] Failed to download DDG image for boat: 403 Client Error: Forbidden for url: https://cdn.pixabay.com/photo/2016/08/30/00/00/boat-1629523_960_720.jpg
[DuckDuckGo] boat: keyword='cargo boat', remaining=21
[WARN] Failed to download DDG image for boat: 403 Client Error: Forbidden for url: https://www.publicdomainpictures.net/pictures/500000/velka/containerschip-vrachtschip-boot-1679508835y1d.jpg
[WARN] Failed to download DDG image for boat: 403 Client Error: Forbidden for url: https://www.fkab.com/wp-content/uploads/2025/03/dry-cargo-img2-1030x687.jpg
[WARN] Failed to download DDG image for boat: HTTPSConnectionPool(host='dig.dailyinfographic.com', port=443): Max retries exceeded with url: /wp-content/uploads/2022/10/j3s8k8uu42q91.jpg (Caused by SSLError(SSLCertVerificationError(1, "[SSL: CERTIFICATE_VERIFY_FAILED] certificate verify failed: Hostname mismatch, certificate is not valid for 'dig.dailyinfographic.com'. (_ssl.c:1007)")))
[DONE] boat: raw_count=3339

[Crawl] label=bus, source=naver, current_raw=2700, next_raw_goal=2850

$ C:\Users\Admin\AppData\Local\Programs\Python\Python310\python.exe scripts/crawl_images.py --labels bus --sources naver --limit-per-label 2850
_________________________________
Current web-browser version:	148.0.7778.168
Current chrome-driver version:	148.0.7778.167
_________________________________
Collecting links... bus front view from naver
Scrolling down
Scraping links
Collect links done. Site: naver, Keyword: bus front view, Total: 487
Downloading images from collected links... bus front view from naver
Downloading bus front view from naver: 1 / 60
Downloading bus front view from naver: 2 / 60
Downloading bus front view from naver: 3 / 60
Downloading bus front view from naver: 4 / 60
Downloading bus front view from naver: 5 / 60
Downloading bus front view from naver: 6 / 60
Downloading bus front view from naver: 7 / 60
Downloading bus front view from naver: 8 / 60
Downloading bus front view from naver: 9 / 60
Downloading bus front view from naver: 10 / 60
Downloading bus front view from naver: 11 / 60
Downloading bus front view from naver: 12 / 60
Downloading bus front view from naver: 13 / 60
Downloading bus front view from naver: 14 / 60
Downloading bus front view from naver: 15 / 60
Downloading bus front view from naver: 16 / 60
Downloading bus front view from naver: 17 / 60
Downloading bus front view from naver: 18 / 60
Downloading bus front view from naver: 19 / 60
Downloading bus front view from naver: 20 / 60
Downloading bus front view from naver: 21 / 60
Downloading bus front view from naver: 22 / 60
Downloading bus front view from naver: 23 / 60
Downloading bus front view from naver: 24 / 60
Downloading bus front view from naver: 25 / 60
Downloading bus front view from naver: 26 / 60
Downloading bus front view from naver: 27 / 60
Downloading bus front view from naver: 28 / 60
Downloading bus front view from naver: 29 / 60
Downloading bus front view from naver: 30 / 60
Downloading bus front view from naver: 31 / 60
Downloading bus front view from naver: 32 / 60
Downloading bus front view from naver: 33 / 60
Downloading bus front view from naver: 34 / 60
Downloading bus front view from naver: 35 / 60
Downloading bus front view from naver: 36 / 60
Downloading bus front view from naver: 37 / 60
Downloading bus front view from naver: 38 / 60
Downloading bus front view from naver: 39 / 60
Downloading bus front view from naver: 40 / 60
Downloading bus front view from naver: 41 / 60
Downloading bus front view from naver: 42 / 60
Downloading bus front view from naver: 43 / 60
Downloading bus front view from naver: 44 / 60
Downloading bus front view from naver: 45 / 60
Downloading bus front view from naver: 46 / 60
Downloading bus front view from naver: 47 / 60
Downloading bus front view from naver: 48 / 60
Downloading bus front view from naver: 49 / 60
Downloading bus front view from naver: 50 / 60
Downloading bus front view from naver: 51 / 60
Downloading bus front view from naver: 52 / 60
Downloading bus front view from naver: 53 / 60
Downloading bus front view from naver: 54 / 60
Downloading bus front view from naver: 55 / 60
Downloading bus front view from naver: 56 / 60
Downloading bus front view from naver: 57 / 60
Downloading bus front view from naver: 58 / 60
Downloading bus front view from naver: 59 / 60
Downloading bus front view from naver: 60 / 60
Done naver : bus front view
_________________________________
Current web-browser version:	148.0.7778.168
Current chrome-driver version:	148.0.7778.167
_________________________________
Collecting links... bus street photo from naver
Scrolling down
Scraping links
Collect links done. Site: naver, Keyword: bus street photo, Total: 474
Downloading images from collected links... bus street photo from naver
Downloading bus street photo from naver: 1 / 60
Downloading bus street photo from naver: 2 / 60
Downloading bus street photo from naver: 3 / 60
Downloading bus street photo from naver: 4 / 60
Downloading bus street photo from naver: 5 / 60
Downloading bus street photo from naver: 6 / 60
Downloading bus street photo from naver: 7 / 60
Downloading bus street photo from naver: 8 / 60
Downloading bus street photo from naver: 9 / 60
Downloading bus street photo from naver: 10 / 60
Downloading bus street photo from naver: 11 / 60
Downloading bus street photo from naver: 12 / 60
Downloading bus street photo from naver: 13 / 60
Downloading bus street photo from naver: 14 / 60
Downloading bus street photo from naver: 15 / 60
Downloading bus street photo from naver: 16 / 60
Downloading bus street photo from naver: 17 / 60
Downloading bus street photo from naver: 18 / 60
Downloading bus street photo from naver: 19 / 60
Downloading bus street photo from naver: 20 / 60
Downloading bus street photo from naver: 21 / 60
Downloading bus street photo from naver: 22 / 60
Downloading bus street photo from naver: 23 / 60
Downloading bus street photo from naver: 24 / 60
Downloading bus street photo from naver: 25 / 60
Downloading bus street photo from naver: 26 / 60
Downloading bus street photo from naver: 27 / 60
Downloading bus street photo from naver: 28 / 60
Downloading bus street photo from naver: 29 / 60
Downloading bus street photo from naver: 30 / 60
Downloading bus street photo from naver: 31 / 60
Downloading bus street photo from naver: 32 / 60
Downloading bus street photo from naver: 33 / 60
Downloading bus street photo from naver: 34 / 60
Downloading bus street photo from naver: 35 / 60
Downloading bus street photo from naver: 36 / 60
Downloading bus street photo from naver: 37 / 60
Downloading bus street photo from naver: 38 / 60
Downloading bus street photo from naver: 39 / 60
Downloading bus street photo from naver: 40 / 60
Downloading bus street photo from naver: 41 / 60
Downloading bus street photo from naver: 42 / 60
Downloading bus street photo from naver: 43 / 60
Downloading bus street photo from naver: 44 / 60
Downloading bus street photo from naver: 45 / 60
Downloading bus street photo from naver: 46 / 60
Downloading bus street photo from naver: 47 / 60
Downloading bus street photo from naver: 48 / 60
Downloading bus street photo from naver: 49 / 60
Downloading bus street photo from naver: 50 / 60
Downloading bus street photo from naver: 51 / 60
Downloading bus street photo from naver: 52 / 60
Downloading bus street photo from naver: 53 / 60
Downloading bus street photo from naver: 54 / 60
Downloading bus street photo from naver: 55 / 60
Downloading bus street photo from naver: 56 / 60
Downloading bus street photo from naver: 57 / 60
Downloading bus street photo from naver: 58 / 60
Downloading bus street photo from naver: 59 / 60
Downloading bus street photo from naver: 60 / 60
Done naver : bus street photo
_________________________________
Current web-browser version:	148.0.7778.168
Current chrome-driver version:	148.0.7778.167
_________________________________
Collecting links... passenger bus from naver
Scrolling down
Scraping links
Collect links done. Site: naver, Keyword: passenger bus, Total: 490
Downloading images from collected links... passenger bus from naver
Downloading passenger bus from naver: 1 / 60
Downloading passenger bus from naver: 2 / 60
Downloading passenger bus from naver: 3 / 60
Downloading passenger bus from naver: 4 / 60
Downloading passenger bus from naver: 5 / 60
Downloading passenger bus from naver: 6 / 60
Downloading passenger bus from naver: 7 / 60
Downloading passenger bus from naver: 8 / 60
Downloading passenger bus from naver: 9 / 60
Downloading passenger bus from naver: 10 / 60
Downloading passenger bus from naver: 11 / 60
Downloading passenger bus from naver: 12 / 60
Downloading passenger bus from naver: 13 / 60
Downloading passenger bus from naver: 14 / 60
Downloading passenger bus from naver: 15 / 60
Downloading passenger bus from naver: 16 / 60
Downloading passenger bus from naver: 17 / 60
Downloading passenger bus from naver: 18 / 60
Downloading passenger bus from naver: 19 / 60
Downloading passenger bus from naver: 20 / 60
Downloading passenger bus from naver: 21 / 60
Downloading passenger bus from naver: 22 / 60
Downloading passenger bus from naver: 23 / 60
Downloading passenger bus from naver: 24 / 60
_________________________________
Current web-browser version:	148.0.7778.168
Current chrome-driver version:	148.0.7778.167
_________________________________
Collecting links... bus photo from naver
Scrolling down
Scraping links
Collect links done. Site: naver, Keyword: bus photo, Total: 491
Downloading images from collected links... bus photo from naver
Downloading bus photo from naver: 1 / 60
Downloading bus photo from naver: 2 / 60
Downloading bus photo from naver: 3 / 60
Downloading bus photo from naver: 4 / 60
Downloading bus photo from naver: 5 / 60
Downloading bus photo from naver: 6 / 60
Downloading bus photo from naver: 7 / 60
Downloading bus photo from naver: 8 / 60
Downloading bus photo from naver: 9 / 60
Downloading bus photo from naver: 10 / 60
Downloading bus photo from naver: 11 / 60
Downloading bus photo from naver: 12 / 60
Downloading bus photo from naver: 13 / 60
Downloading bus photo from naver: 14 / 60
Downloading bus photo from naver: 15 / 60
Downloading bus photo from naver: 16 / 60
Downloading bus photo from naver: 17 / 60
Downloading bus photo from naver: 18 / 60
Downloading bus photo from naver: 19 / 60
Downloading bus photo from naver: 20 / 60
Downloading bus photo from naver: 21 / 60
Downloading bus photo from naver: 22 / 60
Downloading bus photo from naver: 23 / 60
Downloading bus photo from naver: 24 / 60
Downloading bus photo from naver: 25 / 60
Downloading bus photo from naver: 26 / 60
Downloading bus photo from naver: 27 / 60
Downloading bus photo from naver: 28 / 60
Downloading bus photo from naver: 29 / 60
Downloading bus photo from naver: 30 / 60
Downloading bus photo from naver: 31 / 60
Downloading bus photo from naver: 32 / 60
Downloading bus photo from naver: 33 / 60
Downloading bus photo from naver: 34 / 60
Downloading bus photo from naver: 35 / 60
Downloading bus photo from naver: 36 / 60
Downloading bus photo from naver: 37 / 60
Downloading bus photo from naver: 38 / 60
Downloading bus photo from naver: 39 / 60
Downloading bus photo from naver: 40 / 60
Downloading bus photo from naver: 41 / 60
Downloading bus photo from naver: 42 / 60
Downloading bus photo from naver: 43 / 60
Downloading bus photo from naver: 44 / 60
Downloading bus photo from naver: 45 / 60
Downloading bus photo from naver: 46 / 60
Downloading bus photo from naver: 47 / 60
Downloading bus photo from naver: 48 / 60
Downloading bus photo from naver: 49 / 60
Downloading bus photo from naver: 50 / 60
Downloading bus photo from naver: 51 / 60
Downloading bus photo from naver: 52 / 60
Downloading bus photo from naver: 53 / 60
Downloading bus photo from naver: 54 / 60
Downloading bus photo from naver: 55 / 60
Downloading bus photo from naver: 56 / 60
Downloading bus photo from naver: 57 / 60
Downloading bus photo from naver: 58 / 60
Downloading bus photo from naver: 59 / 60
Downloading bus photo from naver: 60 / 60
Done naver : bus photo
_________________________________
Current web-browser version:	148.0.7778.168
Current chrome-driver version:	148.0.7778.167
_________________________________
Collecting links... intercity bus from naver
Scrolling down
Scraping links
Collect links done. Site: naver, Keyword: intercity bus, Total: 485
Downloading images from collected links... intercity bus from naver
Downloading intercity bus from naver: 1 / 60
Downloading intercity bus from naver: 2 / 60
Downloading intercity bus from naver: 3 / 60
Downloading intercity bus from naver: 4 / 60
Downloading intercity bus from naver: 5 / 60
Downloading intercity bus from naver: 6 / 60
Downloading intercity bus from naver: 7 / 60
Downloading intercity bus from naver: 8 / 60
Downloading intercity bus from naver: 9 / 60
Downloading intercity bus from naver: 10 / 60
Downloading intercity bus from naver: 11 / 60
Downloading intercity bus from naver: 12 / 60
Downloading intercity bus from naver: 13 / 60
Downloading intercity bus from naver: 14 / 60
Downloading intercity bus from naver: 15 / 60
Downloading intercity bus from naver: 16 / 60
Downloading intercity bus from naver: 17 / 60
Downloading intercity bus from naver: 18 / 60
Downloading intercity bus from naver: 19 / 60
Downloading intercity bus from naver: 20 / 60
Downloading intercity bus from naver: 21 / 60
Downloading intercity bus from naver: 22 / 60
Downloading intercity bus from naver: 23 / 60
Downloading intercity bus from naver: 24 / 60
Downloading intercity bus from naver: 25 / 60
Downloading intercity bus from naver: 26 / 60
Downloading intercity bus from naver: 27 / 60
Downloading intercity bus from naver: 28 / 60
Downloading intercity bus from naver: 29 / 60
Downloading intercity bus from naver: 30 / 60
Downloading intercity bus from naver: 31 / 60
Downloading intercity bus from naver: 32 / 60
Downloading intercity bus from naver: 33 / 60
Downloading intercity bus from naver: 34 / 60
Downloading intercity bus from naver: 35 / 60
Downloading intercity bus from naver: 36 / 60
Downloading intercity bus from naver: 37 / 60
Downloading intercity bus from naver: 38 / 60
Downloading intercity bus from naver: 39 / 60
Downloading intercity bus from naver: 40 / 60
Downloading intercity bus from naver: 41 / 60
Downloading intercity bus from naver: 42 / 60
Downloading intercity bus from naver: 43 / 60
Downloading intercity bus from naver: 44 / 60
Downloading intercity bus from naver: 45 / 60
Downloading intercity bus from naver: 46 / 60
Downloading intercity bus from naver: 47 / 60
Downloading intercity bus from naver: 48 / 60
Downloading intercity bus from naver: 49 / 60
Downloading intercity bus from naver: 50 / 60
Downloading intercity bus from naver: 51 / 60
Downloading intercity bus from naver: 52 / 60
Downloading intercity bus from naver: 53 / 60
Downloading intercity bus from naver: 54 / 60
Downloading intercity bus from naver: 55 / 60
Downloading intercity bus from naver: 56 / 60
Downloading intercity bus from naver: 57 / 60
Downloading intercity bus from naver: 58 / 60
Downloading intercity bus from naver: 59 / 60
Downloading intercity bus from naver: 60 / 60
Done naver : intercity bus
_________________________________
Current web-browser version:	148.0.7778.168
Current chrome-driver version:	148.0.7778.167
_________________________________
Collecting links... public bus from naver
Scrolling down
Scraping links
Collect links done. Site: naver, Keyword: public bus, Total: 459
Downloading images from collected links... public bus from naver
Downloading public bus from naver: 1 / 60
Downloading public bus from naver: 2 / 60
Downloading public bus from naver: 3 / 60
Downloading public bus from naver: 4 / 60
Downloading public bus from naver: 5 / 60
Downloading public bus from naver: 6 / 60
Downloading public bus from naver: 7 / 60
Downloading public bus from naver: 8 / 60
Downloading public bus from naver: 9 / 60
Downloading public bus from naver: 10 / 60
Downloading public bus from naver: 11 / 60
Downloading public bus from naver: 12 / 60
Downloading public bus from naver: 13 / 60
Downloading public bus from naver: 14 / 60
Downloading public bus from naver: 15 / 60
Downloading public bus from naver: 16 / 60
Downloading public bus from naver: 17 / 60
Downloading public bus from naver: 18 / 60
Downloading public bus from naver: 19 / 60
Downloading public bus from naver: 20 / 60
Downloading public bus from naver: 21 / 60
Downloading public bus from naver: 22 / 60
Downloading public bus from naver: 23 / 60
Downloading public bus from naver: 24 / 60
Downloading public bus from naver: 25 / 60
Downloading public bus from naver: 26 / 60
Downloading public bus from naver: 27 / 60
Downloading public bus from naver: 28 / 60
Downloading public bus from naver: 29 / 60
Downloading public bus from naver: 30 / 60
Downloading public bus from naver: 31 / 60
Downloading public bus from naver: 32 / 60
Downloading public bus from naver: 33 / 60
Downloading public bus from naver: 34 / 60
Downloading public bus from naver: 35 / 60
Downloading public bus from naver: 36 / 60
Downloading public bus from naver: 37 / 60
Downloading public bus from naver: 38 / 60
Downloading public bus from naver: 39 / 60
Downloading public bus from naver: 40 / 60
Downloading public bus from naver: 41 / 60
Downloading public bus from naver: 42 / 60
Downloading public bus from naver: 43 / 60
Downloading public bus from naver: 44 / 60
Downloading public bus from naver: 45 / 60
Downloading public bus from naver: 46 / 60
Downloading public bus from naver: 47 / 60
Downloading public bus from naver: 48 / 60
Downloading public bus from naver: 49 / 60
Downloading public bus from naver: 50 / 60
Downloading public bus from naver: 51 / 60
Downloading public bus from naver: 52 / 60
Downloading public bus from naver: 53 / 60
Downloading public bus from naver: 54 / 60
Downloading public bus from naver: 55 / 60
Downloading public bus from naver: 56 / 60
Downloading public bus from naver: 57 / 60
Downloading public bus from naver: 58 / 60
Downloading public bus from naver: 59 / 60
Downloading public bus from naver: 60 / 60
Done naver : public bus
Options - skip:False, threads:4, google:False, naver:True, full_resolution:False, face:False, no_gui:False, limit:60, _proxy_list:['']
12 keywords found: ['bus front view', 'bus on road', 'bus photo', 'bus side view', 'bus street photo', 'city bus', 'coach bus', 'intercity bus', 'passenger bus', 'public bus', 'school bus', 'transit bus']
Task ended. Pool join.
Data imbalance checking...
dir: download/bus front view, file_count: 61
dir: download/bus on road, file_count: 61
dir: download/bus photo, file_count: 61
dir: download/bus side view, file_count: 61
dir: download/bus street photo, file_count: 61
dir: download/city bus, file_count: 61
dir: download/coach bus, file_count: 61
dir: download/intercity bus, file_count: 61
dir: download/passenger bus, file_count: 61
dir: download/public bus, file_count: 61
dir: download/school bus, file_count: 61
dir: download/transit bus, file_count: 61
Data imbalance not detected.
End Program
Project root: D:\Workspace\Nam4\KHDL\vehicle-classification\traffic_vehicle_classification
Selected sources: naver
Target raw images per label: 2850
[START] bus: current=2700, target=2850
[AutoCrawler] bus: crawling from naver
[DONE] bus: raw_count=2850

[Crawl] label=bus, source=duckduckgo, current_raw=2850, next_raw_goal=3000

$ C:\Users\Admin\AppData\Local\Programs\Python\Python310\python.exe scripts/crawl_images.py --labels bus --sources duckduckgo --limit-per-label 3000
Project root: D:\Workspace\Nam4\KHDL\vehicle-classification\traffic_vehicle_classification
Selected sources: duckduckgo
Target raw images per label: 3000
[START] bus: current=2850, target=3000
[DuckDuckGo] bus: keyword='bus in traffic', remaining=150
[WARN] Failed to download DDG image for bus: 403 Client Error: Forbidden for url: http://www.publicdomainpictures.net/pictures/210000/velka/yellow-school-bus-14853612746A7.jpg
[WARN] Failed to download DDG image for bus: 403 Client Error: Forbidden for url: https://www.publicdomainpictures.net/pictures/210000/velka/yellow-school-bus-1485361224AQw.jpg
[WARN] Failed to download DDG image for bus: 403 Client Error: Forbidden for url: https://www.publicdomainpictures.net/pictures/170000/velka/school-bus-14636483239SO.jpg
[WARN] Failed to download DDG image for bus: 403 Client Error: Forbidden for url: http://www.publicdomainpictures.net/pictures/170000/velka/school-bus-1463647770DSm.jpg
[WARN] Failed to download DDG image for bus: 429 Client Error: Too Many Requests (b4a3396) for url: https://upload.wikimedia.org/wikipedia/commons/0/03/Nottingham_&_District_Omnibus_Routemaster_bus_RML2336_(CUV_336C),_Mansfield_Street,_Nottingham,_14_April_2008,_cropped.jpg
[WARN] Failed to download DDG image for bus: 403 Client Error: Forbidden for url: http://www.publicdomainpictures.net/pictures/170000/velka/school-bus-1463647955ZKN.jpg
[WARN] Failed to download DDG image for bus: 403 Client Error: Forbidden for url: https://www.publicdomainpictures.net/pictures/80000/velka/athens-greece-tour-bus.jpg
[WARN] Failed to download DDG image for bus: 403 Client Error: Forbidden for url: https://www.publicdomainpictures.net/pictures/40000/velka/school-bus-1368136904lVv.jpg
[WARN] Failed to download DDG image for bus: 403 Client Error: Forbidden for url: https://www.publicdomainpictures.net/pictures/140000/velka/school-bus-in-the-fall.jpg
[WARN] Failed to download DDG image for bus: 403 Client Error: Forbidden for url: http://www.publicdomainpictures.net/pictures/40000/velka/vintage-bus.jpg
[WARN] Failed to download DDG image for bus: 403 Client Error: Forbidden for url: https://www.publicdomainpictures.net/pictures/10000/velka/296-1253384553c5wa.jpg
[WARN] Failed to download DDG image for bus: 403 Client Error: Forbidden for url: https://cdn.pixabay.com/photo/2014/04/02/10/41/bus-304247_960_720.png
[WARN] Failed to download DDG image for bus: 403 Client Error: Forbidden for url: https://www.publicdomainpictures.net/pictures/170000/velka/school-bus-1463647719DaZ.jpg
[WARN] Failed to download DDG image for bus: 403 Client Error: Forbidden for url: https://www.publicdomainpictures.net/pictures/170000/velka/school-bus-1463647824Th8.jpg
[WARN] Failed to download DDG image for bus: 403 Client Error: Forbidden for url: http://www.publicdomainpictures.net/pictures/210000/velka/yellow-school-bus-1485361217vvY.jpg
[WARN] Failed to download DDG image for bus: 403 Client Error: Forbidden for url: http://www.publicdomainpictures.net/pictures/210000/velka/yellow-school-bus-1485361232v6H.jpg
[WARN] Failed to download DDG image for bus: 429 Client Error: Too Many Requests (b4a3396) for url: https://upload.wikimedia.org/wikipedia/commons/9/9a/Disney_bus_in_Walt_Disney_World,_Florida.jpg
[WARN] Failed to download DDG image for bus: 403 Client Error: Forbidden for url: https://www.publicdomainpictures.net/pictures/30000/velka/bus.jpg
[WARN] Failed to download DDG image for bus: 403 Client Error: Forbidden for url: http://www.publicdomainpictures.net/pictures/210000/velka/abandoned-school-bus-1484410553xx8.jpg
[WARN] Failed to download DDG image for bus: HTTPSConnectionPool(host='openclipart.org', port=443): Read timed out. (read timeout=15)
[DuckDuckGo] bus: keyword='airport bus', remaining=135
[WARN] Failed to download DDG image for bus: HTTPSConnectionPool(host='www.solarisbus.com', port=443): Max retries exceeded with url: /public/assets/content/pojazdy/Pojazdy_specjalne/lotniskowe.jpg (Caused by ConnectTimeoutError(<HTTPSConnection(host='www.solarisbus.com', port=443) at 0x2250005ea10>, 'Connection to www.solarisbus.com timed out. (connect timeout=15)'))
[WARN] Failed to download DDG image for bus: HTTPSConnectionPool(host='gif-maintenance.ae', port=443): Max retries exceeded with url: /wp-content/uploads/2025/12/88105780-e4b3-463a-b018-9a95fd24ffdf.jpg (Caused by ConnectTimeoutError(<HTTPSConnection(host='gif-maintenance.ae', port=443) at 0x2250005f190>, 'Connection to gif-maintenance.ae timed out. (connect timeout=15)'))
[WARN] Failed to download DDG image for bus: cannot identify image file <_io.BytesIO object at 0x000002250007E200>
[WARN] Failed to download DDG image for bus: cannot identify image file <_io.BytesIO object at 0x000002257A6E36F0>
[DuckDuckGo] bus: keyword='modern bus', remaining=104
[DuckDuckGo] bus: keyword='electric bus', remaining=103
[WARN] Failed to download DDG image for bus: HTTPSConnectionPool(host='www.sustainable-bus.com', port=443): Max retries exceeded with url: /wp-content/uploads/2023/05/IVECO-BUS-STREETWAY-ELEC-scaled.jpg (Caused by SSLError(SSLCertVerificationError(1, "[SSL: CERTIFICATE_VERIFY_FAILED] certificate verify failed: Hostname mismatch, certificate is not valid for 'www.sustainable-bus.com'. (_ssl.c:1007)")))
[WARN] Failed to download DDG image for bus: HTTPSConnectionPool(host='www.sustainable-bus.com', port=443): Max retries exceeded with url: /wp-content/uploads/2019/10/electric-bus6-1.jpg (Caused by SSLError(SSLCertVerificationError(1, "[SSL: CERTIFICATE_VERIFY_FAILED] certificate verify failed: Hostname mismatch, certificate is not valid for 'www.sustainable-bus.com'. (_ssl.c:1007)")))
[WARN] Failed to download DDG image for bus: 403 Client Error: Forbidden for url: https://www.verifiedmarketreports.com/images/blogs/05-24/top-7-trends-in-electric-bus.webp
[WARN] Failed to download DDG image for bus: 403 Client Error: Forbidden for url: https://www.esi-africa.com/wp-content/uploads/2025/03/A-golden-arrow-3-bus.jpg
[WARN] Failed to download DDG image for bus: 403 Client Error: Forbidden for url: https://www.esi-africa.com/wp-content/uploads/2025/08/AAA-GA-electric-bus-on-N2.jpg
[WARN] Failed to download DDG image for bus: HTTPSConnectionPool(host='www.sustainable-bus.com', port=443): Max retries exceeded with url: /wp-content/uploads/2024/07/Volvo-8900-Electric-2024_1-1-scaled-e1710931200933.jpg (Caused by SSLError(SSLCertVerificationError(1, "[SSL: CERTIFICATE_VERIFY_FAILED] certificate verify failed: Hostname mismatch, certificate is not valid for 'www.sustainable-bus.com'. (_ssl.c:1007)")))
[WARN] Failed to download DDG image for bus: cannot identify image file <_io.BytesIO object at 0x000002257AA5D0D0>
[WARN] Failed to download DDG image for bus: HTTPSConnectionPool(host='www.sustainable-bus.com', port=443): Max retries exceeded with url: /wp-content/uploads/2024/03/Volvo-8900-Electric-2024_2-2048x1153.jpg (Caused by SSLError(SSLCertVerificationError(1, "[SSL: CERTIFICATE_VERIFY_FAILED] certificate verify failed: Hostname mismatch, certificate is not valid for 'www.sustainable-bus.com'. (_ssl.c:1007)")))
[WARN] Failed to download DDG image for bus: 403 Client Error: Forbidden for url: https://meragharscheme.pk/wp-content/uploads/2026/01/Punjab-Green-Electric-Bus-Timings-Routes-2026-%E2%80%93-Complete-Travel-Guide-for-Commuters-1-1.webp
[WARN] Failed to download DDG image for bus: HTTPSConnectionPool(host='www.sustainable-bus.com', port=443): Max retries exceeded with url: /wp-content/uploads/2025/10/09-08-2025-electric-bus-quincy-station_0-scaled.jpg (Caused by SSLError(SSLCertVerificationError(1, "[SSL: CERTIFICATE_VERIFY_FAILED] certificate verify failed: Hostname mismatch, certificate is not valid for 'www.sustainable-bus.com'. (_ssl.c:1007)")))
[DuckDuckGo] bus: keyword='bus stop', remaining=78
[WARN] Failed to download DDG image for bus: 429 Client Error: Too Many Requests (b4a3396) for url: https://upload.wikimedia.org/wikipedia/commons/c/c4/ACTION_Bus_Stop.JPG
[WARN] Failed to download DDG image for bus: 403 Client Error: Forbidden for url: https://unblast.com/wp-content/uploads/2018/09/Free-Bus-Stop-Mockup.jpg
[WARN] Failed to download DDG image for bus: 403 Client Error: Forbidden for url: https://i.3dmodels.org/uploads/evermotion2/4902_AM162_012/AM162_012_1000_0001.jpg
[DuckDuckGo] bus: keyword='shuttle bus large', remaining=46
[DuckDuckGo] bus: keyword='real bus', remaining=45
[WARN] Failed to download DDG image for bus: 412 Client Error: Precondition failed for url: https://images.sftcdn.net/images/t_app-cover-l,f_auto/p/19a7f79c-842b-45d8-a1ea-32e90972988e/62292215/real-bus-simulator-3d-bus-game-screenshot.png
[WARN] Failed to download DDG image for bus: 412 Client Error: Precondition failed for url: https://images.sftcdn.net/images/t_app-cover-l,f_auto/p/4fcdf48f-2b09-42a5-9037-e556f898cf9f/3199020037/real-bus-simulator-bus-game-screenshot.png
[WARN] Failed to download DDG image for bus: 412 Client Error: Precondition failed for url: https://images.sftcdn.net/images/t_app-cover-l,f_auto/p/34420451-6019-4386-b4f4-f0281d5a4f3d/1534551880/real-bus-driving-game-simulate-screenshot.png
[WARN] Failed to download DDG image for bus: 412 Client Error: Precondition failed for url: https://images.sftcdn.net/images/t_app-cover-l,f_auto/p/2d3dde5f-8a0a-4862-b200-0a67158a3dea/4066992736/real-coach-bus-simulator-3d-2019-screenshot.png
[WARN] Failed to download DDG image for bus: 403 Client Error: Forbidden for url: https://aalimousineandsedan.com/wp-content/uploads/2019/06/caoch-bus-interior.webp
[WARN] Failed to download DDG image for bus: 403 Client Error: Forbidden for url: https://xetaihanoi.edu.vn/wp-content/uploads/2024/07/noi-that-xe-khach-hien-%C4%91%E1%BA%A1i-669358.webp
[WARN] Failed to download DDG image for bus: 403 Client Error: Forbidden for url: https://xetaihanoi.edu.vn/wp-content/uploads/2024/07/xe-khach-hien-dai-66959e.webp
[WARN] Failed to download DDG image for bus: 412 Client Error: Precondition failed for url: https://images.sftcdn.net/images/t_app-cover-l,f_auto/p/78fbf751-eb34-49da-8b66-ac236476199d/3968039652/bus-simulator-3d-real-bus-driving-2019-screenshot.png
[DuckDuckGo] bus: keyword='articulated bus', remaining=18
[WARN] Failed to download DDG image for bus: 400 Client Error: Use thumbnail sizes listed on https://w.wiki/GHai for url: https://upload.wikimedia.org/wikipedia/commons/thumb/5/50/SMB8015R_858.jpg/440px-SMB8015R_858.jpg
[WARN] Failed to download DDG image for bus: 429 Client Error: Too Many Requests (b4a3396) for url: https://upload.wikimedia.org/wikipedia/commons/thumb/6/6c/Articulated_bus_schematic.svg/1920px-Articulated_bus_schematic.svg.png
[DONE] bus: raw_count=3000

[Crawl] label=car, source=naver, current_raw=2704, next_raw_goal=2854

$ C:\Users\Admin\AppData\Local\Programs\Python\Python310\python.exe scripts/crawl_images.py --labels car --sources naver --limit-per-label 2854
_________________________________
Current web-browser version:	148.0.7778.168
Current chrome-driver version:	148.0.7778.167
_________________________________
Collecting links... car on street from naver
Scrolling down
Scraping links
Collect links done. Site: naver, Keyword: car on street, Total: 490
Downloading images from collected links... car on street from naver
Downloading car on street from naver: 1 / 60
Downloading car on street from naver: 2 / 60
Downloading car on street from naver: 3 / 60
Downloading car on street from naver: 4 / 60
Downloading car on street from naver: 5 / 60
Downloading car on street from naver: 6 / 60
Downloading car on street from naver: 7 / 60
Downloading car on street from naver: 8 / 60
Downloading car on street from naver: 9 / 60
Downloading car on street from naver: 10 / 60
Downloading car on street from naver: 11 / 60
Downloading car on street from naver: 12 / 60
Downloading car on street from naver: 13 / 60
Downloading car on street from naver: 14 / 60
Downloading car on street from naver: 15 / 60
Downloading car on street from naver: 16 / 60
Downloading car on street from naver: 17 / 60
Downloading car on street from naver: 18 / 60
Downloading car on street from naver: 19 / 60
Downloading car on street from naver: 20 / 60
Downloading car on street from naver: 21 / 60
Downloading car on street from naver: 22 / 60
Downloading car on street from naver: 23 / 60
Downloading car on street from naver: 24 / 60
Downloading car on street from naver: 25 / 60
Downloading car on street from naver: 26 / 60
Downloading car on street from naver: 27 / 60
Downloading car on street from naver: 28 / 60
Downloading car on street from naver: 29 / 60
Downloading car on street from naver: 30 / 60
Downloading car on street from naver: 31 / 60
Downloading car on street from naver: 32 / 60
Downloading car on street from naver: 33 / 60
Downloading car on street from naver: 34 / 60
Downloading car on street from naver: 35 / 60
Downloading car on street from naver: 36 / 60
Downloading car on street from naver: 37 / 60
Downloading car on street from naver: 38 / 60
Downloading car on street from naver: 39 / 60
Downloading car on street from naver: 40 / 60
Downloading car on street from naver: 41 / 60
Downloading car on street from naver: 42 / 60
Downloading car on street from naver: 43 / 60
Downloading car on street from naver: 44 / 60
Downloading car on street from naver: 45 / 60
Downloading car on street from naver: 46 / 60
Downloading car on street from naver: 47 / 60
Downloading car on street from naver: 48 / 60
Downloading car on street from naver: 49 / 60
Downloading car on street from naver: 50 / 60
Downloading car on street from naver: 51 / 60
Downloading car on street from naver: 52 / 60
Downloading car on street from naver: 53 / 60
Downloading car on street from naver: 54 / 60
Downloading car on street from naver: 55 / 60
Downloading car on street from naver: 56 / 60
Downloading car on street from naver: 57 / 60
Downloading car on street from naver: 58 / 60
Downloading car on street from naver: 59 / 60
Downloading car on street from naver: 60 / 60
Done naver : car on street
_________________________________
Current web-browser version:	148.0.7778.168
Current chrome-driver version:	148.0.7778.167
_________________________________
Collecting links... car rear view from naver
Scrolling down
Scraping links
Collect links done. Site: naver, Keyword: car rear view, Total: 488
Downloading images from collected links... car rear view from naver
Downloading car rear view from naver: 1 / 60
Downloading car rear view from naver: 2 / 60
Downloading car rear view from naver: 3 / 60
Downloading car rear view from naver: 4 / 60
Downloading car rear view from naver: 5 / 60
Downloading car rear view from naver: 6 / 60
Downloading car rear view from naver: 7 / 60
Downloading car rear view from naver: 8 / 60
Downloading car rear view from naver: 9 / 60
Downloading car rear view from naver: 10 / 60
Downloading car rear view from naver: 11 / 60
Downloading car rear view from naver: 12 / 60
Downloading car rear view from naver: 13 / 60
Downloading car rear view from naver: 14 / 60
Downloading car rear view from naver: 15 / 60
Downloading car rear view from naver: 16 / 60
Downloading car rear view from naver: 17 / 60
Downloading car rear view from naver: 18 / 60
Downloading car rear view from naver: 19 / 60
Downloading car rear view from naver: 20 / 60
Downloading car rear view from naver: 21 / 60
Downloading car rear view from naver: 22 / 60
Downloading car rear view from naver: 23 / 60
Downloading car rear view from naver: 24 / 60
Downloading car rear view from naver: 25 / 60
Downloading car rear view from naver: 26 / 60
Downloading car rear view from naver: 27 / 60
Downloading car rear view from naver: 28 / 60
Downloading car rear view from naver: 29 / 60
Downloading car rear view from naver: 30 / 60
Downloading car rear view from naver: 31 / 60
Downloading car rear view from naver: 32 / 60
Downloading car rear view from naver: 33 / 60
Downloading car rear view from naver: 34 / 60
Downloading car rear view from naver: 35 / 60
Downloading car rear view from naver: 36 / 60
Downloading car rear view from naver: 37 / 60
Downloading car rear view from naver: 38 / 60
Downloading car rear view from naver: 39 / 60
Downloading car rear view from naver: 40 / 60
Downloading car rear view from naver: 41 / 60
Downloading car rear view from naver: 42 / 60
Downloading car rear view from naver: 43 / 60
Downloading car rear view from naver: 44 / 60
Downloading car rear view from naver: 45 / 60
Downloading car rear view from naver: 46 / 60
Downloading car rear view from naver: 47 / 60
Downloading car rear view from naver: 48 / 60
Downloading car rear view from naver: 49 / 60
Downloading car rear view from naver: 50 / 60
Downloading car rear view from naver: 51 / 60
Downloading car rear view from naver: 52 / 60
Downloading car rear view from naver: 53 / 60
Downloading car rear view from naver: 54 / 60
Downloading car rear view from naver: 55 / 60
Downloading car rear view from naver: 56 / 60
Downloading car rear view from naver: 57 / 60
Downloading car rear view from naver: 58 / 60
Downloading car rear view from naver: 59 / 60
Downloading car rear view from naver: 60 / 60
Done naver : car rear view
_________________________________
Current web-browser version:	148.0.7778.168
Current chrome-driver version:	148.0.7778.167
_________________________________
Collecting links... hatchback car from naver
Scrolling down
Scraping links
Collect links done. Site: naver, Keyword: hatchback car, Total: 484
Downloading images from collected links... hatchback car from naver
Downloading hatchback car from naver: 1 / 60
Downloading hatchback car from naver: 2 / 60
Downloading hatchback car from naver: 3 / 60
Downloading hatchback car from naver: 4 / 60
Downloading hatchback car from naver: 5 / 60
Downloading hatchback car from naver: 6 / 60
Downloading hatchback car from naver: 7 / 60
Downloading hatchback car from naver: 8 / 60
Downloading hatchback car from naver: 9 / 60
Downloading hatchback car from naver: 10 / 60
Downloading hatchback car from naver: 11 / 60
Downloading hatchback car from naver: 12 / 60
Downloading hatchback car from naver: 13 / 60
Downloading hatchback car from naver: 14 / 60
Downloading hatchback car from naver: 15 / 60
Downloading hatchback car from naver: 16 / 60
Downloading hatchback car from naver: 17 / 60
Downloading hatchback car from naver: 18 / 60
Downloading hatchback car from naver: 19 / 60
Downloading hatchback car from naver: 20 / 60
Downloading hatchback car from naver: 21 / 60
Downloading hatchback car from naver: 22 / 60
Downloading hatchback car from naver: 23 / 60
Downloading hatchback car from naver: 24 / 60
Downloading hatchback car from naver: 25 / 60
Downloading hatchback car from naver: 26 / 60
Downloading hatchback car from naver: 27 / 60
Downloading hatchback car from naver: 28 / 60
Downloading hatchback car from naver: 29 / 60
Options - skip:False, threads:4, google:False, naver:True, full_resolution:False, face:False, no_gui:False, limit:60, _proxy_list:['']
12 keywords found: ['car front view', 'car on road', 'car on street', 'car photo', 'car rear view', 'car side view', 'compact car', 'family car', 'hatchback car', 'road car', 'sedan car', 'vehicle car']
Task ended. Pool join.
Data imbalance checking...
dir: download/car front view, file_count: 61
dir: download/car on road, file_count: 61
dir: download/car on street, file_count: 61
dir: download/car photo, file_count: 61
dir: download/car rear view, file_count: 61
dir: download/car side view, file_count: 61
dir: download/compact car, file_count: 61
dir: download/family car, file_count: 61
dir: download/hatchback car, file_count: 61
dir: download/road car, file_count: 61
dir: download/sedan car, file_count: 61
dir: download/vehicle car, file_count: 61
Data imbalance not detected.
End Program
Project root: D:\Workspace\Nam4\KHDL\vehicle-classification\traffic_vehicle_classification
Selected sources: naver
Target raw images per label: 2854
[START] car: current=2704, target=2854
[AutoCrawler] car: crawling from naver
[DONE] car: raw_count=2854

[Crawl] label=car, source=duckduckgo, current_raw=2854, next_raw_goal=3004

$ C:\Users\Admin\AppData\Local\Programs\Python\Python310\python.exe scripts/crawl_images.py --labels car --sources duckduckgo --limit-per-label 3004
Project root: D:\Workspace\Nam4\KHDL\vehicle-classification\traffic_vehicle_classification
Selected sources: duckduckgo
Target raw images per label: 3004
[START] car: current=2854, target=3004
[DuckDuckGo] car: keyword='parked car', remaining=150
[WARN] Failed to download DDG image for car: 403 Client Error: Forbidden for url: https://cdn.pixabay.com/photo/2024/06/07/07/47/car-8814158_1280.jpg
[WARN] Failed to download DDG image for car: 403 Client Error: Forbidden for url: http://www.lthlaw.com/wp-content/uploads/2024/03/parked-car.jpg
[WARN] Failed to download DDG image for car: 403 Client Error: Forbidden for url: https://www.driving.org/wp-content/uploads/2024/01/rows-of-cars-parked-on-the-roadside-in-residential-2023-11-27-05-25-55-utc-e1706618303680.jpg
[DuckDuckGo] car: keyword='modern car', remaining=118
[DuckDuckGo] car: keyword='station wagon car', remaining=117
[WARN] Failed to download DDG image for car: 403 Client Error: Forbidden for url: https://forum.modelcarmakers.com/
[WARN] Failed to download DDG image for car: 406 Client Error: Not Acceptable for url: https://www.dispatch.com/gcdn/authoring/2020/03/23/NCOD/ghows-OH-a186cf4d-58ec-2a19-e053-0100007fb7e6-c4f94441.jpeg
[DuckDuckGo] car: keyword='hybrid car', remaining=84
[WARN] Failed to download DDG image for car: 403 Client Error: Forbidden for url: https://www.edmunds.com/assets/m/cs/blt079e26e2b3dfcf46/6668a0797a609d426fa697b8/2025_Honda_Civic_Sedan_Sport_Hybrid_front_action_1600.jpg
[WARN] Failed to download DDG image for car: cannot identify image file <_io.BytesIO object at 0x000002BED050FCE0>
[DuckDuckGo] car: keyword='car highway', remaining=51
[WARN] Failed to download DDG image for car: 403 Client Error: Forbidden for url: https://watermark.lovepik.com/photo/20211203/large/lovepik-cars-on-highway-picture_501476663.jpg
[DuckDuckGo] car: keyword='suv car', remaining=17
[DONE] car: raw_count=3004

[Crawl] label=helicopter, source=naver, current_raw=2700, next_raw_goal=2850

$ C:\Users\Admin\AppData\Local\Programs\Python\Python310\python.exe scripts/crawl_images.py --labels helicopter --sources naver --limit-per-label 2850
_________________________________
Current web-browser version:	148.0.7778.168
Current chrome-driver version:	148.0.7778.167
_________________________________
Collecting links... civilian helicopter from naver
Scrolling down
Scraping links
Collect links done. Site: naver, Keyword: civilian helicopter, Total: 256
Downloading images from collected links... civilian helicopter from naver
Downloading civilian helicopter from naver: 1 / 60
Downloading civilian helicopter from naver: 2 / 60
Downloading civilian helicopter from naver: 3 / 60
Downloading civilian helicopter from naver: 4 / 60
Downloading civilian helicopter from naver: 5 / 60
Downloading civilian helicopter from naver: 6 / 60
Downloading civilian helicopter from naver: 7 / 60
Downloading civilian helicopter from naver: 8 / 60
Downloading civilian helicopter from naver: 9 / 60
Downloading civilian helicopter from naver: 10 / 60
Downloading civilian helicopter from naver: 11 / 60
Downloading civilian helicopter from naver: 12 / 60
Downloading civilian helicopter from naver: 13 / 60
Downloading civilian helicopter from naver: 14 / 60
Downloading civilian helicopter from naver: 15 / 60
Downloading civilian helicopter from naver: 16 / 60
Downloading civilian helicopter from naver: 17 / 60
Downloading civilian helicopter from naver: 18 / 60
Downloading civilian helicopter from naver: 19 / 60
Downloading civilian helicopter from naver: 20 / 60
Downloading civilian helicopter from naver: 21 / 60
Downloading civilian helicopter from naver: 22 / 60
Downloading civilian helicopter from naver: 23 / 60
Downloading civilian helicopter from naver: 24 / 60
Downloading civilian helicopter from naver: 25 / 60
Downloading civilian helicopter from naver: 26 / 60
Downloading civilian helicopter from naver: 27 / 60
Downloading civilian helicopter from naver: 28 / 60
Downloading civilian helicopter from naver: 29 / 60
Downloading civilian helicopter from naver: 30 / 60
Downloading civilian helicopter from naver: 31 / 60
Downloading civilian helicopter from naver: 32 / 60
Downloading civilian helicopter from naver: 33 / 60
Downloading civilian helicopter from naver: 34 / 60
Downloading civilian helicopter from naver: 35 / 60
Downloading civilian helicopter from naver: 36 / 60
Downloading civilian helicopter from naver: 37 / 60
Downloading civilian helicopter from naver: 38 / 60
Downloading civilian helicopter from naver: 39 / 60
Downloading civilian helicopter from naver: 40 / 60
Downloading civilian helicopter from naver: 41 / 60
Downloading civilian helicopter from naver: 42 / 60
Downloading civilian helicopter from naver: 43 / 60
Downloading civilian helicopter from naver: 44 / 60
Downloading civilian helicopter from naver: 45 / 60
Downloading civilian helicopter from naver: 46 / 60
Downloading civilian helicopter from naver: 47 / 60
Downloading civilian helicopter from naver: 48 / 60
Downloading civilian helicopter from naver: 49 / 60
Downloading civilian helicopter from naver: 50 / 60
Downloading civilian helicopter from naver: 51 / 60
Downloading civilian helicopter from naver: 52 / 60
Downloading civilian helicopter from naver: 53 / 60
Downloading civilian helicopter from naver: 54 / 60
Downloading civilian helicopter from naver: 55 / 60
Downloading civilian helicopter from naver: 56 / 60
Downloading civilian helicopter from naver: 57 / 60
Downloading civilian helicopter from naver: 58 / 60
Downloading civilian helicopter from naver: 59 / 60
Downloading civilian helicopter from naver: 60 / 60
Done naver : civilian helicopter
_________________________________
Current web-browser version:	148.0.7778.168
Current chrome-driver version:	148.0.7778.167
_________________________________
Collecting links... helicopter on helipad from naver
Scrolling down
Scraping links
Collect links done. Site: naver, Keyword: helicopter on helipad, Total: 460
Downloading images from collected links... helicopter on helipad from naver
Downloading helicopter on helipad from naver: 1 / 60
Downloading helicopter on helipad from naver: 2 / 60
Downloading helicopter on helipad from naver: 3 / 60
Downloading helicopter on helipad from naver: 4 / 60
Downloading helicopter on helipad from naver: 5 / 60
Downloading helicopter on helipad from naver: 6 / 60
Downloading helicopter on helipad from naver: 7 / 60
Downloading helicopter on helipad from naver: 8 / 60
Downloading helicopter on helipad from naver: 9 / 60
Downloading helicopter on helipad from naver: 10 / 60
Downloading helicopter on helipad from naver: 11 / 60
Downloading helicopter on helipad from naver: 12 / 60
Downloading helicopter on helipad from naver: 13 / 60
Downloading helicopter on helipad from naver: 14 / 60
Downloading helicopter on helipad from naver: 15 / 60
Downloading helicopter on helipad from naver: 16 / 60
Downloading helicopter on helipad from naver: 17 / 60
Downloading helicopter on helipad from naver: 18 / 60
Downloading helicopter on helipad from naver: 19 / 60
Downloading helicopter on helipad from naver: 20 / 60
Downloading helicopter on helipad from naver: 21 / 60
Downloading helicopter on helipad from naver: 22 / 60
Downloading helicopter on helipad from naver: 23 / 60
Downloading helicopter on helipad from naver: 24 / 60
Downloading helicopter on helipad from naver: 25 / 60
Downloading helicopter on helipad from naver: 26 / 60
Downloading helicopter on helipad from naver: 27 / 60
Downloading helicopter on helipad from naver: 28 / 60
Downloading helicopter on helipad from naver: 29 / 60
Downloading helicopter on helipad from naver: 30 / 60
Downloading helicopter on helipad from naver: 31 / 60
Downloading helicopter on helipad from naver: 32 / 60
Downloading helicopter on helipad from naver: 33 / 60
Downloading helicopter on helipad from naver: 34 / 60
Downloading helicopter on helipad from naver: 35 / 60
Downloading helicopter on helipad from naver: 36 / 60
Downloading helicopter on helipad from naver: 37 / 60
Downloading helicopter on helipad from naver: 38 / 60
Downloading helicopter on helipad from naver: 39 / 60
Downloading helicopter on helipad from naver: 40 / 60
Downloading helicopter on helipad from naver: 41 / 60
Downloading helicopter on helipad from naver: 42 / 60
Downloading helicopter on helipad from naver: 43 / 60
Downloading helicopter on helipad from naver: 44 / 60
Downloading helicopter on helipad from naver: 45 / 60
Downloading helicopter on helipad from naver: 46 / 60
Downloading helicopter on helipad from naver: 47 / 60
Downloading helicopter on helipad from naver: 48 / 60
Downloading helicopter on helipad from naver: 49 / 60
Downloading helicopter on helipad from naver: 50 / 60
Downloading helicopter on helipad from naver: 51 / 60
Downloading helicopter on helipad from naver: 52 / 60
Downloading helicopter on helipad from naver: 53 / 60
Downloading helicopter on helipad from naver: 54 / 60
Downloading helicopter on helipad from naver: 55 / 60
Downloading helicopter on helipad from naver: 56 / 60
Downloading helicopter on helipad from naver: 57 / 60
Downloading helicopter on helipad from naver: 58 / 60
Downloading helicopter on helipad from naver: 59 / 60
Downloading helicopter on helipad from naver: 60 / 60
Done naver : helicopter on helipad
_________________________________
Current web-browser version:	148.0.7778.168
Current chrome-driver version:	148.0.7778.167
_________________________________
Collecting links... police helicopter from naver
Scrolling down
Scraping links
Collect links done. Site: naver, Keyword: police helicopter, Total: 490
Downloading images from collected links... police helicopter from naver
Downloading police helicopter from naver: 1 / 60
Downloading police helicopter from naver: 2 / 60
Downloading police helicopter from naver: 3 / 60
Downloading police helicopter from naver: 4 / 60
Downloading police helicopter from naver: 5 / 60
Downloading police helicopter from naver: 6 / 60
Downloading police helicopter from naver: 7 / 60
Downloading police helicopter from naver: 8 / 60
Downloading police helicopter from naver: 9 / 60
_________________________________
Current web-browser version:	148.0.7778.168
Current chrome-driver version:	148.0.7778.167
_________________________________
Collecting links... helicopter front view from naver
Scrolling down
Scraping links
Collect links done. Site: naver, Keyword: helicopter front view, Total: 482
Downloading images from collected links... helicopter front view from naver
Downloading helicopter front view from naver: 1 / 60
Downloading helicopter front view from naver: 2 / 60
Downloading helicopter front view from naver: 3 / 60
Downloading helicopter front view from naver: 4 / 60
Downloading helicopter front view from naver: 5 / 60
Downloading helicopter front view from naver: 6 / 60
Downloading helicopter front view from naver: 7 / 60
Downloading helicopter front view from naver: 8 / 60
Downloading helicopter front view from naver: 9 / 60
Downloading helicopter front view from naver: 10 / 60
Downloading helicopter front view from naver: 11 / 60
Downloading helicopter front view from naver: 12 / 60
Downloading helicopter front view from naver: 13 / 60
Downloading helicopter front view from naver: 14 / 60
Downloading helicopter front view from naver: 15 / 60
Downloading helicopter front view from naver: 16 / 60
Downloading helicopter front view from naver: 17 / 60
Downloading helicopter front view from naver: 18 / 60
Downloading helicopter front view from naver: 19 / 60
Downloading helicopter front view from naver: 20 / 60
Downloading helicopter front view from naver: 21 / 60
Downloading helicopter front view from naver: 22 / 60
Downloading helicopter front view from naver: 23 / 60
Downloading helicopter front view from naver: 24 / 60
Downloading helicopter front view from naver: 25 / 60
Downloading helicopter front view from naver: 26 / 60
Downloading helicopter front view from naver: 27 / 60
Downloading helicopter front view from naver: 28 / 60
Downloading helicopter front view from naver: 29 / 60
Downloading helicopter front view from naver: 30 / 60
Downloading helicopter front view from naver: 31 / 60
Downloading helicopter front view from naver: 32 / 60
Downloading helicopter front view from naver: 33 / 60
Downloading helicopter front view from naver: 34 / 60
Downloading helicopter front view from naver: 35 / 60
Downloading helicopter front view from naver: 36 / 60
Downloading helicopter front view from naver: 37 / 60
Downloading helicopter front view from naver: 38 / 60
Downloading helicopter front view from naver: 39 / 60
Downloading helicopter front view from naver: 40 / 60
Downloading helicopter front view from naver: 41 / 60
Downloading helicopter front view from naver: 42 / 60
Downloading helicopter front view from naver: 43 / 60
Downloading helicopter front view from naver: 44 / 60
Downloading helicopter front view from naver: 45 / 60
Downloading helicopter front view from naver: 46 / 60
Downloading helicopter front view from naver: 47 / 60
Downloading helicopter front view from naver: 48 / 60
Downloading helicopter front view from naver: 49 / 60
Downloading helicopter front view from naver: 50 / 60
Downloading helicopter front view from naver: 51 / 60
Downloading helicopter front view from naver: 52 / 60
Downloading helicopter front view from naver: 53 / 60
Downloading helicopter front view from naver: 54 / 60
Downloading helicopter front view from naver: 55 / 60
Downloading helicopter front view from naver: 56 / 60
Downloading helicopter front view from naver: 57 / 60
Downloading helicopter front view from naver: 58 / 60
Downloading helicopter front view from naver: 59 / 60
Downloading helicopter front view from naver: 60 / 60
Done naver : helicopter front view
_________________________________
Current web-browser version:	148.0.7778.168
Current chrome-driver version:	148.0.7778.167
_________________________________
Collecting links... helicopter photo from naver
Scrolling down
Scraping links
Collect links done. Site: naver, Keyword: helicopter photo, Total: 492
Downloading images from collected links... helicopter photo from naver
Downloading helicopter photo from naver: 1 / 60
Downloading helicopter photo from naver: 2 / 60
Downloading helicopter photo from naver: 3 / 60
Downloading helicopter photo from naver: 4 / 60
Downloading helicopter photo from naver: 5 / 60
Downloading helicopter photo from naver: 6 / 60
Downloading helicopter photo from naver: 7 / 60
Downloading helicopter photo from naver: 8 / 60
Downloading helicopter photo from naver: 9 / 60
Downloading helicopter photo from naver: 10 / 60
Downloading helicopter photo from naver: 11 / 60
Downloading helicopter photo from naver: 12 / 60
Downloading helicopter photo from naver: 13 / 60
Downloading helicopter photo from naver: 14 / 60
Downloading helicopter photo from naver: 15 / 60
Downloading helicopter photo from naver: 16 / 60
Downloading helicopter photo from naver: 17 / 60
Downloading helicopter photo from naver: 18 / 60
Downloading helicopter photo from naver: 19 / 60
Downloading helicopter photo from naver: 20 / 60
Downloading helicopter photo from naver: 21 / 60
Downloading helicopter photo from naver: 22 / 60
Downloading helicopter photo from naver: 23 / 60
Downloading helicopter photo from naver: 24 / 60
Downloading helicopter photo from naver: 25 / 60
Downloading helicopter photo from naver: 26 / 60
Downloading helicopter photo from naver: 27 / 60
Downloading helicopter photo from naver: 28 / 60
Downloading helicopter photo from naver: 29 / 60
Downloading helicopter photo from naver: 30 / 60
Downloading helicopter photo from naver: 31 / 60
Downloading helicopter photo from naver: 32 / 60
Downloading helicopter photo from naver: 33 / 60
Downloading helicopter photo from naver: 34 / 60
Downloading helicopter photo from naver: 35 / 60
Downloading helicopter photo from naver: 36 / 60
Downloading helicopter photo from naver: 37 / 60
Downloading helicopter photo from naver: 38 / 60
Downloading helicopter photo from naver: 39 / 60
Downloading helicopter photo from naver: 40 / 60
Downloading helicopter photo from naver: 41 / 60
Downloading helicopter photo from naver: 42 / 60
Downloading helicopter photo from naver: 43 / 60
Downloading helicopter photo from naver: 44 / 60
Downloading helicopter photo from naver: 45 / 60
Downloading helicopter photo from naver: 46 / 60
Downloading helicopter photo from naver: 47 / 60
Downloading helicopter photo from naver: 48 / 60
Downloading helicopter photo from naver: 49 / 60
Downloading helicopter photo from naver: 50 / 60
Downloading helicopter photo from naver: 51 / 60
Downloading helicopter photo from naver: 52 / 60
Downloading helicopter photo from naver: 53 / 60
Downloading helicopter photo from naver: 54 / 60
Downloading helicopter photo from naver: 55 / 60
Downloading helicopter photo from naver: 56 / 60
Downloading helicopter photo from naver: 57 / 60
Downloading helicopter photo from naver: 58 / 60
Downloading helicopter photo from naver: 59 / 60
Downloading helicopter photo from naver: 60 / 60
Done naver : helicopter photo
_________________________________
Current web-browser version:	148.0.7778.168
Current chrome-driver version:	148.0.7778.167
_________________________________
Collecting links... real helicopter from naver
Scrolling down
Scraping links
Collect links done. Site: naver, Keyword: real helicopter, Total: 477
Downloading images from collected links... real helicopter from naver
Downloading real helicopter from naver: 1 / 60
Downloading real helicopter from naver: 2 / 60
Downloading real helicopter from naver: 3 / 60
Downloading real helicopter from naver: 4 / 60
Renamed extension jpg -> png
Downloading real helicopter from naver: 5 / 60
Downloading real helicopter from naver: 6 / 60
Downloading real helicopter from naver: 7 / 60
Downloading real helicopter from naver: 8 / 60
Downloading real helicopter from naver: 9 / 60
Downloading real helicopter from naver: 10 / 60
Downloading real helicopter from naver: 11 / 60
Downloading real helicopter from naver: 12 / 60
Downloading real helicopter from naver: 13 / 60
Options - skip:False, threads:4, google:False, naver:True, full_resolution:False, face:False, no_gui:False, limit:60, _proxy_list:['']
12 keywords found: ['civilian helicopter', 'helicopter flying', 'helicopter front view', 'helicopter landing', 'helicopter on helipad', 'helicopter photo', 'helicopter side view', 'military helicopter', 'police helicopter', 'real helicopter', 'rescue helicopter', 'transport helicopter']
Task ended. Pool join.
Data imbalance checking...
dir: download/civilian helicopter, file_count: 61
dir: download/helicopter flying, file_count: 61
dir: download/helicopter front view, file_count: 61
dir: download/helicopter landing, file_count: 61
dir: download/helicopter on helipad, file_count: 61
dir: download/helicopter photo, file_count: 61
dir: download/helicopter side view, file_count: 61
dir: download/military helicopter, file_count: 61
dir: download/police helicopter, file_count: 61
dir: download/real helicopter, file_count: 61
dir: download/rescue helicopter, file_count: 61
dir: download/transport helicopter, file_count: 61
Data imbalance not detected.
End Program
Project root: D:\Workspace\Nam4\KHDL\vehicle-classification\traffic_vehicle_classification
Selected sources: naver
Target raw images per label: 2850
[START] helicopter: current=2700, target=2850
[AutoCrawler] helicopter: crawling from naver
[DONE] helicopter: raw_count=2850

[Crawl] label=helicopter, source=duckduckgo, current_raw=2850, next_raw_goal=3000

$ C:\Users\Admin\AppData\Local\Programs\Python\Python310\python.exe scripts/crawl_images.py --labels helicopter --sources duckduckgo --limit-per-label 3000
Project root: D:\Workspace\Nam4\KHDL\vehicle-classification\traffic_vehicle_classification
Selected sources: duckduckgo
Target raw images per label: 3000
[START] helicopter: current=2850, target=3000
[DuckDuckGo] helicopter: keyword='private helicopter', remaining=150
[WARN] Failed to download DDG image for helicopter: 403 Client Error: Forbidden for url: https://celebmafia.com/wp-content/uploads/2018/02/jennifer-lawrence-red-sparrow-premiere-in-nyc-18.jpg
[WARN] Failed to download DDG image for helicopter: 403 Client Error: Forbidden for url: https://celebmafia.com/wp-content/uploads/2018/02/jennifer-lawrence-red-sparrow-premiere-in-nyc-9.jpg
[WARN] Failed to download DDG image for helicopter: 403 Client Error: Forbidden for url: https://celebmafia.com/wp-content/uploads/2018/02/jennifer-lawrence-red-sparrow-premiere-in-nyc-5.jpg
[WARN] Failed to download DDG image for helicopter: 403 Client Error: Forbidden for url: https://celebmafia.com/wp-content/uploads/2018/02/jennifer-lawrence-red-sparrow-premiere-in-nyc-0.jpg
[WARN] Failed to download DDG image for helicopter: 403 Client Error: Forbidden for url: https://celebmafia.com/wp-content/uploads/2018/02/jennifer-lawrence-red-sparrow-premiere-in-nyc-17.jpg
[WARN] Failed to download DDG image for helicopter: 403 Client Error: Forbidden for url: https://celebmafia.com/wp-content/uploads/2018/02/jennifer-lawrence-red-sparrow-premiere-in-london-26.jpg
[DuckDuckGo] helicopter: keyword='helicopter close up', remaining=121
[WARN] Failed to download DDG image for helicopter: HTTPSConnectionPool(host='thumbs.dreamstime.com', port=443): Max retries exceeded with url: /z/helicopter-close-up-blue-white-helicopterview-view-255515834.jpg (Caused by ConnectTimeoutError(<HTTPSConnection(host='thumbs.dreamstime.com', port=443) at 0x25b849b8f70>, 'Connection to thumbs.dreamstime.com timed out. (connect timeout=15)'))
[DuckDuckGo] helicopter: keyword='cargo helicopter', remaining=72
[WARN] Failed to download DDG image for helicopter: HTTPSConnectionPool(host='armedforces.eu', port=443): Max retries exceeded with url: /Images/Helicopters/CH-47.jpg (Caused by SSLError(SSLCertVerificationError(1, '[SSL: CERTIFICATE_VERIFY_FAILED] certificate verify failed: certificate has expired (_ssl.c:1007)')))
[WARN] Failed to download DDG image for helicopter: 404 Client Error: Not Found for url: https://d3lcr32v2pp4l1.cloudfront.net/Pictures/480xany/7/2/2/78722_defensecarouselboeingch_47_255784.jpg
[WARN] Failed to download DDG image for helicopter: 403 Client Error: Forbidden for url: https://www.militaryfactory.com/aircraft/imgs/lrg/boeing-vertol-ch47-chinook-tandem-rotor-heavy-lift-transport-helicopter.jpg
[DuckDuckGo] helicopter: keyword='helicopter rotor', remaining=40
[WARN] Failed to download DDG image for helicopter: 403 Client Error: Forbidden for url: https://scheme360.net/pics/Helicopter-Rotor_Control-1copy_1.jpg
[WARN] Failed to download DDG image for helicopter: 403 Client Error: Forbidden for url: http://radianthelicoptertour.com/wp-content/uploads/2023/08/Rigid-Rotor-Blade-System.jpg
[DuckDuckGo] helicopter: keyword='coast guard helicopter', remaining=7
[WARN] Failed to download DDG image for helicopter: 403 Client Error: Forbidden for url: https://chuckhillscgblog.net/wp-content/uploads/2024/08/mh60t_cgas-ventura.png
[DONE] helicopter: raw_count=3000

[Crawl] label=minibus, source=naver, current_raw=2700, next_raw_goal=2850

$ C:\Users\Admin\AppData\Local\Programs\Python\Python310\python.exe scripts/crawl_images.py --labels minibus --sources naver --limit-per-label 2850
_________________________________
Current web-browser version:	148.0.7778.168
Current chrome-driver version:	148.0.7778.167
_________________________________
Collecting links... commuter minibus from naver
Scrolling down
Scraping links
Collect links done. Site: naver, Keyword: commuter minibus, Total: 4
Downloading images from collected links... commuter minibus from naver
Downloading commuter minibus from naver: 1 / 60
Downloading commuter minibus from naver: 2 / 60
Downloading commuter minibus from naver: 3 / 60
Downloading commuter minibus from naver: 4 / 60
Done naver : commuter minibus
_________________________________
Current web-browser version:	148.0.7778.168
Current chrome-driver version:	148.0.7778.167
_________________________________
Collecting links... minibus photo from naver
Scrolling down
Scraping links
Collect links done. Site: naver, Keyword: minibus photo, Total: 366
Downloading images from collected links... minibus photo from naver
Downloading minibus photo from naver: 1 / 60
Downloading minibus photo from naver: 2 / 60
Downloading minibus photo from naver: 3 / 60
Downloading minibus photo from naver: 4 / 60
Downloading minibus photo from naver: 5 / 60
Downloading minibus photo from naver: 6 / 60
Downloading minibus photo from naver: 7 / 60
Downloading minibus photo from naver: 8 / 60
Downloading minibus photo from naver: 9 / 60
Downloading minibus photo from naver: 10 / 60
Downloading minibus photo from naver: 11 / 60
Downloading minibus photo from naver: 12 / 60
Downloading minibus photo from naver: 13 / 60
Downloading minibus photo from naver: 14 / 60
Downloading minibus photo from naver: 15 / 60
Downloading minibus photo from naver: 16 / 60
Downloading minibus photo from naver: 17 / 60
Downloading minibus photo from naver: 18 / 60
Downloading minibus photo from naver: 19 / 60
Downloading minibus photo from naver: 20 / 60
Downloading minibus photo from naver: 21 / 60
Downloading minibus photo from naver: 22 / 60
Downloading minibus photo from naver: 23 / 60
Downloading minibus photo from naver: 24 / 60
Downloading minibus photo from naver: 25 / 60
Downloading minibus photo from naver: 26 / 60
Downloading minibus photo from naver: 27 / 60
Downloading minibus photo from naver: 28 / 60
Downloading minibus photo from naver: 29 / 60
Downloading minibus photo from naver: 30 / 60
Downloading minibus photo from naver: 31 / 60
Downloading minibus photo from naver: 32 / 60
Downloading minibus photo from naver: 33 / 60
Downloading minibus photo from naver: 34 / 60
Downloading minibus photo from naver: 35 / 60
Downloading minibus photo from naver: 36 / 60
Downloading minibus photo from naver: 37 / 60
Downloading minibus photo from naver: 38 / 60
Downloading minibus photo from naver: 39 / 60
Downloading minibus photo from naver: 40 / 60
Downloading minibus photo from naver: 41 / 60
Downloading minibus photo from naver: 42 / 60
Downloading minibus photo from naver: 43 / 60
Downloading minibus photo from naver: 44 / 60
Downloading minibus photo from naver: 45 / 60
Downloading minibus photo from naver: 46 / 60
Downloading minibus photo from naver: 47 / 60
Downloading minibus photo from naver: 48 / 60
Downloading minibus photo from naver: 49 / 60
Downloading minibus photo from naver: 50 / 60
Downloading minibus photo from naver: 51 / 60
Downloading minibus photo from naver: 52 / 60
Downloading minibus photo from naver: 53 / 60
Downloading minibus photo from naver: 54 / 60
Downloading minibus photo from naver: 55 / 60
Downloading minibus photo from naver: 56 / 60
Downloading minibus photo from naver: 57 / 60
Downloading minibus photo from naver: 58 / 60
Downloading minibus photo from naver: 59 / 60
Downloading minibus photo from naver: 60 / 60
Done naver : minibus photo
_________________________________
Current web-browser version:	148.0.7778.168
Current chrome-driver version:	148.0.7778.167
_________________________________
Collecting links... passenger minibus from naver
Scrolling down
Scraping links
Collect links done. Site: naver, Keyword: passenger minibus, Total: 216
Downloading images from collected links... passenger minibus from naver
Downloading passenger minibus from naver: 1 / 60
Downloading passenger minibus from naver: 2 / 60
Downloading passenger minibus from naver: 3 / 60
Downloading passenger minibus from naver: 4 / 60
Downloading passenger minibus from naver: 5 / 60
Downloading passenger minibus from naver: 6 / 60
Downloading passenger minibus from naver: 7 / 60
Downloading passenger minibus from naver: 8 / 60
Downloading passenger minibus from naver: 9 / 60
Downloading passenger minibus from naver: 10 / 60
Downloading passenger minibus from naver: 11 / 60
Downloading passenger minibus from naver: 12 / 60
Downloading passenger minibus from naver: 13 / 60
Downloading passenger minibus from naver: 14 / 60
Downloading passenger minibus from naver: 15 / 60
Downloading passenger minibus from naver: 16 / 60
Downloading passenger minibus from naver: 17 / 60
Downloading passenger minibus from naver: 18 / 60
Downloading passenger minibus from naver: 19 / 60
Downloading passenger minibus from naver: 20 / 60
Downloading passenger minibus from naver: 21 / 60
Downloading passenger minibus from naver: 22 / 60
Downloading passenger minibus from naver: 23 / 60
Downloading passenger minibus from naver: 24 / 60
Downloading passenger minibus from naver: 25 / 60
Downloading passenger minibus from naver: 26 / 60
Downloading passenger minibus from naver: 27 / 60
Downloading passenger minibus from naver: 28 / 60
Downloading passenger minibus from naver: 29 / 60
Downloading passenger minibus from naver: 30 / 60
Downloading passenger minibus from naver: 31 / 60
Downloading passenger minibus from naver: 32 / 60
Downloading passenger minibus from naver: 33 / 60
Downloading passenger minibus from naver: 34 / 60
Downloading passenger minibus from naver: 35 / 60
Downloading passenger minibus from naver: 36 / 60
Downloading passenger minibus from naver: 37 / 60
Downloading passenger minibus from naver: 38 / 60
Downloading passenger minibus from naver: 39 / 60
Downloading passenger minibus from naver: 40 / 60
Downloading passenger minibus from naver: 41 / 60
Downloading passenger minibus from naver: 42 / 60
Downloading passenger minibus from naver: 43 / 60
Downloading passenger minibus from naver: 44 / 60
Downloading passenger minibus from naver: 45 / 60
Downloading passenger minibus from naver: 46 / 60
Downloading passenger minibus from naver: 47 / 60
Downloading passenger minibus from naver: 48 / 60
Downloading passenger minibus from naver: 49 / 60
Downloading passenger minibus from naver: 50 / 60
Downloading passenger minibus from naver: 51 / 60
Downloading passenger minibus from naver: 52 / 60
Downloading passenger minibus from naver: 53 / 60
Downloading passenger minibus from naver: 54 / 60
Downloading passenger minibus from naver: 55 / 60
Downloading passenger minibus from naver: 56 / 60
Downloading passenger minibus from naver: 57 / 60
Downloading passenger minibus from naver: 58 / 60
Downloading passenger minibus from naver: 59 / 60
Downloading passenger minibus from naver: 60 / 60
Done naver : passenger minibus
_________________________________
Current web-browser version:	148.0.7778.168
Current chrome-driver version:	148.0.7778.167
_________________________________
Collecting links... minibus on road from naver
Scrolling down
Scraping links
Collect links done. Site: naver, Keyword: minibus on road, Total: 449
Downloading images from collected links... minibus on road from naver
Downloading minibus on road from naver: 1 / 60
Downloading minibus on road from naver: 2 / 60
Downloading minibus on road from naver: 3 / 60
Downloading minibus on road from naver: 4 / 60
Downloading minibus on road from naver: 5 / 60
Downloading minibus on road from naver: 6 / 60
Downloading minibus on road from naver: 7 / 60
Downloading minibus on road from naver: 8 / 60
Downloading minibus on road from naver: 9 / 60
Downloading minibus on road from naver: 10 / 60
Downloading minibus on road from naver: 11 / 60
Downloading minibus on road from naver: 12 / 60
Downloading minibus on road from naver: 13 / 60
Downloading minibus on road from naver: 14 / 60
Downloading minibus on road from naver: 15 / 60
Downloading minibus on road from naver: 16 / 60
Downloading minibus on road from naver: 17 / 60
Downloading minibus on road from naver: 18 / 60
Downloading minibus on road from naver: 19 / 60
Downloading minibus on road from naver: 20 / 60
Downloading minibus on road from naver: 21 / 60
Downloading minibus on road from naver: 22 / 60
Downloading minibus on road from naver: 23 / 60
Downloading minibus on road from naver: 24 / 60
Downloading minibus on road from naver: 25 / 60
Downloading minibus on road from naver: 26 / 60
Downloading minibus on road from naver: 27 / 60
Downloading minibus on road from naver: 28 / 60
Downloading minibus on road from naver: 29 / 60
Downloading minibus on road from naver: 30 / 60
Downloading minibus on road from naver: 31 / 60
Downloading minibus on road from naver: 32 / 60
Downloading minibus on road from naver: 33 / 60
Downloading minibus on road from naver: 34 / 60
Downloading minibus on road from naver: 35 / 60
Downloading minibus on road from naver: 36 / 60
Downloading minibus on road from naver: 37 / 60
Downloading minibus on road from naver: 38 / 60
Downloading minibus on road from naver: 39 / 60
Downloading minibus on road from naver: 40 / 60
Downloading minibus on road from naver: 41 / 60
Downloading minibus on road from naver: 42 / 60
Downloading minibus on road from naver: 43 / 60
Downloading minibus on road from naver: 44 / 60
Downloading minibus on road from naver: 45 / 60
Downloading minibus on road from naver: 46 / 60
Downloading minibus on road from naver: 47 / 60
Downloading minibus on road from naver: 48 / 60
Downloading minibus on road from naver: 49 / 60
Downloading minibus on road from naver: 50 / 60
Downloading minibus on road from naver: 51 / 60
Downloading minibus on road from naver: 52 / 60
Downloading minibus on road from naver: 53 / 60
Downloading minibus on road from naver: 54 / 60
Downloading minibus on road from naver: 55 / 60
Downloading minibus on road from naver: 56 / 60
Downloading minibus on road from naver: 57 / 60
Downloading minibus on road from naver: 58 / 60
Downloading minibus on road from naver: 59 / 60
Downloading minibus on road from naver: 60 / 60
Done naver : minibus on road
_________________________________
Current web-browser version:	148.0.7778.168
Current chrome-driver version:	148.0.7778.167
_________________________________
Collecting links... minibus street from naver
Scrolling down
Scraping links
Collect links done. Site: naver, Keyword: minibus street, Total: 81
Downloading images from collected links... minibus street from naver
Downloading minibus street from naver: 1 / 60
Downloading minibus street from naver: 2 / 60
Downloading minibus street from naver: 3 / 60
Downloading minibus street from naver: 4 / 60
Downloading minibus street from naver: 5 / 60
Downloading minibus street from naver: 6 / 60
Downloading minibus street from naver: 7 / 60
Downloading minibus street from naver: 8 / 60
Downloading minibus street from naver: 9 / 60
Downloading minibus street from naver: 10 / 60
Downloading minibus street from naver: 11 / 60
Downloading minibus street from naver: 12 / 60
Downloading minibus street from naver: 13 / 60
Downloading minibus street from naver: 14 / 60
Downloading minibus street from naver: 15 / 60
Downloading minibus street from naver: 16 / 60
Downloading minibus street from naver: 17 / 60
Downloading minibus street from naver: 18 / 60
Downloading minibus street from naver: 19 / 60
Renamed extension jpg -> png
Downloading minibus street from naver: 20 / 60
Downloading minibus street from naver: 21 / 60
Downloading minibus street from naver: 22 / 60
Downloading minibus street from naver: 23 / 60
Downloading minibus street from naver: 24 / 60
Downloading minibus street from naver: 25 / 60
Downloading minibus street from naver: 26 / 60
Downloading minibus street from naver: 27 / 60
Downloading minibus street from naver: 28 / 60
Downloading minibus street from naver: 29 / 60
Downloading minibus street from naver: 30 / 60
Downloading minibus street from naver: 31 / 60
Downloading minibus street from naver: 32 / 60
Downloading minibus street from naver: 33 / 60
Downloading minibus street from naver: 34 / 60
Downloading minibus street from naver: 35 / 60
Downloading minibus street from naver: 36 / 60
Downloading minibus street from naver: 37 / 60
Downloading minibus street from naver: 38 / 60
Downloading minibus street from naver: 39 / 60
Downloading minibus street from naver: 40 / 60
Downloading minibus street from naver: 41 / 60
Downloading minibus street from naver: 42 / 60
Downloading minibus street from naver: 43 / 60
Downloading minibus street from naver: 44 / 60
Downloading minibus street from naver: 45 / 60
Downloading minibus street from naver: 46 / 60
Downloading minibus street from naver: 47 / 60
Downloading minibus street from naver: 48 / 60
Downloading minibus street from naver: 49 / 60
Downloading minibus street from naver: 50 / 60
Downloading minibus street from naver: 51 / 60
Downloading minibus street from naver: 52 / 60
Downloading minibus street from naver: 53 / 60
Downloading minibus street from naver: 54 / 60
Downloading minibus street from naver: 55 / 60
Downloading minibus street from naver: 56 / 60
Downloading minibus street from naver: 57 / 60
Downloading minibus street from naver: 58 / 60
Downloading minibus street from naver: 59 / 60
Downloading minibus street from naver: 60 / 60
Done naver : minibus street
_________________________________
Current web-browser version:	148.0.7778.168
Current chrome-driver version:	148.0.7778.167
_________________________________
Collecting links... shuttle minibus from naver
Scrolling down
Scraping links
Collect links done. Site: naver, Keyword: shuttle minibus, Total: 101
Downloading images from collected links... shuttle minibus from naver
Downloading shuttle minibus from naver: 1 / 60
Downloading shuttle minibus from naver: 2 / 60
Downloading shuttle minibus from naver: 3 / 60
Downloading shuttle minibus from naver: 4 / 60
Downloading shuttle minibus from naver: 5 / 60
Downloading shuttle minibus from naver: 6 / 60
Downloading shuttle minibus from naver: 7 / 60
Downloading shuttle minibus from naver: 8 / 60
Downloading shuttle minibus from naver: 9 / 60
Downloading shuttle minibus from naver: 10 / 60
Downloading shuttle minibus from naver: 11 / 60
Downloading shuttle minibus from naver: 12 / 60
Downloading shuttle minibus from naver: 13 / 60
Downloading shuttle minibus from naver: 14 / 60
Downloading shuttle minibus from naver: 15 / 60
Downloading shuttle minibus from naver: 16 / 60
Downloading shuttle minibus from naver: 17 / 60
Downloading shuttle minibus from naver: 18 / 60
Downloading shuttle minibus from naver: 19 / 60
Downloading shuttle minibus from naver: 20 / 60
Downloading shuttle minibus from naver: 21 / 60
Downloading shuttle minibus from naver: 22 / 60
Downloading shuttle minibus from naver: 23 / 60
Options - skip:False, threads:4, google:False, naver:True, full_resolution:False, face:False, no_gui:False, limit:60, _proxy_list:['']
12 keywords found: ['commuter minibus', 'mini bus', 'minibus front view', 'minibus on road', 'minibus photo', 'minibus side view', 'minibus street', 'minibus vehicle', 'passenger minibus', 'shuttle minibus', 'small bus', 'van minibus']
Task ended. Pool join.
Data imbalance checking...
dir: download/commuter minibus, file_count: 5
dir: download/mini bus, file_count: 61
dir: download/minibus front view, file_count: 61
dir: download/minibus on road, file_count: 61
dir: download/minibus photo, file_count: 61
dir: download/minibus side view, file_count: 61
dir: download/minibus street, file_count: 61
dir: download/minibus vehicle, file_count: 61
dir: download/passenger minibus, file_count: 61
dir: download/shuttle minibus, file_count: 61
dir: download/small bus, file_count: 61
dir: download/van minibus, file_count: 61
Data imbalance detected.
Below keywords have smaller than 50% of average file count.
I recommend you to remove these directories and re-download for that keyword.
_________________________________
Too small file count directories:
dir: download/commuter minibus, file_count: 5
Remove directories above? (y/n)
End Program
Project root: D:\Workspace\Nam4\KHDL\vehicle-classification\traffic_vehicle_classification
Selected sources: naver
Target raw images per label: 2850
[START] minibus: current=2700, target=2850
[AutoCrawler] minibus: crawling from naver
[DONE] minibus: raw_count=2850

[Crawl] label=minibus, source=duckduckgo, current_raw=2850, next_raw_goal=3000

$ C:\Users\Admin\AppData\Local\Programs\Python\Python310\python.exe scripts/crawl_images.py --labels minibus --sources duckduckgo --limit-per-label 3000
Project root: D:\Workspace\Nam4\KHDL\vehicle-classification\traffic_vehicle_classification
Selected sources: duckduckgo
Target raw images per label: 3000
[START] minibus: current=2850, target=3000
[DuckDuckGo] minibus: keyword='tour minibus', remaining=150
[DuckDuckGo] minibus: keyword='real minibus', remaining=149
[WARN] Failed to download DDG image for minibus: HTTPSConnectionPool(host='www.buckstravel.co.uk', port=443): Max retries exceeded with url: /wp-content/uploads/2022/12/12-Seater-Minibus-Hire-With-Driver.jpg (Caused by SSLError(SSLCertVerificationError(1, '[SSL: CERTIFICATE_VERIFY_FAILED] certificate verify failed: unable to get local issuer certificate (_ssl.c:1007)')))
[WARN] Failed to download DDG image for minibus: 403 Client Error: Forbidden for url: https://www.taximinibushire.co.uk/wp-content/uploads/2024/01/transit-real-minibus-hire-front-side-image.jpg
[WARN] Failed to download DDG image for minibus: 403 Client Error: Forbidden for url: https://baddiehub.org.uk/wp-content/uploads/2025/04/Reliable-Minibus.jpg
[WARN] Failed to download DDG image for minibus: 403 Client Error: Forbidden for url: https://www.model1.com/wp-content/uploads/2023/04/24f34e7d-f985-4a5c-a07e-b4f018db972b-768x435.jpg
[WARN] Failed to download DDG image for minibus: cannot identify image file <_io.BytesIO object at 0x000001821BCDF4C0>
[DuckDuckGo] minibus: keyword='microbus vehicle', remaining=119
[WARN] Failed to download DDG image for minibus: 403 Client Error: Forbidden for url: http://car-from-uk.com/ebay/carphotos/full/ebay391107.jpg
[WARN] Failed to download DDG image for minibus: HTTPSConnectionPool(host='www.conceptcarz.com', port=443): Max retries exceeded with url: /images/Volkswagen/vw_microbus_HR_manu-r2.jpg (Caused by ConnectTimeoutError(<HTTPSConnection(host='www.conceptcarz.com', port=443) at 0x1821cd6a980>, 'Connection to www.conceptcarz.com timed out. (connect timeout=15)'))
[WARN] Failed to download DDG image for minibus: 504 Server Error: Gateway Time-out for url: https://barrettjacksoncdn.azureedge.net/staging/Content/ArticleContent/Images/7cb6d206-010e-4e02-8eca-a06017d2a18b.jpg
[WARN] Failed to download DDG image for minibus: 404 Client Error: Not Found for url: https://www.namcars.net/image/1998-Volkswagen-MICROBUS-2.3I-2147483698-5314379_1.jpg
[WARN] Failed to download DDG image for minibus: 404 Client Error: Not Found for url: https://www.shebarentacar.com/wp-content/uploads/2020/11/sheba-rent-a-car_micro-bus-1536x878.jpg
[WARN] Failed to download DDG image for minibus: HTTPSConnectionPool(host='media.cbs8.com', port=443): Max retries exceeded with url: /assets/KFMB/images/7da357d5-7144-4c0b-8e4a-2ee53c9fb481/20241231T004104/7da357d5-7144-4c0b-8e4a-2ee53c9fb481_1140x641.jpg (Caused by NameResolutionError("HTTPSConnection(host='media.cbs8.com', port=443): Failed to resolve 'media.cbs8.com' ([Errno 11001] getaddrinfo failed)"))
[WARN] Failed to download DDG image for minibus: 403 Client Error: Forbidden for url: https://photos.webuycars.co.za/photobooth/516709854/Feed/5167098540.jpeg
[WARN] Failed to download DDG image for minibus: 403 Client Error: Forbidden for url: https://eu.amcdn.co.za/cars/vw-microbus-1998-id-65723167-type-main.jpg?width=400
[WARN] Failed to download DDG image for minibus: 403 Client Error: Forbidden for url: https://images.hgmsites.net/hug/volkswagen-id-buzz-cargo-concept_100671414_h.jpg
[WARN] Failed to download DDG image for minibus: 403 Client Error: Forbidden for url: https://images.rawpixel.com/image_social_landscape/cHJpdmF0ZS9sci9pbWFnZXMvd2Vic2l0ZS8yMDIzLTA5L3Jhd3BpeGVsb2ZmaWNlOV9tZWRpdW1fc2hvdF9waG90b2dyYXBoX2FfYmxhbmtfd2hpdGVfbWluaV9idXNfdl80MjA4ODFjNi0wODlmLTQ4ZjktOThhMS03ZWJlNzZjYjU1MmYtcm02OTMtbW9ja3VwXzEuanBn.jpg
[WARN] Failed to download DDG image for minibus: 403 Client Error: Forbidden for url: https://www.stuff.tv/wp-content/uploads/sites/2/2022/01/vw-microbus-1.jpg
[WARN] Failed to download DDG image for minibus: HTTPSConnectionPool(host='picolio.auto123.com', port=443): Max retries exceeded with url: /auto123tv/images/cd/il/Volkswagen-Microbus-1962-02.JPG (Caused by ConnectTimeoutError(<HTTPSConnection(host='picolio.auto123.com', port=443) at 0x1821cd6b850>, 'Connection to picolio.auto123.com timed out. (connect timeout=15)'))
[WARN] Failed to download DDG image for minibus: 403 Client Error: Forbidden for url: https://images.hgmsites.net/hug/volkswagen_100588438_h.jpg
[WARN] Failed to download DDG image for minibus: HTTPSConnectionPool(host='www.conceptcarz.com', port=443): Max retries exceeded with url: /images/articleimages/vw-23-window-microbus-car-classic-1024.jpg (Caused by ConnectTimeoutError(<HTTPSConnection(host='www.conceptcarz.com', port=443) at 0x1821ce50610>, 'Connection to www.conceptcarz.com timed out. (connect timeout=15)'))
[WARN] Failed to download DDG image for minibus: 403 Client Error: Forbidden for url: https://images.hgmsites.net/hug/kirk-bell-and-john-voelcker-in-volkswagen-id-buzz-electric-microbus-concept-vehicle_100618513_h.jpg
[WARN] Failed to download DDG image for minibus: 404 Client Error: Not Found for url: https://cdn.jdpower.com/JDP_2025+Volkswagen+ID+Buzz+Blue+Shown+with+Microbus.jpg
[WARN] Failed to download DDG image for minibus: 403 Client Error: Forbidden for url: https://cimg2.ibsrv.net/ibimg/hgm/1919x1079-1/100/618/volkswagen-id-buzz-electric-bus-concept-with-1964-vw-microbus_100618510.jpg
[DuckDuckGo] minibus: keyword='school minibus', remaining=89
[WARN] Failed to download DDG image for minibus: 404 Client Error: Not Found for url: https://www.minibussales.co.uk/userfiles/images/easydrive+website+1.gif
[WARN] Failed to download DDG image for minibus: HTTPSConnectionPool(host='evm.uk', port=443): Read timed out. (read timeout=15)
[WARN] Failed to download DDG image for minibus: HTTPSConnectionPool(host='evm.uk', port=443): Read timed out. (read timeout=15)
[WARN] Failed to download DDG image for minibus: 404 Client Error: File Not Found for url: https://i0.wp.com/www.redkite-minibuses.com/wp-content/uploads/2017/06/redkite_school_minibuses12.jpg?fit=1110,600&ssl=1
[WARN] Failed to download DDG image for minibus: 404 Client Error: File Not Found for url: https://i0.wp.com/www.redkite-minibuses.com/wp-content/uploads/2017/04/redkite_school_minibuses7.jpg?w=1110&ssl=1
[WARN] Failed to download DDG image for minibus: HTTPSConnectionPool(host='evm.uk', port=443): Read timed out. (read timeout=15)
[WARN] Failed to download DDG image for minibus: 404 Client Error: Not Found for url: https://www.minibussales.co.uk/userfiles/images/Reigate+Grammar+School+2+minibuses.jpg
[WARN] Failed to download DDG image for minibus: 404 Client Error: Not Found for url: https://www.thegatewayschool.co.uk/_site/data/images/news/3/TGS+Minibus.jpg
[WARN] Failed to download DDG image for minibus: HTTPSConnectionPool(host='vansgb.com', port=443): Read timed out. (read timeout=15)
[WARN] Failed to download DDG image for minibus: HTTPSConnectionPool(host='www.briggspriestley.co.uk', port=443): Read timed out. (read timeout=15)
[WARN] Failed to download DDG image for minibus: HTTPSConnectionPool(host='marshall-minibus.co.uk', port=443): Max retries exceeded with url: /_userfiles/thumbs/_userfiles-pages-images-blog/school_minibus_wrap-jpg/eae7266dff8a0c7056c1a812fc484600/school_minibus_wrap.jpg (Caused by SSLError(SSLCertVerificationError(1, "[SSL: CERTIFICATE_VERIFY_FAILED] certificate verify failed: Hostname mismatch, certificate is not valid for 'marshall-minibus.co.uk'. (_ssl.c:1007)")))
[WARN] Failed to download DDG image for minibus: HTTPSConnectionPool(host='evm.uk', port=443): Read timed out. (read timeout=15)
[WARN] Failed to download DDG image for minibus: HTTPSConnectionPool(host='www.minibus-online.co.uk', port=443): Max retries exceeded with url: /wp-content/uploads/2025/04/School_college_image_1@2x.jpg (Caused by ConnectTimeoutError(<HTTPSConnection(host='www.minibus-online.co.uk', port=443) at 0x1821ce514b0>, 'Connection to www.minibus-online.co.uk timed out. (connect timeout=15)'))
[WARN] Failed to download DDG image for minibus: 403 Client Error: Forbidden for url: https://www.route-one.net/wp-content/uploads/2024/07/school-minibus.jpg
[DuckDuckGo] minibus: keyword='commuter van minibus', remaining=68
[WARN] Failed to download DDG image for minibus: HTTPSConnectionPool(host='hire.maunmotors.co.uk', port=443): Read timed out. (read timeout=15)
[DuckDuckGo] minibus: keyword='small passenger bus', remaining=34
[DuckDuckGo] minibus: keyword='hotel minibus', remaining=33
[DuckDuckGo] minibus: keyword='minibus passenger van', remaining=32
[WARN] Failed to download DDG image for minibus: 410 Client Error: Gone for url: https://www.truck1.eu/img/Bus_TOYOTA_Hiace_mini_van_passenger_mini_bus-xxl-36907/36907_8138169802996.jpg
[WARN] Failed to download DDG image for minibus: 410 Client Error: Gone for url: https://www.truck1.eu/img/Bus_TOYOTA_Hiace_mini_van_small_passenger_van_city_bus-xxl-36907/36907_7416226230.jpg
[WARN] Failed to download DDG image for minibus: 410 Client Error: Gone for url: https://www.truck1.eu/img/Bus_TOYOTA_HiAce_small_mini_bus_van-xxl-36907/36907_6899477982233.jpg
[WARN] Failed to download DDG image for minibus: 410 Client Error: Gone for url: https://www.truck1.eu/img/Bus_TOYOTA_Hiace_mini_van_small_passenger_van_city_bus-xxl-36907/36907_4366235172.jpg
[WARN] Failed to download DDG image for minibus: 403 Client Error: Forbidden for url: https://static.nv.ua/shared/system/Article/posters/003/287/398/original/27faa7b23fe7d2c8466b03bc77fa2530.png?q=85&stamp=20260507173346&w=900&f=webp
[WARN] Failed to download DDG image for minibus: 410 Client Error: Gone for url: https://www.truck1.eu/img/Bus_TOYOTA_HiAce_small_mini_bus_van-xxl-36907/36907_9570296377214.jpg
[WARN] Failed to download DDG image for minibus: 403 Client Error: Forbidden for url: https://northwestrentals.co.nz/wp-content/uploads/2024/02/Ursula3.jpg
[WARN] Failed to download DDG image for minibus: 410 Client Error: Gone for url: https://www.truck1.eu/img/Bus_TOYOTA_HiAce_small_mini_bus_van-xxl-36907/36907_4950362083773.jpg
[DuckDuckGo] minibus: keyword='airport minibus', remaining=5
[WARN] Failed to download DDG image for minibus: 403 Client Error: Forbidden for url: https://www.westlondonminibushire.com/wp-content/uploads/2025/06/thumbnail-27-1080x675.jpg
[DONE] minibus: raw_count=3000

[Crawl] label=motorcycle, source=naver, current_raw=2700, next_raw_goal=2850

$ C:\Users\Admin\AppData\Local\Programs\Python\Python310\python.exe scripts/crawl_images.py --labels motorcycle --sources naver --limit-per-label 2850
_________________________________
Current web-browser version:	148.0.7778.168
Current chrome-driver version:	148.0.7778.167
_________________________________
Collecting links... motorcycle in traffic from naver
Scrolling down
Scraping links
Collect links done. Site: naver, Keyword: motorcycle in traffic, Total: 485
Downloading images from collected links... motorcycle in traffic from naver
Downloading motorcycle in traffic from naver: 1 / 60
Downloading motorcycle in traffic from naver: 2 / 60
Downloading motorcycle in traffic from naver: 3 / 60
Downloading motorcycle in traffic from naver: 4 / 60
Downloading motorcycle in traffic from naver: 5 / 60
Downloading motorcycle in traffic from naver: 6 / 60
Downloading motorcycle in traffic from naver: 7 / 60
Downloading motorcycle in traffic from naver: 8 / 60
Downloading motorcycle in traffic from naver: 9 / 60
Downloading motorcycle in traffic from naver: 10 / 60
Downloading motorcycle in traffic from naver: 11 / 60
Downloading motorcycle in traffic from naver: 12 / 60
Renamed extension jpg -> png
Downloading motorcycle in traffic from naver: 13 / 60
Downloading motorcycle in traffic from naver: 14 / 60
Downloading motorcycle in traffic from naver: 15 / 60
Downloading motorcycle in traffic from naver: 16 / 60
Downloading motorcycle in traffic from naver: 17 / 60
Downloading motorcycle in traffic from naver: 18 / 60
Downloading motorcycle in traffic from naver: 19 / 60
Downloading motorcycle in traffic from naver: 20 / 60
Downloading motorcycle in traffic from naver: 21 / 60
Downloading motorcycle in traffic from naver: 22 / 60
Downloading motorcycle in traffic from naver: 23 / 60
Downloading motorcycle in traffic from naver: 24 / 60
Downloading motorcycle in traffic from naver: 25 / 60
Downloading motorcycle in traffic from naver: 26 / 60
Downloading motorcycle in traffic from naver: 27 / 60
Downloading motorcycle in traffic from naver: 28 / 60
Downloading motorcycle in traffic from naver: 29 / 60
Downloading motorcycle in traffic from naver: 30 / 60
Downloading motorcycle in traffic from naver: 31 / 60
Downloading motorcycle in traffic from naver: 32 / 60
Downloading motorcycle in traffic from naver: 33 / 60
Downloading motorcycle in traffic from naver: 34 / 60
Downloading motorcycle in traffic from naver: 35 / 60
Downloading motorcycle in traffic from naver: 36 / 60
Downloading motorcycle in traffic from naver: 37 / 60
Downloading motorcycle in traffic from naver: 38 / 60
Downloading motorcycle in traffic from naver: 39 / 60
Downloading motorcycle in traffic from naver: 40 / 60
Downloading motorcycle in traffic from naver: 41 / 60
Downloading motorcycle in traffic from naver: 42 / 60
Downloading motorcycle in traffic from naver: 43 / 60
Downloading motorcycle in traffic from naver: 44 / 60
Downloading motorcycle in traffic from naver: 45 / 60
Downloading motorcycle in traffic from naver: 46 / 60
Downloading motorcycle in traffic from naver: 47 / 60
Downloading motorcycle in traffic from naver: 48 / 60
Downloading motorcycle in traffic from naver: 49 / 60
Downloading motorcycle in traffic from naver: 50 / 60
Downloading motorcycle in traffic from naver: 51 / 60
Downloading motorcycle in traffic from naver: 52 / 60
Downloading motorcycle in traffic from naver: 53 / 60
Downloading motorcycle in traffic from naver: 54 / 60
Downloading motorcycle in traffic from naver: 55 / 60
Downloading motorcycle in traffic from naver: 56 / 60
Downloading motorcycle in traffic from naver: 57 / 60
Downloading motorcycle in traffic from naver: 58 / 60
Downloading motorcycle in traffic from naver: 59 / 60
Downloading motorcycle in traffic from naver: 60 / 60
Done naver : motorcycle in traffic
_________________________________
Current web-browser version:	148.0.7778.168
Current chrome-driver version:	148.0.7778.167
_________________________________
Collecting links... motorcycle side view from naver
Scrolling down
Scraping links
Collect links done. Site: naver, Keyword: motorcycle side view, Total: 495
Downloading images from collected links... motorcycle side view from naver
Downloading motorcycle side view from naver: 1 / 60
Renamed extension jpg -> png
Downloading motorcycle side view from naver: 2 / 60
Downloading motorcycle side view from naver: 3 / 60
Downloading motorcycle side view from naver: 4 / 60
Downloading motorcycle side view from naver: 5 / 60
Downloading motorcycle side view from naver: 6 / 60
Downloading motorcycle side view from naver: 7 / 60
Downloading motorcycle side view from naver: 8 / 60
Downloading motorcycle side view from naver: 9 / 60
Downloading motorcycle side view from naver: 10 / 60
Downloading motorcycle side view from naver: 11 / 60
Downloading motorcycle side view from naver: 12 / 60
Downloading motorcycle side view from naver: 13 / 60
Downloading motorcycle side view from naver: 14 / 60
Downloading motorcycle side view from naver: 15 / 60
Downloading motorcycle side view from naver: 16 / 60
Downloading motorcycle side view from naver: 17 / 60
Downloading motorcycle side view from naver: 18 / 60
Downloading motorcycle side view from naver: 19 / 60
Downloading motorcycle side view from naver: 20 / 60
Downloading motorcycle side view from naver: 21 / 60
Downloading motorcycle side view from naver: 22 / 60
Downloading motorcycle side view from naver: 23 / 60
Downloading motorcycle side view from naver: 24 / 60
Downloading motorcycle side view from naver: 25 / 60
Downloading motorcycle side view from naver: 26 / 60
Downloading motorcycle side view from naver: 27 / 60
Downloading motorcycle side view from naver: 28 / 60
Downloading motorcycle side view from naver: 29 / 60
Downloading motorcycle side view from naver: 30 / 60
Downloading motorcycle side view from naver: 31 / 60
Downloading motorcycle side view from naver: 32 / 60
Downloading motorcycle side view from naver: 33 / 60
Downloading motorcycle side view from naver: 34 / 60
Downloading motorcycle side view from naver: 35 / 60
Downloading motorcycle side view from naver: 36 / 60
Downloading motorcycle side view from naver: 37 / 60
Downloading motorcycle side view from naver: 38 / 60
Downloading motorcycle side view from naver: 39 / 60
Downloading motorcycle side view from naver: 40 / 60
Downloading motorcycle side view from naver: 41 / 60
Downloading motorcycle side view from naver: 42 / 60
Downloading motorcycle side view from naver: 43 / 60
Downloading motorcycle side view from naver: 44 / 60
Downloading motorcycle side view from naver: 45 / 60
Downloading motorcycle side view from naver: 46 / 60
Downloading motorcycle side view from naver: 47 / 60
Downloading motorcycle side view from naver: 48 / 60
Downloading motorcycle side view from naver: 49 / 60
Downloading motorcycle side view from naver: 50 / 60
Downloading motorcycle side view from naver: 51 / 60
Downloading motorcycle side view from naver: 52 / 60
Downloading motorcycle side view from naver: 53 / 60
Downloading motorcycle side view from naver: 54 / 60
Downloading motorcycle side view from naver: 55 / 60
Downloading motorcycle side view from naver: 56 / 60
Downloading motorcycle side view from naver: 57 / 60
Downloading motorcycle side view from naver: 58 / 60
Downloading motorcycle side view from naver: 59 / 60
Downloading motorcycle side view from naver: 60 / 60
Done naver : motorcycle side view
_________________________________
Current web-browser version:	148.0.7778.168
Current chrome-driver version:	148.0.7778.167
_________________________________
Collecting links... touring motorcycle from naver
Scrolling down
Scraping links
Collect links done. Site: naver, Keyword: touring motorcycle, Total: 491
Downloading images from collected links... touring motorcycle from naver
Downloading touring motorcycle from naver: 1 / 60
Downloading touring motorcycle from naver: 2 / 60
Downloading touring motorcycle from naver: 3 / 60
Downloading touring motorcycle from naver: 4 / 60
Downloading touring motorcycle from naver: 5 / 60
Downloading touring motorcycle from naver: 6 / 60
_________________________________
Current web-browser version:	148.0.7778.168
Current chrome-driver version:	148.0.7778.167
_________________________________
Collecting links... motorcycle front view from naver
Scrolling down
Scraping links
Collect links done. Site: naver, Keyword: motorcycle front view, Total: 490
Downloading images from collected links... motorcycle front view from naver
Downloading motorcycle front view from naver: 1 / 60
Downloading motorcycle front view from naver: 2 / 60
Downloading motorcycle front view from naver: 3 / 60
Downloading motorcycle front view from naver: 4 / 60
Downloading motorcycle front view from naver: 5 / 60
Downloading motorcycle front view from naver: 6 / 60
Downloading motorcycle front view from naver: 7 / 60
Downloading motorcycle front view from naver: 8 / 60
Downloading motorcycle front view from naver: 9 / 60
Downloading motorcycle front view from naver: 10 / 60
Downloading motorcycle front view from naver: 11 / 60
Downloading motorcycle front view from naver: 12 / 60
Downloading motorcycle front view from naver: 13 / 60
Downloading motorcycle front view from naver: 14 / 60
Downloading motorcycle front view from naver: 15 / 60
Downloading motorcycle front view from naver: 16 / 60
Downloading motorcycle front view from naver: 17 / 60
Downloading motorcycle front view from naver: 18 / 60
Downloading motorcycle front view from naver: 19 / 60
Downloading motorcycle front view from naver: 20 / 60
Downloading motorcycle front view from naver: 21 / 60
Downloading motorcycle front view from naver: 22 / 60
Downloading motorcycle front view from naver: 23 / 60
Downloading motorcycle front view from naver: 24 / 60
Downloading motorcycle front view from naver: 25 / 60
Downloading motorcycle front view from naver: 26 / 60
Downloading motorcycle front view from naver: 27 / 60
Downloading motorcycle front view from naver: 28 / 60
Downloading motorcycle front view from naver: 29 / 60
Downloading motorcycle front view from naver: 30 / 60
Downloading motorcycle front view from naver: 31 / 60
Downloading motorcycle front view from naver: 32 / 60
Downloading motorcycle front view from naver: 33 / 60
Downloading motorcycle front view from naver: 34 / 60
Downloading motorcycle front view from naver: 35 / 60
Downloading motorcycle front view from naver: 36 / 60
Downloading motorcycle front view from naver: 37 / 60
Downloading motorcycle front view from naver: 38 / 60
Downloading motorcycle front view from naver: 39 / 60
Downloading motorcycle front view from naver: 40 / 60
Downloading motorcycle front view from naver: 41 / 60
Downloading motorcycle front view from naver: 42 / 60
Downloading motorcycle front view from naver: 43 / 60
Downloading motorcycle front view from naver: 44 / 60
Downloading motorcycle front view from naver: 45 / 60
Downloading motorcycle front view from naver: 46 / 60
Downloading motorcycle front view from naver: 47 / 60
Downloading motorcycle front view from naver: 48 / 60
Downloading motorcycle front view from naver: 49 / 60
Downloading motorcycle front view from naver: 50 / 60
Downloading motorcycle front view from naver: 51 / 60
Downloading motorcycle front view from naver: 52 / 60
Renamed extension jpg -> png
Downloading motorcycle front view from naver: 53 / 60
Downloading motorcycle front view from naver: 54 / 60
Downloading motorcycle front view from naver: 55 / 60
Downloading motorcycle front view from naver: 56 / 60
Downloading motorcycle front view from naver: 57 / 60
Downloading motorcycle front view from naver: 58 / 60
Downloading motorcycle front view from naver: 59 / 60
Downloading motorcycle front view from naver: 60 / 60
Done naver : motorcycle front view
_________________________________
Current web-browser version:	148.0.7778.168
Current chrome-driver version:	148.0.7778.167
_________________________________
Collecting links... motorcycle street photo from naver
Scrolling down
Scraping links
Collect links done. Site: naver, Keyword: motorcycle street photo, Total: 456
Downloading images from collected links... motorcycle street photo from naver
Downloading motorcycle street photo from naver: 1 / 60
Downloading motorcycle street photo from naver: 2 / 60
Downloading motorcycle street photo from naver: 3 / 60
Downloading motorcycle street photo from naver: 4 / 60
Downloading motorcycle street photo from naver: 5 / 60
Downloading motorcycle street photo from naver: 6 / 60
Downloading motorcycle street photo from naver: 7 / 60
Downloading motorcycle street photo from naver: 8 / 60
Downloading motorcycle street photo from naver: 9 / 60
Downloading motorcycle street photo from naver: 10 / 60
Downloading motorcycle street photo from naver: 11 / 60
Downloading motorcycle street photo from naver: 12 / 60
Downloading motorcycle street photo from naver: 13 / 60
Downloading motorcycle street photo from naver: 14 / 60
Downloading motorcycle street photo from naver: 15 / 60
Downloading motorcycle street photo from naver: 16 / 60
Downloading motorcycle street photo from naver: 17 / 60
Downloading motorcycle street photo from naver: 18 / 60
Downloading motorcycle street photo from naver: 19 / 60
Downloading motorcycle street photo from naver: 20 / 60
Downloading motorcycle street photo from naver: 21 / 60
Downloading motorcycle street photo from naver: 22 / 60
Downloading motorcycle street photo from naver: 23 / 60
Downloading motorcycle street photo from naver: 24 / 60
Downloading motorcycle street photo from naver: 25 / 60
Downloading motorcycle street photo from naver: 26 / 60
Downloading motorcycle street photo from naver: 27 / 60
Downloading motorcycle street photo from naver: 28 / 60
Downloading motorcycle street photo from naver: 29 / 60
Downloading motorcycle street photo from naver: 30 / 60
Downloading motorcycle street photo from naver: 31 / 60
Downloading motorcycle street photo from naver: 32 / 60
Downloading motorcycle street photo from naver: 33 / 60
Downloading motorcycle street photo from naver: 34 / 60
Downloading motorcycle street photo from naver: 35 / 60
Downloading motorcycle street photo from naver: 36 / 60
Downloading motorcycle street photo from naver: 37 / 60
Downloading motorcycle street photo from naver: 38 / 60
Downloading motorcycle street photo from naver: 39 / 60
Downloading motorcycle street photo from naver: 40 / 60
Downloading motorcycle street photo from naver: 41 / 60
Downloading motorcycle street photo from naver: 42 / 60
Downloading motorcycle street photo from naver: 43 / 60
Downloading motorcycle street photo from naver: 44 / 60
Downloading motorcycle street photo from naver: 45 / 60
Downloading motorcycle street photo from naver: 46 / 60
Downloading motorcycle street photo from naver: 47 / 60
Downloading motorcycle street photo from naver: 48 / 60
Downloading motorcycle street photo from naver: 49 / 60
Downloading motorcycle street photo from naver: 50 / 60
Downloading motorcycle street photo from naver: 51 / 60
Downloading motorcycle street photo from naver: 52 / 60
Downloading motorcycle street photo from naver: 53 / 60
Downloading motorcycle street photo from naver: 54 / 60
Downloading motorcycle street photo from naver: 55 / 60
Downloading motorcycle street photo from naver: 56 / 60
Downloading motorcycle street photo from naver: 57 / 60
Downloading motorcycle street photo from naver: 58 / 60
Downloading motorcycle street photo from naver: 59 / 60
Downloading motorcycle street photo from naver: 60 / 60
Done naver : motorcycle street photo
_________________________________
Current web-browser version:	148.0.7778.168
Current chrome-driver version:	148.0.7778.167
_________________________________
Collecting links... street motorcycle from naver
Scrolling down
Scraping links
Collect links done. Site: naver, Keyword: street motorcycle, Total: 482
Downloading images from collected links... street motorcycle from naver
Downloading street motorcycle from naver: 1 / 60
Downloading street motorcycle from naver: 2 / 60
Downloading street motorcycle from naver: 3 / 60
Options - skip:False, threads:4, google:False, naver:True, full_resolution:False, face:False, no_gui:False, limit:60, _proxy_list:['']
12 keywords found: ['motor scooter', 'motorbike', 'motorcycle front view', 'motorcycle in traffic', 'motorcycle on road', 'motorcycle photo', 'motorcycle side view', 'motorcycle street photo', 'scooter motorcycle', 'sport motorcycle', 'street motorcycle', 'touring motorcycle']
Task ended. Pool join.
Data imbalance checking...
dir: download/motor scooter, file_count: 61
dir: download/motorbike, file_count: 61
dir: download/motorcycle front view, file_count: 61
dir: download/motorcycle in traffic, file_count: 61
dir: download/motorcycle on road, file_count: 61
dir: download/motorcycle photo, file_count: 61
dir: download/motorcycle side view, file_count: 61
dir: download/motorcycle street photo, file_count: 61
dir: download/scooter motorcycle, file_count: 61
dir: download/sport motorcycle, file_count: 61
dir: download/street motorcycle, file_count: 61
dir: download/touring motorcycle, file_count: 61
Data imbalance not detected.
End Program
Project root: D:\Workspace\Nam4\KHDL\vehicle-classification\traffic_vehicle_classification
Selected sources: naver
Target raw images per label: 2850
[START] motorcycle: current=2700, target=2850
[AutoCrawler] motorcycle: crawling from naver
[DONE] motorcycle: raw_count=2850

[Crawl] label=motorcycle, source=duckduckgo, current_raw=2850, next_raw_goal=3000

$ C:\Users\Admin\AppData\Local\Programs\Python\Python310\python.exe scripts/crawl_images.py --labels motorcycle --sources duckduckgo --limit-per-label 3000
Project root: D:\Workspace\Nam4\KHDL\vehicle-classification\traffic_vehicle_classification
Selected sources: duckduckgo
Target raw images per label: 3000
[START] motorcycle: current=2850, target=3000
[DuckDuckGo] motorcycle: keyword='dirt motorcycle', remaining=150
[WARN] Failed to download DDG image for motorcycle: 403 Client Error: Forbidden for url: https://www.hondamotorbikes.co.nz/media/catalog/category/Honda_Motorcycle_Product_Category_Banners_Off-Road_1600_x_800.jpg
[WARN] Failed to download DDG image for motorcycle: 403 Client Error: Forbidden for url: https://powersports.honda.com/motorcycle/-/media/products/family/crf50f/family-gallery/media-thumb/2026/2026-crf50f-gallery-01.jpg
[WARN] Failed to download DDG image for motorcycle: 403 Client Error: Forbidden for url: http://dirtbikemagazine.com/wp-content/uploads/2015/12/YZFXweb1.jpg
[WARN] Failed to download DDG image for motorcycle: 403 Client Error: Forbidden for url: https://powersports.honda.com/motorcycle/-/media/products/family/crf450x/hero-banner/desktop/2026/2026-crf450x-hero-desktop.jpg
[WARN] Failed to download DDG image for motorcycle: 403 Client Error: Forbidden for url: https://ridewithus.com/wp-content/uploads/2026/01/RWU_Q4_Rider_Resources_Blog4_Image01.jpg
[WARN] Failed to download DDG image for motorcycle: 403 Client Error: Forbidden for url: https://powersports.honda.com/-/media/products/segment/off-road/trail/category-mp/image-tile/2020/trail-upcoming-events-and-demos-2-1434x1120.jpg
[WARN] Failed to download DDG image for motorcycle: 403 Client Error: Forbidden for url: https://powersports.honda.com/-/media/products/segment/motorcycle/trail/category-mp/hero/desktop/2023/trail-competition-crf250rx-2400x1350.jpg
[WARN] Failed to download DDG image for motorcycle: 403 Client Error: Forbidden for url: https://dirtbikemagazine.com/wp-content/uploads/2023/11/fabio-diamanti-sZfX_QAqg-o-unsplash-scaled.jpg
[DuckDuckGo] motorcycle: keyword='motorcycle close up', remaining=123
[DuckDuckGo] motorcycle: keyword='adventure motorcycle', remaining=88
[WARN] Failed to download DDG image for motorcycle: 403 Client Error: Forbidden for url: https://powersports.honda.com/motorcycle/-/media/products/segment/motorcycle/adventure/category-mp/full-width-campaign/desktop/2024/adventure-campaign-desktop.jpg
[WARN] Failed to download DDG image for motorcycle: 403 Client Error: Forbidden for url: https://powersports.honda.com/motorcycle/-/media/products/segment/motorcycle/adventure/category-mp/gallery/thumb/2024/adventure-gallery-thumb-01.jpg
[WARN] Failed to download DDG image for motorcycle: 403 Client Error: Forbidden for url: https://powersports.honda.com/-/media/products/segment/motorcycle/adventure/category-mp/hero/desktop/2024/adventure-segment-gallery-03-2400x1350.jpg
[WARN] Failed to download DDG image for motorcycle: 403 Client Error: Forbidden for url: https://powersports.honda.com/-/media/products/segment/motorcycle/adventure/category-mp/hero/desktop/2024/adventure-segment-gallery-04-2400x1350.jpg
[WARN] Failed to download DDG image for motorcycle: 403 Client Error: Forbidden for url: https://powersports.honda.com/-/media/products/segment/motorcycle/adventure/category-mp/hero/desktop/2024/adventure-segment-hero-01-2400x1350.jpg
[WARN] Failed to download DDG image for motorcycle: 403 Client Error: Forbidden for url: https://powersports.honda.com/motorcycle/-/media/products/segment/motorcycle/adventure/category-mp/category-intro/desktop/2024/adventure-category-intro-desktop.jpg
[WARN] Failed to download DDG image for motorcycle: 403 Client Error: Forbidden for url: https://powersports.honda.com/motorcycle/adventure/-/media/products/family/nx500/family-gallery/expanded/2025/2025-nx500-gallery-07-2560x2101.jpg
[WARN] Failed to download DDG image for motorcycle: 404 Client Error: Not Found for url: https://media.triumphmotorcycles.co.uk/image/upload/f_auto/q_auto:eco/sitecoremedialibrary/media-library/images/bikes/my18+adventure/adventure-genre.jpg?w=1450&h=713&crop=1
[DuckDuckGo] motorcycle: keyword='real motorcycle', remaining=61
[WARN] Failed to download DDG image for motorcycle: 503 Server Error: Service Temporarily Unavailable for url: https://photographyintel.com/wp-content/uploads/2024/02/mark-farias-zjdVuOtv8qk-unsplash-scaled.jpg
[WARN] Failed to download DDG image for motorcycle: 403 Client Error: Forbidden for url: https://johnpwalshblog.com/wp-content/uploads/2020/05/1-9-2048x2048.jpg
[WARN] Failed to download DDG image for motorcycle: 403 Client Error: Forbidden for url: https://images.rawpixel.com/image_social_landscape/cHJpdmF0ZS9sci9pbWFnZXMvd2Vic2l0ZS8yMDIzLTExL3Jhd3BpeGVsb2ZmaWNlMTJfcGhvdG9ncmFwaHlfb2ZfZnVsbF9zaG90X2FkdWx0X3dpdGhfZXF1aXBtZW50X19jYzNkZGE1Yy01NDgzLTQ3NjMtOTZmYy1iYzYyMDdhY2ZjZGFfMS5qcGc.jpg
[DuckDuckGo] motorcycle: keyword='electric motorcycle', remaining=29
[WARN] Failed to download DDG image for motorcycle: 403 Client Error: Forbidden for url: https://ultimatemotorcycling.com/wp-content/uploads/2021/11/2021-livewire-one-review-electric-motorcycle-urban-sportbike-10.jpg
[WARN] Failed to download DDG image for motorcycle: 403 Client Error: Forbidden for url: https://ultimatemotorcycling.com/wp-content/uploads/2023/01/fuell-fllow-pre-orders-open-electric-motorcycle-12.jpg
[WARN] Failed to download DDG image for motorcycle: 429 Client Error: Too Many Requests (b4a3396) for url: https://upload.wikimedia.org/wikipedia/commons/e/e5/Zero_DS_2011_Aktion.jpg
[DONE] motorcycle: raw_count=3000

[Crawl] label=taxi, source=naver, current_raw=2700, next_raw_goal=2850

$ C:\Users\Admin\AppData\Local\Programs\Python\Python310\python.exe scripts/crawl_images.py --labels taxi --sources naver --limit-per-label 2850
_________________________________
Current web-browser version:	148.0.7778.168
Current chrome-driver version:	148.0.7778.167
_________________________________
Collecting links... airport cab from naver
Scrolling down
Scraping links
Collect links done. Site: naver, Keyword: airport cab, Total: 480
Downloading images from collected links... airport cab from naver
Downloading airport cab from naver: 1 / 60
Downloading airport cab from naver: 2 / 60
Downloading airport cab from naver: 3 / 60
Downloading airport cab from naver: 4 / 60
Downloading airport cab from naver: 5 / 60
Downloading airport cab from naver: 6 / 60
Downloading airport cab from naver: 7 / 60
Downloading airport cab from naver: 8 / 60
Downloading airport cab from naver: 9 / 60
Downloading airport cab from naver: 10 / 60
Downloading airport cab from naver: 11 / 60
Downloading airport cab from naver: 12 / 60
Downloading airport cab from naver: 13 / 60
Downloading airport cab from naver: 14 / 60
Downloading airport cab from naver: 15 / 60
Downloading airport cab from naver: 16 / 60
Downloading airport cab from naver: 17 / 60
Downloading airport cab from naver: 18 / 60
Downloading airport cab from naver: 19 / 60
Downloading airport cab from naver: 20 / 60
Downloading airport cab from naver: 21 / 60
Downloading airport cab from naver: 22 / 60
Downloading airport cab from naver: 23 / 60
Downloading airport cab from naver: 24 / 60
Downloading airport cab from naver: 25 / 60
Downloading airport cab from naver: 26 / 60
Downloading airport cab from naver: 27 / 60
Downloading airport cab from naver: 28 / 60
Downloading airport cab from naver: 29 / 60
Downloading airport cab from naver: 30 / 60
Downloading airport cab from naver: 31 / 60
Downloading airport cab from naver: 32 / 60
Downloading airport cab from naver: 33 / 60
Downloading airport cab from naver: 34 / 60
Downloading airport cab from naver: 35 / 60
Downloading airport cab from naver: 36 / 60
Downloading airport cab from naver: 37 / 60
Downloading airport cab from naver: 38 / 60
Downloading airport cab from naver: 39 / 60
Downloading airport cab from naver: 40 / 60
Downloading airport cab from naver: 41 / 60
Downloading airport cab from naver: 42 / 60
Downloading airport cab from naver: 43 / 60
Downloading airport cab from naver: 44 / 60
Downloading airport cab from naver: 45 / 60
Downloading airport cab from naver: 46 / 60
Downloading airport cab from naver: 47 / 60
Downloading airport cab from naver: 48 / 60
Downloading airport cab from naver: 49 / 60
Downloading airport cab from naver: 50 / 60
Downloading airport cab from naver: 51 / 60
Downloading airport cab from naver: 52 / 60
Downloading airport cab from naver: 53 / 60
Downloading airport cab from naver: 54 / 60
Downloading airport cab from naver: 55 / 60
Downloading airport cab from naver: 56 / 60
Downloading airport cab from naver: 57 / 60
Downloading airport cab from naver: 58 / 60
Downloading airport cab from naver: 59 / 60
Downloading airport cab from naver: 60 / 60
Done naver : airport cab
_________________________________
Current web-browser version:	148.0.7778.168
Current chrome-driver version:	148.0.7778.167
_________________________________
Collecting links... taxi front view from naver
Scrolling down
Scraping links
Collect links done. Site: naver, Keyword: taxi front view, Total: 464
Downloading images from collected links... taxi front view from naver
Downloading taxi front view from naver: 1 / 60
Downloading taxi front view from naver: 2 / 60
Downloading taxi front view from naver: 3 / 60
Downloading taxi front view from naver: 4 / 60
Downloading taxi front view from naver: 5 / 60
Downloading taxi front view from naver: 6 / 60
Downloading taxi front view from naver: 7 / 60
Downloading taxi front view from naver: 8 / 60
Downloading taxi front view from naver: 9 / 60
Downloading taxi front view from naver: 10 / 60
Downloading taxi front view from naver: 11 / 60
Downloading taxi front view from naver: 12 / 60
Downloading taxi front view from naver: 13 / 60
Downloading taxi front view from naver: 14 / 60
Downloading taxi front view from naver: 15 / 60
Downloading taxi front view from naver: 16 / 60
Downloading taxi front view from naver: 17 / 60
Downloading taxi front view from naver: 18 / 60
Downloading taxi front view from naver: 19 / 60
Downloading taxi front view from naver: 20 / 60
Downloading taxi front view from naver: 21 / 60
Downloading taxi front view from naver: 22 / 60
Downloading taxi front view from naver: 23 / 60
Downloading taxi front view from naver: 24 / 60
Downloading taxi front view from naver: 25 / 60
Downloading taxi front view from naver: 26 / 60
Downloading taxi front view from naver: 27 / 60
Downloading taxi front view from naver: 28 / 60
Downloading taxi front view from naver: 29 / 60
Downloading taxi front view from naver: 30 / 60
Downloading taxi front view from naver: 31 / 60
Downloading taxi front view from naver: 32 / 60
Downloading taxi front view from naver: 33 / 60
Downloading taxi front view from naver: 34 / 60
Downloading taxi front view from naver: 35 / 60
Downloading taxi front view from naver: 36 / 60
Downloading taxi front view from naver: 37 / 60
Downloading taxi front view from naver: 38 / 60
Downloading taxi front view from naver: 39 / 60
Downloading taxi front view from naver: 40 / 60
Downloading taxi front view from naver: 41 / 60
Downloading taxi front view from naver: 42 / 60
Downloading taxi front view from naver: 43 / 60
Downloading taxi front view from naver: 44 / 60
Downloading taxi front view from naver: 45 / 60
Downloading taxi front view from naver: 46 / 60
Downloading taxi front view from naver: 47 / 60
Downloading taxi front view from naver: 48 / 60
Downloading taxi front view from naver: 49 / 60
Downloading taxi front view from naver: 50 / 60
Downloading taxi front view from naver: 51 / 60
Downloading taxi front view from naver: 52 / 60
Downloading taxi front view from naver: 53 / 60
Downloading taxi front view from naver: 54 / 60
Downloading taxi front view from naver: 55 / 60
Downloading taxi front view from naver: 56 / 60
Downloading taxi front view from naver: 57 / 60
Downloading taxi front view from naver: 58 / 60
Downloading taxi front view from naver: 59 / 60
Downloading taxi front view from naver: 60 / 60
Done naver : taxi front view
_________________________________
Current web-browser version:	148.0.7778.168
Current chrome-driver version:	148.0.7778.167
_________________________________
Collecting links... taxi stand from naver
Scrolling down
Scraping links
Collect links done. Site: naver, Keyword: taxi stand, Total: 493
Downloading images from collected links... taxi stand from naver
Downloading taxi stand from naver: 1 / 60
Downloading taxi stand from naver: 2 / 60
Downloading taxi stand from naver: 3 / 60
Downloading taxi stand from naver: 4 / 60
Downloading taxi stand from naver: 5 / 60
Downloading taxi stand from naver: 6 / 60
Downloading taxi stand from naver: 7 / 60
Downloading taxi stand from naver: 8 / 60
Downloading taxi stand from naver: 9 / 60
Downloading taxi stand from naver: 10 / 60
Downloading taxi stand from naver: 11 / 60
Downloading taxi stand from naver: 12 / 60
Downloading taxi stand from naver: 13 / 60
Downloading taxi stand from naver: 14 / 60
Downloading taxi stand from naver: 15 / 60
Downloading taxi stand from naver: 16 / 60
Downloading taxi stand from naver: 17 / 60
Downloading taxi stand from naver: 18 / 60
Downloading taxi stand from naver: 19 / 60
Downloading taxi stand from naver: 20 / 60
Downloading taxi stand from naver: 21 / 60
Downloading taxi stand from naver: 22 / 60
Downloading taxi stand from naver: 23 / 60
Downloading taxi stand from naver: 24 / 60
Downloading taxi stand from naver: 25 / 60
Downloading taxi stand from naver: 26 / 60
Downloading taxi stand from naver: 27 / 60
Downloading taxi stand from naver: 28 / 60
Downloading taxi stand from naver: 29 / 60
Downloading taxi stand from naver: 30 / 60
Downloading taxi stand from naver: 31 / 60
Options - skip:False, threads:4, google:False, naver:True, full_resolution:False, face:False, no_gui:False, limit:60, _proxy_list:['']
12 keywords found: ['airport cab', 'black cab taxi', 'city cab taxi', 'taxi car with sign', 'taxi front view', 'taxi in traffic', 'taxi passenger car', 'taxi roof sign', 'taxi stand', 'taxi street photo', 'taxi vehicle', 'yellow cab']
Task ended. Pool join.
Data imbalance checking...
dir: download/airport cab, file_count: 61
dir: download/black cab taxi, file_count: 61
dir: download/city cab taxi, file_count: 61
dir: download/taxi car with sign, file_count: 61
dir: download/taxi front view, file_count: 61
dir: download/taxi in traffic, file_count: 61
dir: download/taxi passenger car, file_count: 61
dir: download/taxi roof sign, file_count: 61
dir: download/taxi stand, file_count: 61
dir: download/taxi street photo, file_count: 61
dir: download/taxi vehicle, file_count: 61
dir: download/yellow cab, file_count: 61
Data imbalance not detected.
End Program
Project root: D:\Workspace\Nam4\KHDL\vehicle-classification\traffic_vehicle_classification
Selected sources: naver
Target raw images per label: 2850
[START] taxi: current=2700, target=2850
[AutoCrawler] taxi: crawling from naver
[DONE] taxi: raw_count=2850

[Crawl] label=taxi, source=duckduckgo, current_raw=2850, next_raw_goal=3000

$ C:\Users\Admin\AppData\Local\Programs\Python\Python310\python.exe scripts/crawl_images.py --labels taxi --sources duckduckgo --limit-per-label 3000
Project root: D:\Workspace\Nam4\KHDL\vehicle-classification\traffic_vehicle_classification
Selected sources: duckduckgo
Target raw images per label: 3000
[START] taxi: current=2850, target=3000
[DuckDuckGo] taxi: keyword='taxi cab', remaining=150
[WARN] Failed to download DDG image for taxi: 403 Client Error: Forbidden for url: https://classicnewyorkhistory.com/wp-content/uploads/2020/01/IMG_9353.jpg
[WARN] Failed to download DDG image for taxi: 403 Client Error: Forbidden for url: https://www.publicdomainpictures.net/pictures/190000/velka/nyc-yellow-taxi-1468140214ULE.jpg
[DuckDuckGo] taxi: keyword='taxi parked', remaining=117
[WARN] Failed to download DDG image for taxi: HTTPSConnectionPool(host='thumbs.dreamstime.com', port=443): Max retries exceeded with url: /b/yellow-taxi-cab-parked-road-291011141.jpg (Caused by ConnectTimeoutError(<HTTPSConnection(host='thumbs.dreamstime.com', port=443) at 0x206420ef7c0>, 'Connection to thumbs.dreamstime.com timed out. (connect timeout=15)'))
[DuckDuckGo] taxi: keyword='taxi pickup', remaining=38
[WARN] Failed to download DDG image for taxi: HTTPSConnectionPool(host='ridexpress.in', port=443): Read timed out. (read timeout=15)
[WARN] Failed to download DDG image for taxi: 412 Client Error: Precondition failed for url: https://images.sftcdn.net/images/t_app-cover-l,f_auto/p/ae32f489-4ecb-4ae9-8dda-2f4f3a751f55/2202022845/taxi-pickup-game-screenshot.png
[WARN] Failed to download DDG image for taxi: cannot identify image file <_io.BytesIO object at 0x0000020642112BB0>
[WARN] Failed to download DDG image for taxi: cannot identify image file <_io.BytesIO object at 0x0000020642113E20>
[WARN] Failed to download DDG image for taxi: cannot identify image file <_io.BytesIO object at 0x0000020642152480>
[WARN] Failed to download DDG image for taxi: HTTPSConnectionPool(host='ridexpress.in', port=443): Read timed out. (read timeout=15)
[WARN] Failed to download DDG image for taxi: 403 Client Error: Forbidden for url: https://www.yourprivatedriver.be/wp-content/uploads/2020/01/Taxi-Services-Offer-Airport-Pickup.png
[DuckDuckGo] taxi: keyword='yellow taxi', remaining=10
[DONE] taxi: raw_count=3000

[Crawl] label=train, source=naver, current_raw=2700, next_raw_goal=2850

$ C:\Users\Admin\AppData\Local\Programs\Python\Python310\python.exe scripts/crawl_images.py --labels train --sources naver --limit-per-label 2850
_________________________________
Current web-browser version:	148.0.7778.168
Current chrome-driver version:	148.0.7778.167
_________________________________
Collecting links... high speed train from naver
Scrolling down
Scraping links
Collect links done. Site: naver, Keyword: high speed train, Total: 491
Downloading images from collected links... high speed train from naver
Downloading high speed train from naver: 1 / 60
Downloading high speed train from naver: 2 / 60
Downloading high speed train from naver: 3 / 60
Downloading high speed train from naver: 4 / 60
Downloading high speed train from naver: 5 / 60
Downloading high speed train from naver: 6 / 60
Downloading high speed train from naver: 7 / 60
Downloading high speed train from naver: 8 / 60
Downloading high speed train from naver: 9 / 60
Downloading high speed train from naver: 10 / 60
Downloading high speed train from naver: 11 / 60
Downloading high speed train from naver: 12 / 60
Downloading high speed train from naver: 13 / 60
Downloading high speed train from naver: 14 / 60
Downloading high speed train from naver: 15 / 60
Downloading high speed train from naver: 16 / 60
Downloading high speed train from naver: 17 / 60
Downloading high speed train from naver: 18 / 60
Downloading high speed train from naver: 19 / 60
Downloading high speed train from naver: 20 / 60
Downloading high speed train from naver: 21 / 60
Downloading high speed train from naver: 22 / 60
Downloading high speed train from naver: 23 / 60
Downloading high speed train from naver: 24 / 60
Downloading high speed train from naver: 25 / 60
Downloading high speed train from naver: 26 / 60
Downloading high speed train from naver: 27 / 60
Downloading high speed train from naver: 28 / 60
Downloading high speed train from naver: 29 / 60
Downloading high speed train from naver: 30 / 60
Downloading high speed train from naver: 31 / 60
Downloading high speed train from naver: 32 / 60
Downloading high speed train from naver: 33 / 60
Downloading high speed train from naver: 34 / 60
Downloading high speed train from naver: 35 / 60
Downloading high speed train from naver: 36 / 60
Downloading high speed train from naver: 37 / 60
Downloading high speed train from naver: 38 / 60
Downloading high speed train from naver: 39 / 60
Downloading high speed train from naver: 40 / 60
Downloading high speed train from naver: 41 / 60
Downloading high speed train from naver: 42 / 60
Downloading high speed train from naver: 43 / 60
Downloading high speed train from naver: 44 / 60
Downloading high speed train from naver: 45 / 60
Downloading high speed train from naver: 46 / 60
Downloading high speed train from naver: 47 / 60
Downloading high speed train from naver: 48 / 60
Downloading high speed train from naver: 49 / 60
Downloading high speed train from naver: 50 / 60
Downloading high speed train from naver: 51 / 60
Downloading high speed train from naver: 52 / 60
Downloading high speed train from naver: 53 / 60
Downloading high speed train from naver: 54 / 60
Downloading high speed train from naver: 55 / 60
Downloading high speed train from naver: 56 / 60
Downloading high speed train from naver: 57 / 60
Downloading high speed train from naver: 58 / 60
Downloading high speed train from naver: 59 / 60
Downloading high speed train from naver: 60 / 60
Done naver : high speed train
_________________________________
Current web-browser version:	148.0.7778.168
Current chrome-driver version:	148.0.7778.167
_________________________________
Collecting links... railway train from naver
Scrolling down
Scraping links
Collect links done. Site: naver, Keyword: railway train, Total: 490
Downloading images from collected links... railway train from naver
Downloading railway train from naver: 1 / 60
Downloading railway train from naver: 2 / 60
Downloading railway train from naver: 3 / 60
Downloading railway train from naver: 4 / 60
Downloading railway train from naver: 5 / 60
Downloading railway train from naver: 6 / 60
Downloading railway train from naver: 7 / 60
Downloading railway train from naver: 8 / 60
Downloading railway train from naver: 9 / 60
Downloading railway train from naver: 10 / 60
Downloading railway train from naver: 11 / 60
Downloading railway train from naver: 12 / 60
Downloading railway train from naver: 13 / 60
Downloading railway train from naver: 14 / 60
Downloading railway train from naver: 15 / 60
Downloading railway train from naver: 16 / 60
Downloading railway train from naver: 17 / 60
Downloading railway train from naver: 18 / 60
Downloading railway train from naver: 19 / 60
Downloading railway train from naver: 20 / 60
Downloading railway train from naver: 21 / 60
Downloading railway train from naver: 22 / 60
Downloading railway train from naver: 23 / 60
Downloading railway train from naver: 24 / 60
Downloading railway train from naver: 25 / 60
Downloading railway train from naver: 26 / 60
Downloading railway train from naver: 27 / 60
Downloading railway train from naver: 28 / 60
Downloading railway train from naver: 29 / 60
Downloading railway train from naver: 30 / 60
Downloading railway train from naver: 31 / 60
Downloading railway train from naver: 32 / 60
Downloading railway train from naver: 33 / 60
Downloading railway train from naver: 34 / 60
Downloading railway train from naver: 35 / 60
Downloading railway train from naver: 36 / 60
Downloading railway train from naver: 37 / 60
Downloading railway train from naver: 38 / 60
Downloading railway train from naver: 39 / 60
Downloading railway train from naver: 40 / 60
Downloading railway train from naver: 41 / 60
Downloading railway train from naver: 42 / 60
Downloading railway train from naver: 43 / 60
Downloading railway train from naver: 44 / 60
Downloading railway train from naver: 45 / 60
Downloading railway train from naver: 46 / 60
Downloading railway train from naver: 47 / 60
Downloading railway train from naver: 48 / 60
Downloading railway train from naver: 49 / 60
Downloading railway train from naver: 50 / 60
Downloading railway train from naver: 51 / 60
Downloading railway train from naver: 52 / 60
Downloading railway train from naver: 53 / 60
Downloading railway train from naver: 54 / 60
Downloading railway train from naver: 55 / 60
Downloading railway train from naver: 56 / 60
Downloading railway train from naver: 57 / 60
Downloading railway train from naver: 58 / 60
Downloading railway train from naver: 59 / 60
Downloading railway train from naver: 60 / 60
Done naver : railway train
_________________________________
Current web-browser version:	148.0.7778.168
Current chrome-driver version:	148.0.7778.167
_________________________________
Collecting links... train photo from naver
Scrolling down
Scraping links
Collect links done. Site: naver, Keyword: train photo, Total: 490
Downloading images from collected links... train photo from naver
Downloading train photo from naver: 1 / 60
Downloading train photo from naver: 2 / 60
Downloading train photo from naver: 3 / 60
Downloading train photo from naver: 4 / 60
Downloading train photo from naver: 5 / 60
Downloading train photo from naver: 6 / 60
Downloading train photo from naver: 7 / 60
Downloading train photo from naver: 8 / 60
Downloading train photo from naver: 9 / 60
Downloading train photo from naver: 10 / 60
Downloading train photo from naver: 11 / 60
Downloading train photo from naver: 12 / 60
Downloading train photo from naver: 13 / 60
Downloading train photo from naver: 14 / 60
Downloading train photo from naver: 15 / 60
Downloading train photo from naver: 16 / 60
Downloading train photo from naver: 17 / 60
Downloading train photo from naver: 18 / 60
Downloading train photo from naver: 19 / 60
Downloading train photo from naver: 20 / 60
Downloading train photo from naver: 21 / 60
Downloading train photo from naver: 22 / 60
Downloading train photo from naver: 23 / 60
Downloading train photo from naver: 24 / 60
Downloading train photo from naver: 25 / 60
Downloading train photo from naver: 26 / 60
Downloading train photo from naver: 27 / 60
Downloading train photo from naver: 28 / 60
Downloading train photo from naver: 29 / 60
Downloading train photo from naver: 30 / 60
Downloading train photo from naver: 31 / 60
Downloading train photo from naver: 32 / 60
Downloading train photo from naver: 33 / 60
Downloading train photo from naver: 34 / 60
Downloading train photo from naver: 35 / 60
Downloading train photo from naver: 36 / 60
Downloading train photo from naver: 37 / 60
Downloading train photo from naver: 38 / 60
Downloading train photo from naver: 39 / 60
Downloading train photo from naver: 40 / 60
Downloading train photo from naver: 41 / 60
Downloading train photo from naver: 42 / 60
Downloading train photo from naver: 43 / 60
Downloading train photo from naver: 44 / 60
Downloading train photo from naver: 45 / 60
Downloading train photo from naver: 46 / 60
Downloading train photo from naver: 47 / 60
Downloading train photo from naver: 48 / 60
Downloading train photo from naver: 49 / 60
Downloading train photo from naver: 50 / 60
Downloading train photo from naver: 51 / 60
Downloading train photo from naver: 52 / 60
Downloading train photo from naver: 53 / 60
Downloading train photo from naver: 54 / 60
Downloading train photo from naver: 55 / 60
Downloading train photo from naver: 56 / 60
Downloading train photo from naver: 57 / 60
Downloading train photo from naver: 58 / 60
Downloading train photo from naver: 59 / 60
Downloading train photo from naver: 60 / 60
Done naver : train photo
_________________________________
Current web-browser version:	148.0.7778.168
Current chrome-driver version:	148.0.7778.167
_________________________________
Collecting links... freight train from naver
Scrolling down
Scraping links
Collect links done. Site: naver, Keyword: freight train, Total: 494
Downloading images from collected links... freight train from naver
Downloading freight train from naver: 1 / 60
Downloading freight train from naver: 2 / 60
Downloading freight train from naver: 3 / 60
Downloading freight train from naver: 4 / 60
Downloading freight train from naver: 5 / 60
Downloading freight train from naver: 6 / 60
Downloading freight train from naver: 7 / 60
Downloading freight train from naver: 8 / 60
Downloading freight train from naver: 9 / 60
Downloading freight train from naver: 10 / 60
Renamed extension jpg -> png
Downloading freight train from naver: 11 / 60
Downloading freight train from naver: 12 / 60
Downloading freight train from naver: 13 / 60
Downloading freight train from naver: 14 / 60
Downloading freight train from naver: 15 / 60
Downloading freight train from naver: 16 / 60
Downloading freight train from naver: 17 / 60
Downloading freight train from naver: 18 / 60
Downloading freight train from naver: 19 / 60
Downloading freight train from naver: 20 / 60
Downloading freight train from naver: 21 / 60
Downloading freight train from naver: 22 / 60
Downloading freight train from naver: 23 / 60
Downloading freight train from naver: 24 / 60
Downloading freight train from naver: 25 / 60
Downloading freight train from naver: 26 / 60
Downloading freight train from naver: 27 / 60
Downloading freight train from naver: 28 / 60
Downloading freight train from naver: 29 / 60
Downloading freight train from naver: 30 / 60
Renamed extension jpg -> png
Downloading freight train from naver: 31 / 60
Downloading freight train from naver: 32 / 60
Downloading freight train from naver: 33 / 60
Downloading freight train from naver: 34 / 60
Renamed extension jpg -> png
Downloading freight train from naver: 35 / 60
Downloading freight train from naver: 36 / 60
Downloading freight train from naver: 37 / 60
Downloading freight train from naver: 38 / 60
Downloading freight train from naver: 39 / 60
Downloading freight train from naver: 40 / 60
Downloading freight train from naver: 41 / 60
Downloading freight train from naver: 42 / 60
Downloading freight train from naver: 43 / 60
Downloading freight train from naver: 44 / 60
Downloading freight train from naver: 45 / 60
Downloading freight train from naver: 46 / 60
Downloading freight train from naver: 47 / 60
Downloading freight train from naver: 48 / 60
Downloading freight train from naver: 49 / 60
Downloading freight train from naver: 50 / 60
Downloading freight train from naver: 51 / 60
Downloading freight train from naver: 52 / 60
Downloading freight train from naver: 53 / 60
Downloading freight train from naver: 54 / 60
Downloading freight train from naver: 55 / 60
Downloading freight train from naver: 56 / 60
Downloading freight train from naver: 57 / 60
Downloading freight train from naver: 58 / 60
Renamed extension jpg -> png
Downloading freight train from naver: 59 / 60
Downloading freight train from naver: 60 / 60
Done naver : freight train
_________________________________
Current web-browser version:	148.0.7778.168
Current chrome-driver version:	148.0.7778.167
_________________________________
Collecting links... train on railway from naver
Scrolling down
Scraping links
Collect links done. Site: naver, Keyword: train on railway, Total: 492
Downloading images from collected links... train on railway from naver
Downloading train on railway from naver: 1 / 60
Downloading train on railway from naver: 2 / 60
Downloading train on railway from naver: 3 / 60
Downloading train on railway from naver: 4 / 60
Downloading train on railway from naver: 5 / 60
Downloading train on railway from naver: 6 / 60
Downloading train on railway from naver: 7 / 60
Downloading train on railway from naver: 8 / 60
Downloading train on railway from naver: 9 / 60
Downloading train on railway from naver: 10 / 60
Downloading train on railway from naver: 11 / 60
Downloading train on railway from naver: 12 / 60
Downloading train on railway from naver: 13 / 60
Downloading train on railway from naver: 14 / 60
Downloading train on railway from naver: 15 / 60
Downloading train on railway from naver: 16 / 60
Downloading train on railway from naver: 17 / 60
Downloading train on railway from naver: 18 / 60
Downloading train on railway from naver: 19 / 60
Downloading train on railway from naver: 20 / 60
Downloading train on railway from naver: 21 / 60
Downloading train on railway from naver: 22 / 60
Downloading train on railway from naver: 23 / 60
Downloading train on railway from naver: 24 / 60
Downloading train on railway from naver: 25 / 60
Downloading train on railway from naver: 26 / 60
Downloading train on railway from naver: 27 / 60
Downloading train on railway from naver: 28 / 60
Downloading train on railway from naver: 29 / 60
Downloading train on railway from naver: 30 / 60
Downloading train on railway from naver: 31 / 60
Downloading train on railway from naver: 32 / 60
Downloading train on railway from naver: 33 / 60
Downloading train on railway from naver: 34 / 60
Downloading train on railway from naver: 35 / 60
Downloading train on railway from naver: 36 / 60
Downloading train on railway from naver: 37 / 60
Downloading train on railway from naver: 38 / 60
Downloading train on railway from naver: 39 / 60
Downloading train on railway from naver: 40 / 60
Downloading train on railway from naver: 41 / 60
Downloading train on railway from naver: 42 / 60
Downloading train on railway from naver: 43 / 60
Downloading train on railway from naver: 44 / 60
Downloading train on railway from naver: 45 / 60
Downloading train on railway from naver: 46 / 60
Downloading train on railway from naver: 47 / 60
Downloading train on railway from naver: 48 / 60
Downloading train on railway from naver: 49 / 60
Downloading train on railway from naver: 50 / 60
Downloading train on railway from naver: 51 / 60
Downloading train on railway from naver: 52 / 60
Downloading train on railway from naver: 53 / 60
Downloading train on railway from naver: 54 / 60
Downloading train on railway from naver: 55 / 60
Downloading train on railway from naver: 56 / 60
Downloading train on railway from naver: 57 / 60
Downloading train on railway from naver: 58 / 60
Downloading train on railway from naver: 59 / 60
Downloading train on railway from naver: 60 / 60
Done naver : train on railway
_________________________________
Current web-browser version:	148.0.7778.168
Current chrome-driver version:	148.0.7778.167
_________________________________
Collecting links... train side view from naver
Scrolling down
Scraping links
Collect links done. Site: naver, Keyword: train side view, Total: 488
Downloading images from collected links... train side view from naver
Downloading train side view from naver: 1 / 60
Downloading train side view from naver: 2 / 60
Downloading train side view from naver: 3 / 60
Downloading train side view from naver: 4 / 60
Downloading train side view from naver: 5 / 60
Downloading train side view from naver: 6 / 60
Downloading train side view from naver: 7 / 60
Downloading train side view from naver: 8 / 60
Downloading train side view from naver: 9 / 60
Downloading train side view from naver: 10 / 60
Downloading train side view from naver: 11 / 60
Downloading train side view from naver: 12 / 60
Downloading train side view from naver: 13 / 60
Downloading train side view from naver: 14 / 60
Downloading train side view from naver: 15 / 60
Downloading train side view from naver: 16 / 60
Downloading train side view from naver: 17 / 60
Downloading train side view from naver: 18 / 60
Downloading train side view from naver: 19 / 60
Downloading train side view from naver: 20 / 60
Downloading train side view from naver: 21 / 60
Options - skip:False, threads:4, google:False, naver:True, full_resolution:False, face:False, no_gui:False, limit:60, _proxy_list:['']
12 keywords found: ['commuter train', 'freight train', 'high speed train', 'locomotive train', 'passenger train', 'railway train', 'train front view', 'train on railway', 'train photo', 'train side view', 'train station', 'train tracks']
Task ended. Pool join.
Data imbalance checking...
dir: download/commuter train, file_count: 61
dir: download/freight train, file_count: 61
dir: download/high speed train, file_count: 61
dir: download/locomotive train, file_count: 61
dir: download/passenger train, file_count: 61
dir: download/railway train, file_count: 61
dir: download/train front view, file_count: 61
dir: download/train on railway, file_count: 61
dir: download/train photo, file_count: 61
dir: download/train side view, file_count: 61
dir: download/train station, file_count: 61
dir: download/train tracks, file_count: 61
Data imbalance not detected.
End Program
Project root: D:\Workspace\Nam4\KHDL\vehicle-classification\traffic_vehicle_classification
Selected sources: naver
Target raw images per label: 2850
[START] train: current=2700, target=2850
[AutoCrawler] train: crawling from naver
[DONE] train: raw_count=2850

[Crawl] label=train, source=duckduckgo, current_raw=2850, next_raw_goal=3000

$ C:\Users\Admin\AppData\Local\Programs\Python\Python310\python.exe scripts/crawl_images.py --labels train --sources duckduckgo --limit-per-label 3000
Project root: D:\Workspace\Nam4\KHDL\vehicle-classification\traffic_vehicle_classification
Selected sources: duckduckgo
Target raw images per label: 3000
[START] train: current=2850, target=3000
[DuckDuckGo] train: keyword='train vehicle photo', remaining=150
[WARN] Failed to download DDG image for train: 403 Client Error: Forbidden for url: https://cdn.pixabay.com/photo/2022/08/28/04/00/train-7415678_1280.jpg
[WARN] Failed to download DDG image for train: 403 Client Error: Forbidden for url: https://images.rawpixel.com/image_social_landscape/cHJpdmF0ZS9sci9pbWFnZXMvd2Vic2l0ZS8yMDIzLTEwL3Jhd3BpeGVsX29mZmljZV8yNl9yZWFsX3Bob3RvX29mX21vZGVybl90cmFpbl9pc29sYXRlZF9vbl93aGl0ZV9iZTljYmY0ZS0wMWU5LTQwMTUtODAyOS1hOTEyOTYzYTg5Y2QuanBn.jpg
[WARN] Failed to download DDG image for train: 403 Client Error: Forbidden for url: https://www.publicdomainpictures.net/pictures/180000/velka/train-cars-1466218565YF0.jpg
[WARN] Failed to download DDG image for train: 403 Client Error: Forbidden for url: https://images.rawpixel.com/image_800/cHJpdmF0ZS9sci9pbWFnZXMvd2Vic2l0ZS8yMDIzLTA5L3Jhd3BpeGVsX29mZmljZV8yNl93aGl0ZV9tb2Rlcm5fdHJhaW5pc29sYXRlZF9vbl93aGl0ZV9iYWNrZ3JvdV9mZTJmNTljOC03MjM3LTQ4YjUtOWZiNy1kZmY0MGVlNWEwNWFfMS5qcGc.jpg
[WARN] Failed to download DDG image for train: 403 Client Error: Forbidden for url: https://images.rawpixel.com/image_social_landscape/cHJpdmF0ZS9sci9pbWFnZXMvd2Vic2l0ZS8yMDIzLTA4L3Jhd3BpeGVsb2ZmaWNlN19waG90b2dyYXBoeV9vZl9oaWdoc3BlZWRfdHJhaW5faXNvbGF0ZWRfb25fd2hpdF83ZDY0ZDkzMS02ZDFlLTQzZmUtOGZjZS0wYTgzM2UwODRlNTVfMi5qcGc.jpg
[DuckDuckGo] train: keyword='intercity train', remaining=120
[WARN] Failed to download DDG image for train: 404 Client Error: Not Found for url: https://back.rail.ninja/sites/default/files/2023-02/depositphotos_425941880_l.jpg
[DuckDuckGo] train: keyword='metro train', remaining=86
[WARN] Failed to download DDG image for train: 429 Client Error: Too Many Requests (b4a3396) for url: https://upload.wikimedia.org/wikipedia/commons/a/a7/Siemens_train_in_Metro_Trains_Melbourne_Livery.jpg
[WARN] Failed to download DDG image for train: HTTPSConnectionPool(host='thumbs.dreamstime.com', port=443): Read timed out.
[WARN] Failed to download DDG image for train: 400 Client Error: Use thumbnail sizes listed on https://w.wiki/GHai for url: https://upload.wikimedia.org/wikipedia/commons/thumb/c/ca/SHM_15A01_in_Gucun_Park_Station.jpg/476px-SHM_15A01_in_Gucun_Park_Station.jpg
[WARN] Failed to download DDG image for train: 404 Client Error: Not Found for url: https://d1c4d7gnm6as1q.cloudfront.net/Pictures/1024x536/6/7/1/73671_tianjinmetroline4imagegovoftianjin_775673.jpg
[WARN] Failed to download DDG image for train: 403 Client Error: Forbidden for url: https://www.railadvent.co.uk/wp-content/uploads/2025/01/NewTrain1.jpg
[WARN] Failed to download DDG image for train: 404 Client Error: Not Found for url: https://d1c4d7gnm6as1q.cloudfront.net/Pictures/1024x536/8/8/6/71886_medellinmetrotrainphotocaf._330828.jpg
[DuckDuckGo] train: keyword='real train', remaining=57
[WARN] Failed to download DDG image for train: 403 Client Error: Forbidden for url: https://todayinrailroadhistory.com/wp-content/uploads/2024/07/Famous-Real-World-Trains.jpg
[WARN] Failed to download DDG image for train: 412 Client Error: Precondition failed for url: https://images.sftcdn.net/images/t_app-cover-l,f_auto/p/519c39e7-ee36-48e3-8a89-9fb5044ed043/3274958804/indian-real-train-simulator-screenshot.png
[WARN] Failed to download DDG image for train: HTTPSConnectionPool(host='www.alojapan.com', port=443): Max retries exceeded with url: /wp-content/uploads/2023/08/Riding-Real-Thomas-the-Tank-Engine-Train-in-Japan.jpg (Caused by NewConnectionError("HTTPSConnection(host='www.alojapan.com', port=443): Failed to establish a new connection: [WinError 10061] No connection could be made because the target machine actively refused it"))
[WARN] Failed to download DDG image for train: 403 Client Error: Forbidden for url: https://www.storyjumper.com/coverimg/104434066/A-Book-About-REAL-trains?nv=3&width=170
[WARN] Failed to download DDG image for train: 500 Server Error: Internal Server Error for url: https://nits-train.com/wp-content/uploads/2022/10/2020-03-18_14.15.15.jpg
[WARN] Failed to download DDG image for train: 401 Client Error: Unauthorized for url: https://www.sevenwonders.org.uk/wp-content/uploads/2024/10/The-Real-Ale-Train-lr-scaled.jpg
[WARN] Failed to download DDG image for train: cannot identify image file <_io.BytesIO object at 0x00000132F284EB60>
[WARN] Failed to download DDG image for train: 403 Client Error: Forbidden for url: https://wanderlusttrains.com/wp-content/uploads/2025/12/me.jpg
[WARN] Failed to download DDG image for train: cannot identify image file <_io.BytesIO object at 0x00000132F284E070>
[WARN] Failed to download DDG image for train: cannot identify image file <_io.BytesIO object at 0x00000132F284E700>
[DuckDuckGo] train: keyword='regional train', remaining=18
[DuckDuckGo] train: keyword='diesel train', remaining=17
[WARN] Failed to download DDG image for train: HTTPSConnectionPool(host='thumbs.dreamstime.com', port=443): Read timed out. (read timeout=15)
[DONE] train: raw_count=3000

[Crawl] label=truck, source=naver, current_raw=2700, next_raw_goal=2850

$ C:\Users\Admin\AppData\Local\Programs\Python\Python310\python.exe scripts/crawl_images.py --labels truck --sources naver --limit-per-label 2850
_________________________________
Current web-browser version:	148.0.7778.168
Current chrome-driver version:	148.0.7778.167
_________________________________
Collecting links... freight truck from naver
Scrolling down
Scraping links
Collect links done. Site: naver, Keyword: freight truck, Total: 490
Downloading images from collected links... freight truck from naver
Downloading freight truck from naver: 1 / 60
Downloading freight truck from naver: 2 / 60
Downloading freight truck from naver: 3 / 60
Downloading freight truck from naver: 4 / 60
Downloading freight truck from naver: 5 / 60
Downloading freight truck from naver: 6 / 60
Downloading freight truck from naver: 7 / 60
Downloading freight truck from naver: 8 / 60
Downloading freight truck from naver: 9 / 60
Downloading freight truck from naver: 10 / 60
Downloading freight truck from naver: 11 / 60
Downloading freight truck from naver: 12 / 60
Downloading freight truck from naver: 13 / 60
Downloading freight truck from naver: 14 / 60
Downloading freight truck from naver: 15 / 60
Downloading freight truck from naver: 16 / 60
Downloading freight truck from naver: 17 / 60
Downloading freight truck from naver: 18 / 60
Downloading freight truck from naver: 19 / 60
Downloading freight truck from naver: 20 / 60
Downloading freight truck from naver: 21 / 60
Downloading freight truck from naver: 22 / 60
Downloading freight truck from naver: 23 / 60
Downloading freight truck from naver: 24 / 60
Downloading freight truck from naver: 25 / 60
Downloading freight truck from naver: 26 / 60
Downloading freight truck from naver: 27 / 60
Downloading freight truck from naver: 28 / 60
Downloading freight truck from naver: 29 / 60
Downloading freight truck from naver: 30 / 60
Downloading freight truck from naver: 31 / 60
Downloading freight truck from naver: 32 / 60
Downloading freight truck from naver: 33 / 60
Downloading freight truck from naver: 34 / 60
Downloading freight truck from naver: 35 / 60
Downloading freight truck from naver: 36 / 60
Downloading freight truck from naver: 37 / 60
Downloading freight truck from naver: 38 / 60
Downloading freight truck from naver: 39 / 60
Downloading freight truck from naver: 40 / 60
Downloading freight truck from naver: 41 / 60
Downloading freight truck from naver: 42 / 60
Downloading freight truck from naver: 43 / 60
Downloading freight truck from naver: 44 / 60
Downloading freight truck from naver: 45 / 60
Downloading freight truck from naver: 46 / 60
Downloading freight truck from naver: 47 / 60
Downloading freight truck from naver: 48 / 60
Downloading freight truck from naver: 49 / 60
Downloading freight truck from naver: 50 / 60
Downloading freight truck from naver: 51 / 60
Downloading freight truck from naver: 52 / 60
Downloading freight truck from naver: 53 / 60
Downloading freight truck from naver: 54 / 60
Downloading freight truck from naver: 55 / 60
Downloading freight truck from naver: 56 / 60
Downloading freight truck from naver: 57 / 60
Downloading freight truck from naver: 58 / 60
Downloading freight truck from naver: 59 / 60
Downloading freight truck from naver: 60 / 60
Done naver : freight truck
_________________________________
Current web-browser version:	148.0.7778.168
Current chrome-driver version:	148.0.7778.167
_________________________________
Collecting links... pickup truck from naver
Scrolling down
Scraping links
Collect links done. Site: naver, Keyword: pickup truck, Total: 491
Downloading images from collected links... pickup truck from naver
Downloading pickup truck from naver: 1 / 60
Downloading pickup truck from naver: 2 / 60
Downloading pickup truck from naver: 3 / 60
Downloading pickup truck from naver: 4 / 60
Downloading pickup truck from naver: 5 / 60
Downloading pickup truck from naver: 6 / 60
Downloading pickup truck from naver: 7 / 60
Downloading pickup truck from naver: 8 / 60
Downloading pickup truck from naver: 9 / 60
Downloading pickup truck from naver: 10 / 60
Downloading pickup truck from naver: 11 / 60
Downloading pickup truck from naver: 12 / 60
Downloading pickup truck from naver: 13 / 60
Downloading pickup truck from naver: 14 / 60
Downloading pickup truck from naver: 15 / 60
Downloading pickup truck from naver: 16 / 60
Downloading pickup truck from naver: 17 / 60
Downloading pickup truck from naver: 18 / 60
Downloading pickup truck from naver: 19 / 60
Downloading pickup truck from naver: 20 / 60
Downloading pickup truck from naver: 21 / 60
Downloading pickup truck from naver: 22 / 60
Downloading pickup truck from naver: 23 / 60
Downloading pickup truck from naver: 24 / 60
Downloading pickup truck from naver: 25 / 60
Downloading pickup truck from naver: 26 / 60
Downloading pickup truck from naver: 27 / 60
Downloading pickup truck from naver: 28 / 60
Downloading pickup truck from naver: 29 / 60
Downloading pickup truck from naver: 30 / 60
Downloading pickup truck from naver: 31 / 60
Downloading pickup truck from naver: 32 / 60
Downloading pickup truck from naver: 33 / 60
Downloading pickup truck from naver: 34 / 60
Downloading pickup truck from naver: 35 / 60
Downloading pickup truck from naver: 36 / 60
Downloading pickup truck from naver: 37 / 60
Downloading pickup truck from naver: 38 / 60
Downloading pickup truck from naver: 39 / 60
Downloading pickup truck from naver: 40 / 60
Downloading pickup truck from naver: 41 / 60
Downloading pickup truck from naver: 42 / 60
Downloading pickup truck from naver: 43 / 60
Downloading pickup truck from naver: 44 / 60
Downloading pickup truck from naver: 45 / 60
Downloading pickup truck from naver: 46 / 60
Downloading pickup truck from naver: 47 / 60
Downloading pickup truck from naver: 48 / 60
Downloading pickup truck from naver: 49 / 60
Downloading pickup truck from naver: 50 / 60
Downloading pickup truck from naver: 51 / 60
Downloading pickup truck from naver: 52 / 60
Downloading pickup truck from naver: 53 / 60
Downloading pickup truck from naver: 54 / 60
Downloading pickup truck from naver: 55 / 60
Downloading pickup truck from naver: 56 / 60
Downloading pickup truck from naver: 57 / 60
Downloading pickup truck from naver: 58 / 60
Downloading pickup truck from naver: 59 / 60
Downloading pickup truck from naver: 60 / 60
Done naver : pickup truck
_________________________________
Current web-browser version:	148.0.7778.168
Current chrome-driver version:	148.0.7778.167
_________________________________
Collecting links... truck on road from naver
Scrolling down
Scraping links
Collect links done. Site: naver, Keyword: truck on road, Total: 494
Downloading images from collected links... truck on road from naver
Downloading truck on road from naver: 1 / 60
Downloading truck on road from naver: 2 / 60
Downloading truck on road from naver: 3 / 60
Downloading truck on road from naver: 4 / 60
Downloading truck on road from naver: 5 / 60
Downloading truck on road from naver: 6 / 60
Downloading truck on road from naver: 7 / 60
Downloading truck on road from naver: 8 / 60
Downloading truck on road from naver: 9 / 60
Downloading truck on road from naver: 10 / 60
Downloading truck on road from naver: 11 / 60
Downloading truck on road from naver: 12 / 60
Downloading truck on road from naver: 13 / 60
Downloading truck on road from naver: 14 / 60
Downloading truck on road from naver: 15 / 60
Downloading truck on road from naver: 16 / 60
Downloading truck on road from naver: 17 / 60
Downloading truck on road from naver: 18 / 60
Downloading truck on road from naver: 19 / 60
Downloading truck on road from naver: 20 / 60
Downloading truck on road from naver: 21 / 60
Downloading truck on road from naver: 22 / 60
Downloading truck on road from naver: 23 / 60
Downloading truck on road from naver: 24 / 60
Downloading truck on road from naver: 25 / 60
Downloading truck on road from naver: 26 / 60
Downloading truck on road from naver: 27 / 60
Downloading truck on road from naver: 28 / 60
Downloading truck on road from naver: 29 / 60
Downloading truck on road from naver: 30 / 60
Downloading truck on road from naver: 31 / 60
Downloading truck on road from naver: 32 / 60
Downloading truck on road from naver: 33 / 60
Downloading truck on road from naver: 34 / 60
Downloading truck on road from naver: 35 / 60
Downloading truck on road from naver: 36 / 60
Downloading truck on road from naver: 37 / 60
Downloading truck on road from naver: 38 / 60
Downloading truck on road from naver: 39 / 60
Downloading truck on road from naver: 40 / 60
Downloading truck on road from naver: 41 / 60
Downloading truck on road from naver: 42 / 60
Downloading truck on road from naver: 43 / 60
Downloading truck on road from naver: 44 / 60
Downloading truck on road from naver: 45 / 60
Downloading truck on road from naver: 46 / 60
Downloading truck on road from naver: 47 / 60
Downloading truck on road from naver: 48 / 60
Downloading truck on road from naver: 49 / 60
Downloading truck on road from naver: 50 / 60
Downloading truck on road from naver: 51 / 60
Downloading truck on road from naver: 52 / 60
Downloading truck on road from naver: 53 / 60
Downloading truck on road from naver: 54 / 60
Downloading truck on road from naver: 55 / 60
Downloading truck on road from naver: 56 / 60
Downloading truck on road from naver: 57 / 60
Downloading truck on road from naver: 58 / 60
Downloading truck on road from naver: 59 / 60
Downloading truck on road from naver: 60 / 60
Done naver : truck on road
Options - skip:False, threads:4, google:False, naver:True, full_resolution:False, face:False, no_gui:False, limit:60, _proxy_list:['']
12 keywords found: ['box truck', 'cargo truck', 'delivery truck', 'freight truck', 'pickup truck', 'semi truck', 'truck front view', 'truck highway', 'truck on road', 'truck photo', 'truck side view', 'truck street photo']
Task ended. Pool join.
Data imbalance checking...
dir: download/box truck, file_count: 61
dir: download/cargo truck, file_count: 61
dir: download/delivery truck, file_count: 61
dir: download/freight truck, file_count: 61
dir: download/pickup truck, file_count: 61
dir: download/semi truck, file_count: 61
dir: download/truck front view, file_count: 61
dir: download/truck highway, file_count: 61
dir: download/truck on road, file_count: 61
dir: download/truck photo, file_count: 61
dir: download/truck side view, file_count: 61
dir: download/truck street photo, file_count: 61
Data imbalance not detected.
End Program
Project root: D:\Workspace\Nam4\KHDL\vehicle-classification\traffic_vehicle_classification
Selected sources: naver
Target raw images per label: 2850
[START] truck: current=2700, target=2850
[AutoCrawler] truck: crawling from naver
[DONE] truck: raw_count=2850

[Crawl] label=truck, source=duckduckgo, current_raw=2850, next_raw_goal=3000

$ C:\Users\Admin\AppData\Local\Programs\Python\Python310\python.exe scripts/crawl_images.py --labels truck --sources duckduckgo --limit-per-label 3000
Project root: D:\Workspace\Nam4\KHDL\vehicle-classification\traffic_vehicle_classification
Selected sources: duckduckgo
Target raw images per label: 3000
[START] truck: current=2850, target=3000
[DuckDuckGo] truck: keyword='dump truck', remaining=150
[WARN] Failed to download DDG image for truck: 403 Client Error: Forbidden for url: https://cdn.pixabay.com/photo/2018/01/13/14/20/dump-truck-3080177_1280.jpg
[WARN] Failed to download DDG image for truck: 403 Client Error: Forbidden for url: https://protect.cermati.com/wp-content/uploads/2023/05/dump-truck-634x540.jpg
[DuckDuckGo] truck: keyword='container truck', remaining=117
[WARN] Failed to download DDG image for truck: 403 Client Error: Forbidden for url: https://containertraders.com.au/wp-content/uploads/2025/03/Flatbed.jpeg
[WARN] Failed to download DDG image for truck: HTTPSConnectionPool(host='store.shippingcontainers.com.au', port=443): Max retries exceeded with url: /wp-content/uploads/2022/08/flatbed-truck.jpg (Caused by ConnectTimeoutError(<HTTPSConnection(host='store.shippingcontainers.com.au', port=443) at 0x22f22c47850>, 'Connection to store.shippingcontainers.com.au timed out. (connect timeout=15)'))
[WARN] Failed to download DDG image for truck: 403 Client Error: Forbidden for url: http://seacontainerswa.com.au/wp-content/uploads/2019/05/Tilt-Tray-3.jpg
[WARN] Failed to download DDG image for truck: 403 Client Error: Forbidden for url: https://swmobilestorage.com/wp-content/uploads/2023/04/image002.jpg
[WARN] Failed to download DDG image for truck: 403 Client Error: Forbidden for url: https://protilttransport.com.au/wp-content/uploads/2025/02/Shipping-Containers-scaled.jpg
[DuckDuckGo] truck: keyword='truck in traffic', remaining=87
[WARN] Failed to download DDG image for truck: cannot identify image file <_io.BytesIO object at 0x0000022F22080450>
[WARN] Failed to download DDG image for truck: cannot identify image file <_io.BytesIO object at 0x0000022F22080C70>
[WARN] Failed to download DDG image for truck: 403 Client Error: Forbidden for url: https://images.stockcake.com/public/e/3/7/e37883d5-5b86-4922-8fcc-a2c28873b465_large/urban-traffic-scene-stockcake.jpg
[WARN] Failed to download DDG image for truck: 403 Client Error: Forbidden for url: https://cdn.pixabay.com/photo/2021/08/13/14/19/trucks-6543223_1280.jpg
[WARN] Failed to download DDG image for truck: cannot identify image file <_io.BytesIO object at 0x0000022F22C67740>
[WARN] Failed to download DDG image for truck: 403 Client Error: Forbidden for url: https://images.stockcake.com/public/8/4/a/84a5d230-7075-4567-ab2b-041d3f1de6f5_large/urban-traffic-scene-stockcake.jpg
[WARN] Failed to download DDG image for truck: cannot identify image file <_io.BytesIO object at 0x0000022F22C79DA0>
[WARN] Failed to download DDG image for truck: 403 Client Error: Forbidden for url: https://blogassets.truckparkingclub.com/2024/02/truck-in-the-city.jpg
[DuckDuckGo] truck: keyword='truck vehicle photo', remaining=60
[WARN] Failed to download DDG image for truck: 403 Client Error: Forbidden for url: https://cdn.pixabay.com/photo/2013/10/07/11/31/truck-191919_1280.jpg
[WARN] Failed to download DDG image for truck: 403 Client Error: Forbidden for url: https://cdn.pixabay.com/photo/2024/07/25/14/54/truck-8921536_1280.jpg
[WARN] Failed to download DDG image for truck: 403 Client Error: Forbidden for url: https://cdn.pixabay.com/photo/2018/05/14/20/54/truck-3401529_1280.jpg
[WARN] Failed to download DDG image for truck: 403 Client Error: Forbidden for url: https://cdn.pixabay.com/photo/2017/09/02/15/51/truck-2707700_1280.jpg
[WARN] Failed to download DDG image for truck: 403 Client Error: Forbidden for url: https://cdn.pixabay.com/photo/2017/06/11/10/46/truck-2391940_1280.jpg
[WARN] Failed to download DDG image for truck: 403 Client Error: Forbidden for url: https://cdn.pixabay.com/photo/2017/05/31/20/39/truck-2361562_1280.jpg
[WARN] Failed to download DDG image for truck: 403 Client Error: Forbidden for url: https://cdn.pixabay.com/photo/2014/04/27/17/51/truck-333249_1280.jpg
[WARN] Failed to download DDG image for truck: 403 Client Error: Forbidden for url: https://cdn.pixabay.com/photo/2017/06/15/23/47/truck-2407264_1280.jpg
[WARN] Failed to download DDG image for truck: 403 Client Error: Forbidden for url: https://cdn.pixabay.com/photo/2018/03/09/06/22/transport-3210730_1280.jpg
[WARN] Failed to download DDG image for truck: 403 Client Error: Forbidden for url: https://cdn.pixabay.com/photo/2014/04/27/17/51/truck-333251_1280.jpg
[WARN] Failed to download DDG image for truck: 403 Client Error: Forbidden for url: https://cdn.pixabay.com/photo/2014/04/27/18/04/truck-333258_960_720.jpg
[WARN] Failed to download DDG image for truck: 403 Client Error: Forbidden for url: https://cdn.pixabay.com/photo/2021/09/16/14/42/truck-6630249_1280.jpg
[WARN] Failed to download DDG image for truck: 403 Client Error: Forbidden for url: https://cdn.pixabay.com/photo/2022/11/02/23/32/truck-7566276_1280.png
[DuckDuckGo] truck: keyword='lorry truck', remaining=38
[WARN] Failed to download DDG image for truck: 410 Client Error: Gone for url: https://cdn.openart.ai/stable_diffusion/cb67dcd9c0c636a01c145050f31881e76ed1c91f_2000x2000.webp
[WARN] Failed to download DDG image for truck: 403 Client Error: Forbidden for url: https://cdn.pixabay.com/photo/2024/02/08/07/07/ai-generated-8560367_1280.jpg
[WARN] Failed to download DDG image for truck: 403 Client Error: Forbidden for url: https://www.shutterstock.com/shutterstock/photos/2394566503/display_1500/stock-photo-hgv-truck-large-goods-vehicle-truck-lorry-cargo-for-shipping-2394566503.jpg
[DuckDuckGo] truck: keyword='tanker truck', remaining=6
[DONE] truck: raw_count=3000

$ C:\Users\Admin\AppData\Local\Programs\Python\Python310\python.exe scripts/remove_corrupted_images.py --overwrite --clear-output
Cleaned: 31148
Rejected: 50
Report: D:\Workspace\Nam4\KHDL\vehicle-classification\traffic_vehicle_classification\reports\cleaning_report.csv

$ C:\Users\Admin\AppData\Local\Programs\Python\Python310\python.exe scripts/remove_duplicate_images.py --method phash --threshold 4 --action move --within-label-only
Kept images: 11896
Duplicates handled: 19252
Report: D:\Workspace\Nam4\KHDL\vehicle-classification\traffic_vehicle_classification\reports\duplicates.csv

$ C:\Users\Admin\AppData\Local\Programs\Python\Python310\python.exe scripts/balance_dataset.py --max-per-label 1500 --action delete
[OK] bicycle: 1468 <= 1500
[OK] boat: 1365 <= 1500
[OK] bus: 1230 <= 1500
[OK] car: 1092 <= 1500
[OK] helicopter: 1060 <= 1500
[OK] minibus: 1116 <= 1500
[OK] motorcycle: 1124 <= 1500
[OK] taxi: 1036 <= 1500
[OK] train: 1212 <= 1500
[OK] truck: 1193 <= 1500
Balanced labels to max_per_label=1500
Handled files: 0
Report: D:\Workspace\Nam4\KHDL\vehicle-classification\traffic_vehicle_classification\reports\balance_report.csv

$ C:\Users\Admin\AppData\Local\Programs\Python\Python310\python.exe scripts/cleanup_duplicates.py --keep-total 100
Duplicate files before cleanup: 19352
Kept duplicate samples: 100
Deleted duplicate files: 19252
Report: D:\Workspace\Nam4\KHDL\vehicle-classification\traffic_vehicle_classification\reports\duplicates_cleanup_report.csv

$ C:\Users\Admin\AppData\Local\Programs\Python\Python310\python.exe scripts/dataset_statistics.py
Summary: D:\Workspace\Nam4\KHDL\vehicle-classification\traffic_vehicle_classification\reports\dataset_summary.csv
Details: D:\Workspace\Nam4\KHDL\vehicle-classification\traffic_vehicle_classification\reports\image_details.csv
Figures: D:\Workspace\Nam4\KHDL\vehicle-classification\traffic_vehicle_classification\reports\figures

Before round 2
------------------------------------------------------------------------
label              raw   cleaned   missing      status
bicycle           3855      1468        32   NEED_MORE
boat              3339      1365       135   NEED_MORE
bus               3000      1230       270   NEED_MORE
car               3004      1092       408   NEED_MORE
helicopter        3000      1060       440   NEED_MORE
minibus           3000      1116       384   NEED_MORE
motorcycle        3000      1124       376   NEED_MORE
taxi              3000      1036       464   NEED_MORE
train             3000      1212       288   NEED_MORE
truck             3000      1193       307   NEED_MORE

[Crawl] label=bicycle, source=naver, current_raw=3855, next_raw_goal=4005

$ C:\Users\Admin\AppData\Local\Programs\Python\Python310\python.exe scripts/crawl_images.py --labels bicycle --sources naver --limit-per-label 4005
_________________________________
Current web-browser version:	148.0.7778.168
Current chrome-driver version:	148.0.7778.167
_________________________________
Collecting links... bicycle from naver
Scrolling down
Scraping links
Collect links done. Site: naver, Keyword: bicycle, Total: 489
Downloading images from collected links... bicycle from naver
Downloading bicycle from naver: 1 / 60
Downloading bicycle from naver: 2 / 60
Downloading bicycle from naver: 3 / 60
Downloading bicycle from naver: 4 / 60
Downloading bicycle from naver: 5 / 60
Downloading bicycle from naver: 6 / 60
Downloading bicycle from naver: 7 / 60
Downloading bicycle from naver: 8 / 60
Downloading bicycle from naver: 9 / 60
Downloading bicycle from naver: 10 / 60
Downloading bicycle from naver: 11 / 60
Downloading bicycle from naver: 12 / 60
Downloading bicycle from naver: 13 / 60
Downloading bicycle from naver: 14 / 60
Downloading bicycle from naver: 15 / 60
Downloading bicycle from naver: 16 / 60
Downloading bicycle from naver: 17 / 60
Downloading bicycle from naver: 18 / 60
Downloading bicycle from naver: 19 / 60
Downloading bicycle from naver: 20 / 60
Downloading bicycle from naver: 21 / 60
Downloading bicycle from naver: 22 / 60
Downloading bicycle from naver: 23 / 60
Downloading bicycle from naver: 24 / 60
Downloading bicycle from naver: 25 / 60
Downloading bicycle from naver: 26 / 60
Downloading bicycle from naver: 27 / 60
Downloading bicycle from naver: 28 / 60
Downloading bicycle from naver: 29 / 60
Downloading bicycle from naver: 30 / 60
Downloading bicycle from naver: 31 / 60
Downloading bicycle from naver: 32 / 60
Downloading bicycle from naver: 33 / 60
Downloading bicycle from naver: 34 / 60
Downloading bicycle from naver: 35 / 60
Downloading bicycle from naver: 36 / 60
Downloading bicycle from naver: 37 / 60
Downloading bicycle from naver: 38 / 60
Downloading bicycle from naver: 39 / 60
Downloading bicycle from naver: 40 / 60
Downloading bicycle from naver: 41 / 60
Downloading bicycle from naver: 42 / 60
Downloading bicycle from naver: 43 / 60
Downloading bicycle from naver: 44 / 60
Downloading bicycle from naver: 45 / 60
Downloading bicycle from naver: 46 / 60
Downloading bicycle from naver: 47 / 60
Downloading bicycle from naver: 48 / 60
Downloading bicycle from naver: 49 / 60
Downloading bicycle from naver: 50 / 60
Downloading bicycle from naver: 51 / 60
Downloading bicycle from naver: 52 / 60
Downloading bicycle from naver: 53 / 60
Downloading bicycle from naver: 54 / 60
Downloading bicycle from naver: 55 / 60
Downloading bicycle from naver: 56 / 60
Downloading bicycle from naver: 57 / 60
Downloading bicycle from naver: 58 / 60
Downloading bicycle from naver: 59 / 60
Downloading bicycle from naver: 60 / 60
Done naver : bicycle
_________________________________
Current web-browser version:	148.0.7778.168
Current chrome-driver version:	148.0.7778.167
_________________________________
Collecting links... bicycle vehicle photo from naver
Scrolling down
Scraping links
Collect links done. Site: naver, Keyword: bicycle vehicle photo, Total: 491
Downloading images from collected links... bicycle vehicle photo from naver
Downloading bicycle vehicle photo from naver: 1 / 60
Downloading bicycle vehicle photo from naver: 2 / 60
Downloading bicycle vehicle photo from naver: 3 / 60
Downloading bicycle vehicle photo from naver: 4 / 60
Downloading bicycle vehicle photo from naver: 5 / 60
Downloading bicycle vehicle photo from naver: 6 / 60
Downloading bicycle vehicle photo from naver: 7 / 60
Downloading bicycle vehicle photo from naver: 8 / 60
Downloading bicycle vehicle photo from naver: 9 / 60
Downloading bicycle vehicle photo from naver: 10 / 60
Downloading bicycle vehicle photo from naver: 11 / 60
Downloading bicycle vehicle photo from naver: 12 / 60
Downloading bicycle vehicle photo from naver: 13 / 60
Downloading bicycle vehicle photo from naver: 14 / 60
Downloading bicycle vehicle photo from naver: 15 / 60
Downloading bicycle vehicle photo from naver: 16 / 60
Downloading bicycle vehicle photo from naver: 17 / 60
Downloading bicycle vehicle photo from naver: 18 / 60
Downloading bicycle vehicle photo from naver: 19 / 60
Downloading bicycle vehicle photo from naver: 20 / 60
Renamed extension jpg -> png
Downloading bicycle vehicle photo from naver: 21 / 60
Downloading bicycle vehicle photo from naver: 22 / 60
Downloading bicycle vehicle photo from naver: 23 / 60
Downloading bicycle vehicle photo from naver: 24 / 60
Downloading bicycle vehicle photo from naver: 25 / 60
Downloading bicycle vehicle photo from naver: 26 / 60
Downloading bicycle vehicle photo from naver: 27 / 60
Downloading bicycle vehicle photo from naver: 28 / 60
Downloading bicycle vehicle photo from naver: 29 / 60
Downloading bicycle vehicle photo from naver: 30 / 60
Downloading bicycle vehicle photo from naver: 31 / 60
Downloading bicycle vehicle photo from naver: 32 / 60
Downloading bicycle vehicle photo from naver: 33 / 60
Downloading bicycle vehicle photo from naver: 34 / 60
Downloading bicycle vehicle photo from naver: 35 / 60
Downloading bicycle vehicle photo from naver: 36 / 60
Downloading bicycle vehicle photo from naver: 37 / 60
Downloading bicycle vehicle photo from naver: 38 / 60
Downloading bicycle vehicle photo from naver: 39 / 60
Downloading bicycle vehicle photo from naver: 40 / 60
Downloading bicycle vehicle photo from naver: 41 / 60
Downloading bicycle vehicle photo from naver: 42 / 60
Downloading bicycle vehicle photo from naver: 43 / 60
Downloading bicycle vehicle photo from naver: 44 / 60
Downloading bicycle vehicle photo from naver: 45 / 60
Downloading bicycle vehicle photo from naver: 46 / 60
Downloading bicycle vehicle photo from naver: 47 / 60
Downloading bicycle vehicle photo from naver: 48 / 60
Downloading bicycle vehicle photo from naver: 49 / 60
Downloading bicycle vehicle photo from naver: 50 / 60
Downloading bicycle vehicle photo from naver: 51 / 60
Downloading bicycle vehicle photo from naver: 52 / 60
Downloading bicycle vehicle photo from naver: 53 / 60
Downloading bicycle vehicle photo from naver: 54 / 60
Downloading bicycle vehicle photo from naver: 55 / 60
Downloading bicycle vehicle photo from naver: 56 / 60
Downloading bicycle vehicle photo from naver: 57 / 60
Downloading bicycle vehicle photo from naver: 58 / 60
Downloading bicycle vehicle photo from naver: 59 / 60
Downloading bicycle vehicle photo from naver: 60 / 60
Done naver : bicycle vehicle photo
_________________________________
Current web-browser version:	148.0.7778.168
Current chrome-driver version:	148.0.7778.167
_________________________________
Collecting links... mountain bicycle from naver
Scrolling down
Scraping links
Collect links done. Site: naver, Keyword: mountain bicycle, Total: 483
Downloading images from collected links... mountain bicycle from naver
Downloading mountain bicycle from naver: 1 / 60
Downloading mountain bicycle from naver: 2 / 60
Downloading mountain bicycle from naver: 3 / 60
Downloading mountain bicycle from naver: 4 / 60
Downloading mountain bicycle from naver: 5 / 60
Downloading mountain bicycle from naver: 6 / 60
Downloading mountain bicycle from naver: 7 / 60
Downloading mountain bicycle from naver: 8 / 60
Downloading mountain bicycle from naver: 9 / 60
Downloading mountain bicycle from naver: 10 / 60
Downloading mountain bicycle from naver: 11 / 60
Downloading mountain bicycle from naver: 12 / 60
Downloading mountain bicycle from naver: 13 / 60
Downloading mountain bicycle from naver: 14 / 60
Downloading mountain bicycle from naver: 15 / 60
Downloading mountain bicycle from naver: 16 / 60
Downloading mountain bicycle from naver: 17 / 60
Downloading mountain bicycle from naver: 18 / 60
Downloading mountain bicycle from naver: 19 / 60
Downloading mountain bicycle from naver: 20 / 60
Downloading mountain bicycle from naver: 21 / 60
Downloading mountain bicycle from naver: 22 / 60
Downloading mountain bicycle from naver: 23 / 60
Downloading mountain bicycle from naver: 24 / 60
Options - skip:False, threads:4, google:False, naver:True, full_resolution:False, face:False, no_gui:False, limit:60, _proxy_list:['']
12 keywords found: ['bicycle', 'bicycle on road', 'bicycle photo', 'bicycle rider', 'bicycle street photo', 'bicycle vehicle photo', 'city bicycle', 'electric bicycle', 'modern bicycle', 'mountain bicycle', 'racing bicycle', 'road bicycle']
Task ended. Pool join.
Data imbalance checking...
dir: download/bicycle, file_count: 61
dir: download/bicycle on road, file_count: 61
dir: download/bicycle photo, file_count: 61
dir: download/bicycle rider, file_count: 61
dir: download/bicycle street photo, file_count: 61
dir: download/bicycle vehicle photo, file_count: 61
dir: download/city bicycle, file_count: 61
dir: download/electric bicycle, file_count: 61
dir: download/modern bicycle, file_count: 61
dir: download/mountain bicycle, file_count: 61
dir: download/racing bicycle, file_count: 61
dir: download/road bicycle, file_count: 61
Data imbalance not detected.
End Program
Project root: D:\Workspace\Nam4\KHDL\vehicle-classification\traffic_vehicle_classification
Selected sources: naver
Target raw images per label: 4005
[START] bicycle: current=3855, target=4005
[AutoCrawler] bicycle: crawling from naver
[DONE] bicycle: raw_count=4005

[Crawl] label=bicycle, source=duckduckgo, current_raw=4005, next_raw_goal=4155

$ C:\Users\Admin\AppData\Local\Programs\Python\Python310\python.exe scripts/crawl_images.py --labels bicycle --sources duckduckgo --limit-per-label 4155
Project root: D:\Workspace\Nam4\KHDL\vehicle-classification\traffic_vehicle_classification
Selected sources: duckduckgo
Target raw images per label: 4155
[START] bicycle: current=4005, target=4155
[DuckDuckGo] bicycle: keyword='gravel bicycle', remaining=150
[WARN] Failed to download DDG image for bicycle: 403 Client Error: Forbidden for url: https://cdn2.lvr-cycles.com/67732-large_default/megamo-silk-05-axs-carbon-gravel-bike-beige-apex-x1-eagle-axs-12-speed-2025.jpg
[WARN] Failed to download DDG image for bicycle: 400 Client Error: Bad Request for url: https://www.giant-bicycles.com/discover/_next/image?url=https://cdn.media.amplience.net/i/giantgroup/MY24-Revolt-X-Advanced-Pro-0_Color-A-Kelp-Forest_Charcoal_Front?qlt=80&w=1534&w=3840&q=80
[WARN] Failed to download DDG image for bicycle: 404 Client Error: Not Found for url: https://www.cycle-technology.co.uk/content/1727709925-Trek+Gravel+bike+with+water+bottles.jpg
[WARN] Failed to download DDG image for bicycle: 403 Client Error: Forbidden for url: https://thelunchride.com/wp-content/uploads/2022/11/best-gravel-bike-handlebars-review-buyers-guide-1-scaled.jpg
[WARN] Failed to download DDG image for bicycle: 403 Client Error: Forbidden for url: https://evitfeexexn.exactdn.com/wp-content/uploads/2023/07/canyon-gravel-bike-with-dt-swiss-wheelset-1536x1020.jpg?strip=all&lossy=1&ssl=1
[WARN] Failed to download DDG image for bicycle: 403 Client Error: Forbidden for url: https://haidelibikes.com/wp-content/uploads/2025/06/GV201-gravel-bike-frame-6.jpg
[DuckDuckGo] bicycle: keyword='folding bicycle', remaining=121
[DuckDuckGo] bicycle: keyword='bicycle front view', remaining=101
[WARN] Failed to download DDG image for bicycle: 403 Client Error: Forbidden for url: https://www.bowlsvic.org.au/wp-content/uploads/2020/02/BPL11-news-header-495x248.jpg
[DuckDuckGo] bicycle: keyword='bicycle parked', remaining=101
[WARN] Failed to download DDG image for bicycle: 403 Client Error: Forbidden for url: https://uploads-ssl.webflow.com/63624e392cd75c48e928280b/637ef90d077c6b5a4fd7c7b8_637a37b7ecc8b4b13683c03d_60d30ac2d9f6a8196e6aa2f4_Sykkel%2520P-plass_a.jpeg
[WARN] Failed to download DDG image for bicycle: 404 Client Error: The specified blob does not exist. for url: https://m1.airside.com.hk/assets/collapsible-item-with-icons/Smart+bicycle+parking+system+(ARUP).jpg
[WARN] Failed to download DDG image for bicycle: 403 Client Error: Forbidden for url: https://wallpapercrafter.com/desktop7/1790896-1920x1440-parked-bike-bicycle-parking-parked-bike.jpg
[WARN] Failed to download DDG image for bicycle: 403 Client Error: Forbidden for url: https://c.stocksy.com/a/m2a100/z9/376884.jpg
[WARN] Failed to download DDG image for bicycle: HTTPSConnectionPool(host='thumbs.dreamstime.com', port=443): Read timed out. (read timeout=15)
[WARN] Failed to download DDG image for bicycle: 403 Client Error: Forbidden for url: https://bikeleague.org/wp-content/uploads/2023/03/NPRs-high-density-double-decker-parking-Photo-shared-through-NPRs-BFB-application-2048x1365.jpeg
[WARN] Failed to download DDG image for bicycle: HTTPSConnectionPool(host='www.hamilton.ca', port=443): Max retries exceeded with url: /sites/default/files/2023-02/biking-city-hall-bike-cage.jpg (Caused by NameResolutionError("HTTPSConnection(host='www.hamilton.ca', port=443): Failed to resolve 'www.hamilton.ca' ([Errno 11001] getaddrinfo failed)"))
[DuckDuckGo] bicycle: keyword='cyclist bicycle road', remaining=28
[WARN] Failed to download DDG image for bicycle: 403 Client Error: Forbidden for url: https://www.publicdomainpictures.net/pictures/170000/velka/cyclist-on-the-road.jpg
[WARN] Failed to download DDG image for bicycle: 403 Client Error: Forbidden for url: https://cdn.pixabay.com/photo/2023/05/21/11/27/cyclist-8008357_960_720.jpg
[DONE] bicycle: raw_count=4155

[Crawl] label=boat, source=naver, current_raw=3339, next_raw_goal=3489

$ C:\Users\Admin\AppData\Local\Programs\Python\Python310\python.exe scripts/crawl_images.py --labels boat --sources naver --limit-per-label 3489
_________________________________
Current web-browser version:	148.0.7778.168
Current chrome-driver version:	148.0.7778.167
_________________________________
Collecting links... boat on water from naver
Scrolling down
Scraping links
Collect links done. Site: naver, Keyword: boat on water, Total: 493
Downloading images from collected links... boat on water from naver
Downloading boat on water from naver: 1 / 60
Downloading boat on water from naver: 2 / 60
Downloading boat on water from naver: 3 / 60
Downloading boat on water from naver: 4 / 60
Downloading boat on water from naver: 5 / 60
Downloading boat on water from naver: 6 / 60
Downloading boat on water from naver: 7 / 60
Downloading boat on water from naver: 8 / 60
Downloading boat on water from naver: 9 / 60
Downloading boat on water from naver: 10 / 60
Downloading boat on water from naver: 11 / 60
Downloading boat on water from naver: 12 / 60
Downloading boat on water from naver: 13 / 60
Downloading boat on water from naver: 14 / 60
Downloading boat on water from naver: 15 / 60
Downloading boat on water from naver: 16 / 60
Downloading boat on water from naver: 17 / 60
Downloading boat on water from naver: 18 / 60
Downloading boat on water from naver: 19 / 60
Downloading boat on water from naver: 20 / 60
Downloading boat on water from naver: 21 / 60
Downloading boat on water from naver: 22 / 60
Downloading boat on water from naver: 23 / 60
Downloading boat on water from naver: 24 / 60
Downloading boat on water from naver: 25 / 60
Downloading boat on water from naver: 26 / 60
Downloading boat on water from naver: 27 / 60
Downloading boat on water from naver: 28 / 60
Downloading boat on water from naver: 29 / 60
Downloading boat on water from naver: 30 / 60
Downloading boat on water from naver: 31 / 60
Downloading boat on water from naver: 32 / 60
Downloading boat on water from naver: 33 / 60
Downloading boat on water from naver: 34 / 60
Downloading boat on water from naver: 35 / 60
Downloading boat on water from naver: 36 / 60
Downloading boat on water from naver: 37 / 60
Downloading boat on water from naver: 38 / 60
Downloading boat on water from naver: 39 / 60
Downloading boat on water from naver: 40 / 60
Downloading boat on water from naver: 41 / 60
Downloading boat on water from naver: 42 / 60
Downloading boat on water from naver: 43 / 60
Downloading boat on water from naver: 44 / 60
Downloading boat on water from naver: 45 / 60
Downloading boat on water from naver: 46 / 60
Downloading boat on water from naver: 47 / 60
Downloading boat on water from naver: 48 / 60
Downloading boat on water from naver: 49 / 60
Downloading boat on water from naver: 50 / 60
Downloading boat on water from naver: 51 / 60
Downloading boat on water from naver: 52 / 60
Downloading boat on water from naver: 53 / 60
Downloading boat on water from naver: 54 / 60
Downloading boat on water from naver: 55 / 60
Downloading boat on water from naver: 56 / 60
Downloading boat on water from naver: 57 / 60
Downloading boat on water from naver: 58 / 60
Downloading boat on water from naver: 59 / 60
Downloading boat on water from naver: 60 / 60
Done naver : boat on water
_________________________________
Current web-browser version:	148.0.7778.168
Current chrome-driver version:	148.0.7778.167
_________________________________
Collecting links... fishing boat from naver
Scrolling down
Scraping links
Collect links done. Site: naver, Keyword: fishing boat, Total: 491
Downloading images from collected links... fishing boat from naver
Downloading fishing boat from naver: 1 / 60
Downloading fishing boat from naver: 2 / 60
Downloading fishing boat from naver: 3 / 60
Downloading fishing boat from naver: 4 / 60
Downloading fishing boat from naver: 5 / 60
Downloading fishing boat from naver: 6 / 60
Downloading fishing boat from naver: 7 / 60
Downloading fishing boat from naver: 8 / 60
Downloading fishing boat from naver: 9 / 60
Downloading fishing boat from naver: 10 / 60
Downloading fishing boat from naver: 11 / 60
Downloading fishing boat from naver: 12 / 60
Downloading fishing boat from naver: 13 / 60
Downloading fishing boat from naver: 14 / 60
Downloading fishing boat from naver: 15 / 60
Downloading fishing boat from naver: 16 / 60
Downloading fishing boat from naver: 17 / 60
Downloading fishing boat from naver: 18 / 60
Downloading fishing boat from naver: 19 / 60
Downloading fishing boat from naver: 20 / 60
Downloading fishing boat from naver: 21 / 60
Downloading fishing boat from naver: 22 / 60
Downloading fishing boat from naver: 23 / 60
Downloading fishing boat from naver: 24 / 60
Downloading fishing boat from naver: 25 / 60
Downloading fishing boat from naver: 26 / 60
Downloading fishing boat from naver: 27 / 60
Downloading fishing boat from naver: 28 / 60
Downloading fishing boat from naver: 29 / 60
Downloading fishing boat from naver: 30 / 60
Downloading fishing boat from naver: 31 / 60
Downloading fishing boat from naver: 32 / 60
Downloading fishing boat from naver: 33 / 60
Downloading fishing boat from naver: 34 / 60
Downloading fishing boat from naver: 35 / 60
Downloading fishing boat from naver: 36 / 60
Downloading fishing boat from naver: 37 / 60
Downloading fishing boat from naver: 38 / 60
Downloading fishing boat from naver: 39 / 60
Downloading fishing boat from naver: 40 / 60
Downloading fishing boat from naver: 41 / 60
Downloading fishing boat from naver: 42 / 60
Downloading fishing boat from naver: 43 / 60
Downloading fishing boat from naver: 44 / 60
Downloading fishing boat from naver: 45 / 60
Downloading fishing boat from naver: 46 / 60
Downloading fishing boat from naver: 47 / 60
Downloading fishing boat from naver: 48 / 60
Downloading fishing boat from naver: 49 / 60
Downloading fishing boat from naver: 50 / 60
Downloading fishing boat from naver: 51 / 60
Downloading fishing boat from naver: 52 / 60
Downloading fishing boat from naver: 53 / 60
Downloading fishing boat from naver: 54 / 60
Downloading fishing boat from naver: 55 / 60
Downloading fishing boat from naver: 56 / 60
Downloading fishing boat from naver: 57 / 60
Downloading fishing boat from naver: 58 / 60
Downloading fishing boat from naver: 59 / 60
Downloading fishing boat from naver: 60 / 60
Done naver : fishing boat
_________________________________
Current web-browser version:	148.0.7778.168
Current chrome-driver version:	148.0.7778.167
_________________________________
Collecting links... real boat from naver
Scrolling down
Scraping links
Collect links done. Site: naver, Keyword: real boat, Total: 474
Downloading images from collected links... real boat from naver
Downloading real boat from naver: 1 / 60
Downloading real boat from naver: 2 / 60
Downloading real boat from naver: 3 / 60
Downloading real boat from naver: 4 / 60
Downloading real boat from naver: 5 / 60
Downloading real boat from naver: 6 / 60
Downloading real boat from naver: 7 / 60
Downloading real boat from naver: 8 / 60
Downloading real boat from naver: 9 / 60
Downloading real boat from naver: 10 / 60
Downloading real boat from naver: 11 / 60
Downloading real boat from naver: 12 / 60
Downloading real boat from naver: 13 / 60
Downloading real boat from naver: 14 / 60
Downloading real boat from naver: 15 / 60
Downloading real boat from naver: 16 / 60
Downloading real boat from naver: 17 / 60
Downloading real boat from naver: 18 / 60
Downloading real boat from naver: 19 / 60
Downloading real boat from naver: 20 / 60
Downloading real boat from naver: 21 / 60
Downloading real boat from naver: 22 / 60
Downloading real boat from naver: 23 / 60
Downloading real boat from naver: 24 / 60
Downloading real boat from naver: 25 / 60
Downloading real boat from naver: 26 / 60
Downloading real boat from naver: 27 / 60
Downloading real boat from naver: 28 / 60
Downloading real boat from naver: 29 / 60
Downloading real boat from naver: 30 / 60
Downloading real boat from naver: 31 / 60
Downloading real boat from naver: 32 / 60
Downloading real boat from naver: 33 / 60
Downloading real boat from naver: 34 / 60
Options - skip:False, threads:4, google:False, naver:True, full_resolution:False, face:False, no_gui:False, limit:60, _proxy_list:['']
12 keywords found: ['boat', 'boat close up', 'boat on water', 'boat photo', 'boat travel', 'fishing boat', 'motor boat', 'passenger boat', 'real boat', 'river boat', 'small boat', 'speed boat']
Task ended. Pool join.
Data imbalance checking...
dir: download/boat, file_count: 61
dir: download/boat close up, file_count: 61
dir: download/boat on water, file_count: 61
dir: download/boat photo, file_count: 61
dir: download/boat travel, file_count: 61
dir: download/fishing boat, file_count: 61
dir: download/motor boat, file_count: 61
dir: download/passenger boat, file_count: 61
dir: download/real boat, file_count: 61
dir: download/river boat, file_count: 61
dir: download/small boat, file_count: 61
dir: download/speed boat, file_count: 61
Data imbalance not detected.
End Program
Project root: D:\Workspace\Nam4\KHDL\vehicle-classification\traffic_vehicle_classification
Selected sources: naver
Target raw images per label: 3489
[START] boat: current=3339, target=3489
[AutoCrawler] boat: crawling from naver
[DONE] boat: raw_count=3489

[Crawl] label=boat, source=duckduckgo, current_raw=3489, next_raw_goal=3639

$ C:\Users\Admin\AppData\Local\Programs\Python\Python310\python.exe scripts/crawl_images.py --labels boat --sources duckduckgo --limit-per-label 3639
Project root: D:\Workspace\Nam4\KHDL\vehicle-classification\traffic_vehicle_classification
Selected sources: duckduckgo
Target raw images per label: 3639
[START] boat: current=3489, target=3639
[DuckDuckGo] boat: keyword='sea boat', remaining=150
[WARN] Failed to download DDG image for boat: 403 Client Error: Forbidden for url: https://cdn.pixabay.com/photo/2019/04/29/08/11/sea-4165478_960_720.jpg
[WARN] Failed to download DDG image for boat: 403 Client Error: Forbidden for url: https://w0.peakpx.com/wallpaper/89/728/HD-wallpaper-sailboat-aganist-a-beautiful-sunset-sun-boat-ocean-sunset-sail.jpg
[WARN] Failed to download DDG image for boat: 403 Client Error: Forbidden for url: https://wallpapercrafter.com/desktop/55989-nature-hd-ocean-sunset-landscape-sea-boat.jpg
[WARN] Failed to download DDG image for boat: 403 Client Error: Forbidden for url: https://cdn.pixabay.com/photo/2018/11/15/10/43/sunset-3816950_1280.jpg
[DuckDuckGo] boat: keyword='lake boat', remaining=119
[WARN] Failed to download DDG image for boat: 403 Client Error: Forbidden for url: https://www.boattrader.com/research/files/Bayliner-DX2250-1-2048x1490.jpg
[WARN] Failed to download DDG image for boat: 403 Client Error: Forbidden for url: https://boatkeep.com/wp-content/uploads/2024/01/Most-Popular-Types-Of-Lake-Boats.png
[WARN] Failed to download DDG image for boat: 403 Client Error: Forbidden for url: https://boatkeep.com/wp-content/uploads/2025/01/exploring-the-most-popular-types-of-lake-boats-a-guide-for-water-enthusiasts.webp
[WARN] Failed to download DDG image for boat: 403 Client Error: Forbidden for url: https://www.marinemax.com/-/media/images/marinemax/callouts/new-to-boating-manual-callout/195-scarab-dual-console-04242020.jpg?h=3280&w=4928&la=en&hash=83CB6F2BA064FBEA90B3FEE15F64ACBF
[WARN] Failed to download DDG image for boat: 403 Client Error: Forbidden for url: https://kingfisherboats.com/wp-content/uploads/2022/12/home-HERO_3.jpg
[WARN] Failed to download DDG image for boat: 403 Client Error: Forbidden for url: https://boatsgeek.com/wp-content/uploads/2024/08/Untitled-1920-x-1080-px-8-22-1536x864.jpg
[DuckDuckGo] boat: keyword='tour boat', remaining=90
[DuckDuckGo] boat: keyword='cabin boat', remaining=89
[WARN] Failed to download DDG image for boat: 403 Client Error: Forbidden for url: https://boatingbeast.com/wp-content/uploads/2021/09/interior.jpg
[WARN] Failed to download DDG image for boat: 403 Client Error: Forbidden for url: https://www.boattrader.com/research/files/1999-albemarle-247-express-power-cuddy-cabin-9316052-981155982-0-040620250953-5-1536x1024.jpg
[DuckDuckGo] boat: keyword='cargo boat', remaining=56
[WARN] Failed to download DDG image for boat: 429 Client Error: Too Many Requests (b4a3396) for url: https://upload.wikimedia.org/wikipedia/id/d/d3/Poster_Music_(film_2021).png
[WARN] Failed to download DDG image for boat: 403 Client Error: Forbidden for url: https://static.ourboard.org/show/Ghosts.jpg
[WARN] Failed to download DDG image for boat: 403 Client Error: Forbidden for url: https://static.ourboard.org/show/Abbott+Elementary.jpg
[WARN] Failed to download DDG image for boat: 429 Client Error: Too Many Requests (b4a3396) for url: https://upload.wikimedia.org/wikipedia/commons/d/df/Venerable_Tarthang_Tulku_Rinpoche_2021_05.jpg
[WARN] Failed to download DDG image for boat: 403 Client Error: Forbidden for url: https://static.ourboard.org/show/Hacks.jpg
[WARN] Failed to download DDG image for boat: 403 Client Error: Forbidden for url: https://static.ourboard.org/show/Stranger+Things.jpg
[WARN] Failed to download DDG image for boat: 403 Client Error: Forbidden for url: https://iknowwhatyoudownload.com/poster/en/tt8036976
[DuckDuckGo] boat: keyword='sail boat', remaining=28
[WARN] Failed to download DDG image for boat: 403 Client Error: Forbidden for url: https://www.travelandleisure.com/thmb/SFwBOEk5XkGN9-pHRei3h4tnDl0=/1500x0/filters:no_upscale():max_bytes(150000):strip_icc()/schooner-ladona-MAINESAILING0622-a7b514ff887b4eff98c9f9c9d00bf0f7.jpg
[WARN] Failed to download DDG image for boat: 403 Client Error: Forbidden for url: https://www.chesapeakebaymagazine.com/wp-content/uploads/2019/09/IMG_0038-1.jpg
[WARN] Failed to download DDG image for boat: 403 Client Error: Forbidden for url: https://www.publicdomainpictures.net/pictures/530000/velka/zeilboot-vaartuig-zeilschip-boot-16922092220gW.jpg
[WARN] Failed to download DDG image for boat: 403 Client Error: Forbidden for url: https://images.wallpapersden.com/image/download/sailboat_am5na26UmZqaraWkpJRsaGhorWlmZ2k.jpg
[DONE] boat: raw_count=3639

[Crawl] label=bus, source=naver, current_raw=3000, next_raw_goal=3150

$ C:\Users\Admin\AppData\Local\Programs\Python\Python310\python.exe scripts/crawl_images.py --labels bus --sources naver --limit-per-label 3150
_________________________________
Current web-browser version:	148.0.7778.168
Current chrome-driver version:	148.0.7778.167
_________________________________
Collecting links... bus from naver
Scrolling down
Scraping links
Collect links done. Site: naver, Keyword: bus, Total: 466
Downloading images from collected links... bus from naver
Downloading bus from naver: 1 / 60
Downloading bus from naver: 2 / 60
Downloading bus from naver: 3 / 60
Downloading bus from naver: 4 / 60
Downloading bus from naver: 5 / 60
Downloading bus from naver: 6 / 60
Downloading bus from naver: 7 / 60
Downloading bus from naver: 8 / 60
Renamed extension jpg -> png
Downloading bus from naver: 9 / 60
Downloading bus from naver: 10 / 60
Downloading bus from naver: 11 / 60
Downloading bus from naver: 12 / 60
Downloading bus from naver: 13 / 60
Downloading bus from naver: 14 / 60
Downloading bus from naver: 15 / 60
Downloading bus from naver: 16 / 60
Downloading bus from naver: 17 / 60
Downloading bus from naver: 18 / 60
Downloading bus from naver: 19 / 60
Downloading bus from naver: 20 / 60
Downloading bus from naver: 21 / 60
Downloading bus from naver: 22 / 60
Downloading bus from naver: 23 / 60
Downloading bus from naver: 24 / 60
Downloading bus from naver: 25 / 60
Downloading bus from naver: 26 / 60
Downloading bus from naver: 27 / 60
Downloading bus from naver: 28 / 60
Downloading bus from naver: 29 / 60
Downloading bus from naver: 30 / 60
Downloading bus from naver: 31 / 60
Downloading bus from naver: 32 / 60
Downloading bus from naver: 33 / 60
Downloading bus from naver: 34 / 60
Downloading bus from naver: 35 / 60
Downloading bus from naver: 36 / 60
Downloading bus from naver: 37 / 60
Downloading bus from naver: 38 / 60
Downloading bus from naver: 39 / 60
Downloading bus from naver: 40 / 60
Downloading bus from naver: 41 / 60
Downloading bus from naver: 42 / 60
Downloading bus from naver: 43 / 60
Downloading bus from naver: 44 / 60
Downloading bus from naver: 45 / 60
Downloading bus from naver: 46 / 60
Downloading bus from naver: 47 / 60
Downloading bus from naver: 48 / 60
Downloading bus from naver: 49 / 60
Downloading bus from naver: 50 / 60
Downloading bus from naver: 51 / 60
Downloading bus from naver: 52 / 60
Downloading bus from naver: 53 / 60
Downloading bus from naver: 54 / 60
Downloading bus from naver: 55 / 60
Downloading bus from naver: 56 / 60
Downloading bus from naver: 57 / 60
Downloading bus from naver: 58 / 60
Downloading bus from naver: 59 / 60
Downloading bus from naver: 60 / 60
Done naver : bus
_________________________________
Current web-browser version:	148.0.7778.168
Current chrome-driver version:	148.0.7778.167
_________________________________
Collecting links... bus vehicle photo from naver
Scrolling down
Scraping links
Collect links done. Site: naver, Keyword: bus vehicle photo, Total: 482
Downloading images from collected links... bus vehicle photo from naver
Downloading bus vehicle photo from naver: 1 / 60
Downloading bus vehicle photo from naver: 2 / 60
Downloading bus vehicle photo from naver: 3 / 60
Downloading bus vehicle photo from naver: 4 / 60
Downloading bus vehicle photo from naver: 5 / 60
Downloading bus vehicle photo from naver: 6 / 60
Downloading bus vehicle photo from naver: 7 / 60
Downloading bus vehicle photo from naver: 8 / 60
Downloading bus vehicle photo from naver: 9 / 60
Downloading bus vehicle photo from naver: 10 / 60
Downloading bus vehicle photo from naver: 11 / 60
Downloading bus vehicle photo from naver: 12 / 60
Downloading bus vehicle photo from naver: 13 / 60
Downloading bus vehicle photo from naver: 14 / 60
Downloading bus vehicle photo from naver: 15 / 60
Downloading bus vehicle photo from naver: 16 / 60
Downloading bus vehicle photo from naver: 17 / 60
Downloading bus vehicle photo from naver: 18 / 60
Downloading bus vehicle photo from naver: 19 / 60
Downloading bus vehicle photo from naver: 20 / 60
Downloading bus vehicle photo from naver: 21 / 60
Downloading bus vehicle photo from naver: 22 / 60
Downloading bus vehicle photo from naver: 23 / 60
Downloading bus vehicle photo from naver: 24 / 60
Downloading bus vehicle photo from naver: 25 / 60
Downloading bus vehicle photo from naver: 26 / 60
Downloading bus vehicle photo from naver: 27 / 60
Downloading bus vehicle photo from naver: 28 / 60
Downloading bus vehicle photo from naver: 29 / 60
Downloading bus vehicle photo from naver: 30 / 60
Downloading bus vehicle photo from naver: 31 / 60
Downloading bus vehicle photo from naver: 32 / 60
Downloading bus vehicle photo from naver: 33 / 60
Downloading bus vehicle photo from naver: 34 / 60
Downloading bus vehicle photo from naver: 35 / 60
Downloading bus vehicle photo from naver: 36 / 60
Downloading bus vehicle photo from naver: 37 / 60
Downloading bus vehicle photo from naver: 38 / 60
Downloading bus vehicle photo from naver: 39 / 60
Downloading bus vehicle photo from naver: 40 / 60
Downloading bus vehicle photo from naver: 41 / 60
Downloading bus vehicle photo from naver: 42 / 60
Downloading bus vehicle photo from naver: 43 / 60
Downloading bus vehicle photo from naver: 44 / 60
Downloading bus vehicle photo from naver: 45 / 60
Downloading bus vehicle photo from naver: 46 / 60
Downloading bus vehicle photo from naver: 47 / 60
Downloading bus vehicle photo from naver: 48 / 60
Downloading bus vehicle photo from naver: 49 / 60
Downloading bus vehicle photo from naver: 50 / 60
Downloading bus vehicle photo from naver: 51 / 60
Downloading bus vehicle photo from naver: 52 / 60
Downloading bus vehicle photo from naver: 53 / 60
Downloading bus vehicle photo from naver: 54 / 60
Downloading bus vehicle photo from naver: 55 / 60
Downloading bus vehicle photo from naver: 56 / 60
Downloading bus vehicle photo from naver: 57 / 60
Downloading bus vehicle photo from naver: 58 / 60
Downloading bus vehicle photo from naver: 59 / 60
Downloading bus vehicle photo from naver: 60 / 60
Done naver : bus vehicle photo
_________________________________
Current web-browser version:	148.0.7778.168
Current chrome-driver version:	148.0.7778.167
_________________________________
Collecting links... passenger bus from naver
Scrolling down
Scraping links
Collect links done. Site: naver, Keyword: passenger bus, Total: 492
Downloading images from collected links... passenger bus from naver
Downloading passenger bus from naver: 1 / 60
Downloading passenger bus from naver: 2 / 60
Downloading passenger bus from naver: 3 / 60
Downloading passenger bus from naver: 4 / 60
Downloading passenger bus from naver: 5 / 60
Downloading passenger bus from naver: 6 / 60
Downloading passenger bus from naver: 7 / 60
Downloading passenger bus from naver: 8 / 60
Downloading passenger bus from naver: 9 / 60
Downloading passenger bus from naver: 10 / 60
Downloading passenger bus from naver: 11 / 60
Downloading passenger bus from naver: 12 / 60
Downloading passenger bus from naver: 13 / 60
Downloading passenger bus from naver: 14 / 60
Downloading passenger bus from naver: 15 / 60
Downloading passenger bus from naver: 16 / 60
Downloading passenger bus from naver: 17 / 60
Downloading passenger bus from naver: 18 / 60
Downloading passenger bus from naver: 19 / 60
Downloading passenger bus from naver: 20 / 60
Downloading passenger bus from naver: 21 / 60
Downloading passenger bus from naver: 22 / 60
Downloading passenger bus from naver: 23 / 60
Downloading passenger bus from naver: 24 / 60
Downloading passenger bus from naver: 25 / 60
Downloading passenger bus from naver: 26 / 60
Downloading passenger bus from naver: 27 / 60
Downloading passenger bus from naver: 28 / 60
Downloading passenger bus from naver: 29 / 60
Downloading passenger bus from naver: 30 / 60
Downloading passenger bus from naver: 31 / 60
Downloading passenger bus from naver: 32 / 60
Downloading passenger bus from naver: 33 / 60
Downloading passenger bus from naver: 34 / 60
Downloading passenger bus from naver: 35 / 60
Downloading passenger bus from naver: 36 / 60
Downloading passenger bus from naver: 37 / 60
Options - skip:False, threads:4, google:False, naver:True, full_resolution:False, face:False, no_gui:False, limit:60, _proxy_list:['']
12 keywords found: ['bus', 'bus on road', 'bus photo', 'bus street photo', 'bus vehicle photo', 'city bus', 'coach bus', 'coach bus side', 'passenger bus', 'public bus', 'school bus', 'transit bus']
Task ended. Pool join.
Data imbalance checking...
dir: download/bus, file_count: 61
dir: download/bus on road, file_count: 61
dir: download/bus photo, file_count: 61
dir: download/bus street photo, file_count: 61
dir: download/bus vehicle photo, file_count: 61
dir: download/city bus, file_count: 61
dir: download/coach bus, file_count: 61
dir: download/coach bus side, file_count: 61
dir: download/passenger bus, file_count: 61
dir: download/public bus, file_count: 61
dir: download/school bus, file_count: 61
dir: download/transit bus, file_count: 61
Data imbalance not detected.
End Program
Project root: D:\Workspace\Nam4\KHDL\vehicle-classification\traffic_vehicle_classification
Selected sources: naver
Target raw images per label: 3150
[START] bus: current=3000, target=3150
[AutoCrawler] bus: crawling from naver
[DONE] bus: raw_count=3150

[Crawl] label=bus, source=duckduckgo, current_raw=3150, next_raw_goal=3300

$ C:\Users\Admin\AppData\Local\Programs\Python\Python310\python.exe scripts/crawl_images.py --labels bus --sources duckduckgo --limit-per-label 3300
Project root: D:\Workspace\Nam4\KHDL\vehicle-classification\traffic_vehicle_classification
Selected sources: duckduckgo
Target raw images per label: 3300
[START] bus: current=3150, target=3300
[DuckDuckGo] bus: keyword='bus terminal', remaining=150
[WARN] Failed to download DDG image for bus: 403 Client Error: Forbidden for url: https://thedesigngesture.com/wp-content/uploads/2021/12/10-8-1024x600.jpg
[WARN] Failed to download DDG image for bus: 403 Client Error: Forbidden for url: https://thedesigngesture.com/wp-content/uploads/2021/12/5-8-1024x600.jpg
[WARN] Failed to download DDG image for bus: 403 Client Error: Forbidden for url: https://thedesigngesture.com/wp-content/uploads/2021/12/6-9-1024x600.jpg
[WARN] Failed to download DDG image for bus: 403 Client Error: Forbidden for url: https://thedesigngesture.com/wp-content/uploads/2021/12/bus-terminal-cover-768x450.jpg
[WARN] Failed to download DDG image for bus: 403 Client Error: Forbidden for url: https://thedesigngesture.com/wp-content/uploads/2021/12/9-8-1024x600.jpg
[WARN] Failed to download DDG image for bus: 403 Client Error: Forbidden for url: https://thedesigngesture.com/wp-content/uploads/2021/12/2-12.jpg
[DuckDuckGo] bus: keyword='tour bus', remaining=121
[WARN] Failed to download DDG image for bus: 403 Client Error: Forbidden for url: https://people.com/thmb/pO9qlRI0mc0dI9T40htDO2uqbTU=/1500x0/filters:no_upscale():max_bytes(150000):strip_icc():focal(749x0:751x2)/Bert-Kreischer-bus-caught-on-fire-031526-7-a3ab7615af8042f986e98de69c4964e0.jpg
[WARN] Failed to download DDG image for bus: 403 Client Error: Forbidden for url: https://people.com/thmb/HI2gCYIO3Hs3BJMCdtH71IASpOQ=/1500x0/filters:no_upscale():max_bytes(150000):strip_icc():focal(749x0:751x2)/Canary-Islands-Bus-Crash-041326-b3baf455b14443b794ebe02dd7769de2.jpg
[WARN] Failed to download DDG image for bus: 406 Client Error: Not Acceptable for url: https://www.usatoday.com/gcdn/presto/2021/07/12/USAT/5c2af41a-f004-4ecf-9cda-da1532540fde-NY-01.png?crop=4125,2320,x653,y422&width=3200&height=1800&format=pjpg&auto=webp
[WARN] Failed to download DDG image for bus: HTTPSConnectionPool(host='www.usnews.com', port=443): Read timed out. (read timeout=15)
[WARN] Failed to download DDG image for bus: 403 Client Error: Forbidden for url: https://londonmymind.com/wp-content/uploads/2024/12/HOHO-Tours-in-London-Hero.png
[DuckDuckGo] bus: keyword='airport bus', remaining=91
[WARN] Failed to download DDG image for bus: HTTPSConnectionPool(host='www.solarisbus.com', port=443): Max retries exceeded with url: /public/assets/content/pojazdy/Pojazdy_specjalne/lotniskowe.jpg (Caused by ConnectTimeoutError(<HTTPSConnection(host='www.solarisbus.com', port=443) at 0x1fd5bf227d0>, 'Connection to www.solarisbus.com timed out. (connect timeout=15)'))
[WARN] Failed to download DDG image for bus: cannot identify image file <_io.BytesIO object at 0x000001FD5BF47100>
[DuckDuckGo] bus: keyword='articulated bus', remaining=58
[WARN] Failed to download DDG image for bus: HTTPSConnectionPool(host='cptdb.ca', port=443): Max retries exceeded with url: /wiki/images/thumb/a/ad/Mississauga_Transit_1360-a.jpg/600px-Mississauga_Transit_1360-a.jpg (Caused by NameResolutionError("HTTPSConnection(host='cptdb.ca', port=443): Failed to resolve 'cptdb.ca' ([Errno 11001] getaddrinfo failed)"))
[WARN] Failed to download DDG image for bus: 400 Client Error: Use thumbnail sizes listed on https://w.wiki/GHai for url: https://upload.wikimedia.org/wikipedia/commons/thumb/5/50/SMB8015R_858.jpg/440px-SMB8015R_858.jpg
[WARN] Failed to download DDG image for bus: 404 Client Error: Not Found for url: https://www.greaterdenvertransit.com/wp-content/uploads/bus_9310_01-scaled.jpg
[DuckDuckGo] bus: keyword='bus side view', remaining=26
[DONE] bus: raw_count=3300

[Crawl] label=car, source=naver, current_raw=3004, next_raw_goal=3154

$ C:\Users\Admin\AppData\Local\Programs\Python\Python310\python.exe scripts/crawl_images.py --labels car --sources naver --limit-per-label 3154
_________________________________
Current web-browser version:	148.0.7778.168
Current chrome-driver version:	148.0.7778.167
_________________________________
Collecting links... car photo from naver
Scrolling down
Scraping links
Collect links done. Site: naver, Keyword: car photo, Total: 491
Downloading images from collected links... car photo from naver
Downloading car photo from naver: 1 / 60
Downloading car photo from naver: 2 / 60
Downloading car photo from naver: 3 / 60
Downloading car photo from naver: 4 / 60
Downloading car photo from naver: 5 / 60
Downloading car photo from naver: 6 / 60
Downloading car photo from naver: 7 / 60
Downloading car photo from naver: 8 / 60
Downloading car photo from naver: 9 / 60
Downloading car photo from naver: 10 / 60
Downloading car photo from naver: 11 / 60
Downloading car photo from naver: 12 / 60
Downloading car photo from naver: 13 / 60
Downloading car photo from naver: 14 / 60
Downloading car photo from naver: 15 / 60
Downloading car photo from naver: 16 / 60
Downloading car photo from naver: 17 / 60
Downloading car photo from naver: 18 / 60
Downloading car photo from naver: 19 / 60
Downloading car photo from naver: 20 / 60
Downloading car photo from naver: 21 / 60
Downloading car photo from naver: 22 / 60
Downloading car photo from naver: 23 / 60
Downloading car photo from naver: 24 / 60
Downloading car photo from naver: 25 / 60
Downloading car photo from naver: 26 / 60
Downloading car photo from naver: 27 / 60
Downloading car photo from naver: 28 / 60
Downloading car photo from naver: 29 / 60
Downloading car photo from naver: 30 / 60
Downloading car photo from naver: 31 / 60
Downloading car photo from naver: 32 / 60
Downloading car photo from naver: 33 / 60
Downloading car photo from naver: 34 / 60
Downloading car photo from naver: 35 / 60
Downloading car photo from naver: 36 / 60
Downloading car photo from naver: 37 / 60
Downloading car photo from naver: 38 / 60
Downloading car photo from naver: 39 / 60
Downloading car photo from naver: 40 / 60
Downloading car photo from naver: 41 / 60
Downloading car photo from naver: 42 / 60
Downloading car photo from naver: 43 / 60
Downloading car photo from naver: 44 / 60
Downloading car photo from naver: 45 / 60
Downloading car photo from naver: 46 / 60
Downloading car photo from naver: 47 / 60
Downloading car photo from naver: 48 / 60
Downloading car photo from naver: 49 / 60
Downloading car photo from naver: 50 / 60
Downloading car photo from naver: 51 / 60
Downloading car photo from naver: 52 / 60
Downloading car photo from naver: 53 / 60
Downloading car photo from naver: 54 / 60
Downloading car photo from naver: 55 / 60
Downloading car photo from naver: 56 / 60
Downloading car photo from naver: 57 / 60
Downloading car photo from naver: 58 / 60
Downloading car photo from naver: 59 / 60
Downloading car photo from naver: 60 / 60
Done naver : car photo
_________________________________
Current web-browser version:	148.0.7778.168
Current chrome-driver version:	148.0.7778.167
_________________________________
Collecting links... car side view from naver
Scrolling down
Scraping links
Collect links done. Site: naver, Keyword: car side view, Total: 492
Downloading images from collected links... car side view from naver
Downloading car side view from naver: 1 / 60
Downloading car side view from naver: 2 / 60
Downloading car side view from naver: 3 / 60
Downloading car side view from naver: 4 / 60
Downloading car side view from naver: 5 / 60
Downloading car side view from naver: 6 / 60
Downloading car side view from naver: 7 / 60
Downloading car side view from naver: 8 / 60
Downloading car side view from naver: 9 / 60
Downloading car side view from naver: 10 / 60
Downloading car side view from naver: 11 / 60
Downloading car side view from naver: 12 / 60
Downloading car side view from naver: 13 / 60
Downloading car side view from naver: 14 / 60
Downloading car side view from naver: 15 / 60
Downloading car side view from naver: 16 / 60
Downloading car side view from naver: 17 / 60
Downloading car side view from naver: 18 / 60
Downloading car side view from naver: 19 / 60
Downloading car side view from naver: 20 / 60
Downloading car side view from naver: 21 / 60
Downloading car side view from naver: 22 / 60
Downloading car side view from naver: 23 / 60
Downloading car side view from naver: 24 / 60
Downloading car side view from naver: 25 / 60
Downloading car side view from naver: 26 / 60
Downloading car side view from naver: 27 / 60
Downloading car side view from naver: 28 / 60
Downloading car side view from naver: 29 / 60
Downloading car side view from naver: 30 / 60
Downloading car side view from naver: 31 / 60
Downloading car side view from naver: 32 / 60
Downloading car side view from naver: 33 / 60
Downloading car side view from naver: 34 / 60
Downloading car side view from naver: 35 / 60
Downloading car side view from naver: 36 / 60
Downloading car side view from naver: 37 / 60
Downloading car side view from naver: 38 / 60
Downloading car side view from naver: 39 / 60
Downloading car side view from naver: 40 / 60
Downloading car side view from naver: 41 / 60
Downloading car side view from naver: 42 / 60
Downloading car side view from naver: 43 / 60
Downloading car side view from naver: 44 / 60
Downloading car side view from naver: 45 / 60
Downloading car side view from naver: 46 / 60
Downloading car side view from naver: 47 / 60
Downloading car side view from naver: 48 / 60
Downloading car side view from naver: 49 / 60
Downloading car side view from naver: 50 / 60
Downloading car side view from naver: 51 / 60
Downloading car side view from naver: 52 / 60
Downloading car side view from naver: 53 / 60
Downloading car side view from naver: 54 / 60
Downloading car side view from naver: 55 / 60
Downloading car side view from naver: 56 / 60
Downloading car side view from naver: 57 / 60
Downloading car side view from naver: 58 / 60
Downloading car side view from naver: 59 / 60
Downloading car side view from naver: 60 / 60
Done naver : car side view
_________________________________
Current web-browser version:	148.0.7778.168
Current chrome-driver version:	148.0.7778.167
_________________________________
Collecting links... vehicle car from naver
Scrolling down
Scraping links
Collect links done. Site: naver, Keyword: vehicle car, Total: 493
Downloading images from collected links... vehicle car from naver
Downloading vehicle car from naver: 1 / 60
Downloading vehicle car from naver: 2 / 60
Downloading vehicle car from naver: 3 / 60
Downloading vehicle car from naver: 4 / 60
Downloading vehicle car from naver: 5 / 60
Downloading vehicle car from naver: 6 / 60
Downloading vehicle car from naver: 7 / 60
Downloading vehicle car from naver: 8 / 60
Downloading vehicle car from naver: 9 / 60
Downloading vehicle car from naver: 10 / 60
Downloading vehicle car from naver: 11 / 60
Downloading vehicle car from naver: 12 / 60
Downloading vehicle car from naver: 13 / 60
Downloading vehicle car from naver: 14 / 60
Downloading vehicle car from naver: 15 / 60
Downloading vehicle car from naver: 16 / 60
Downloading vehicle car from naver: 17 / 60
Downloading vehicle car from naver: 18 / 60
Downloading vehicle car from naver: 19 / 60
Downloading vehicle car from naver: 20 / 60
Downloading vehicle car from naver: 21 / 60
Downloading vehicle car from naver: 22 / 60
Downloading vehicle car from naver: 23 / 60
Downloading vehicle car from naver: 24 / 60
Downloading vehicle car from naver: 25 / 60
Downloading vehicle car from naver: 26 / 60
Downloading vehicle car from naver: 27 / 60
Downloading vehicle car from naver: 28 / 60
Downloading vehicle car from naver: 29 / 60
Downloading vehicle car from naver: 30 / 60
Downloading vehicle car from naver: 31 / 60
Downloading vehicle car from naver: 32 / 60
Downloading vehicle car from naver: 33 / 60
Downloading vehicle car from naver: 34 / 60
Downloading vehicle car from naver: 35 / 60
Downloading vehicle car from naver: 36 / 60
Options - skip:False, threads:4, google:False, naver:True, full_resolution:False, face:False, no_gui:False, limit:60, _proxy_list:['']
12 keywords found: ['black car street', 'car', 'car on street', 'car photo', 'car side view', 'compact car', 'family car', 'hatchback car', 'road car', 'sedan car', 'vehicle car', 'white car road']
Task ended. Pool join.
Data imbalance checking...
dir: download/black car street, file_count: 61
dir: download/car, file_count: 61
dir: download/car on street, file_count: 61
dir: download/car photo, file_count: 61
dir: download/car side view, file_count: 61
dir: download/compact car, file_count: 61
dir: download/family car, file_count: 61
dir: download/hatchback car, file_count: 61
dir: download/road car, file_count: 61
dir: download/sedan car, file_count: 61
dir: download/vehicle car, file_count: 61
dir: download/white car road, file_count: 61
Data imbalance not detected.
End Program
Project root: D:\Workspace\Nam4\KHDL\vehicle-classification\traffic_vehicle_classification
Selected sources: naver
Target raw images per label: 3154
[START] car: current=3004, target=3154
[AutoCrawler] car: crawling from naver
[DONE] car: raw_count=3154

[Crawl] label=car, source=duckduckgo, current_raw=3154, next_raw_goal=3304

$ C:\Users\Admin\AppData\Local\Programs\Python\Python310\python.exe scripts/crawl_images.py --labels car --sources duckduckgo --limit-per-label 3304
Project root: D:\Workspace\Nam4\KHDL\vehicle-classification\traffic_vehicle_classification
Selected sources: duckduckgo
Target raw images per label: 3304
[START] car: current=3154, target=3304
[DuckDuckGo] car: keyword='station wagon car', remaining=150
[WARN] Failed to download DDG image for car: 403 Client Error: Forbidden for url: https://www.curbsideclassic.com/wp-content/uploads/2024/04/Captura-de-pantalla-2024-04-25-16.20.45.jpg
[WARN] Failed to download DDG image for car: 403 Client Error: Forbidden for url: https://s1.cdn.autoevolution.com/images/news/gallery/5-potent-station-wagons-from-the-golden-age-of-muscle-cars_12.jpg
[DuckDuckGo] car: keyword='car front view', remaining=111
[WARN] Failed to download DDG image for car: HTTPSConnectionPool(host='thumbs.dreamstime.com', port=443): Max retries exceeded with url: /z/compact-silver-car-front-view-11205612.jpg (Caused by ConnectTimeoutError(<HTTPSConnection(host='thumbs.dreamstime.com', port=443) at 0x1c4953dfb80>, 'Connection to thumbs.dreamstime.com timed out. (connect timeout=15)'))
[DuckDuckGo] car: keyword='electric car', remaining=77
[WARN] Failed to download DDG image for car: 403 Client Error: Forbidden for url: https://www.financialexpress.com/wp-content/uploads/2024/12/Upcoming-EVs-2025.jpg?resize=620
[WARN] Failed to download DDG image for car: 403 Client Error: Forbidden for url: https://www.financialexpress.com/wp-content/uploads/2025/05/Upcoming-electric-cars-2025.jpg?resize=300
[WARN] Failed to download DDG image for car: 404 Client Error: Not Found for url: https://cdni.autocarindia.com/ExtraImages/20250909034250_World+EV+Day+2025+Collage+Web.jpg?w=728&q=75
[WARN] Failed to download DDG image for car: HTTPSConnectionPool(host='racapi.whitespacers.com', port=443): Max retries exceeded with url: /drive/images/uploads/content/best-electric-cars-2019-kona-electric.jpg (Caused by NameResolutionError("HTTPSConnection(host='racapi.whitespacers.com', port=443): Failed to resolve 'racapi.whitespacers.com' ([Errno 11001] getaddrinfo failed)"))
[DuckDuckGo] car: keyword='hybrid car', remaining=46
[WARN] Failed to download DDG image for car: cannot identify image file <_io.BytesIO object at 0x000001C495403150>
[DuckDuckGo] car: keyword='modern car', remaining=12
[WARN] Failed to download DDG image for car: cannot identify image file <_io.BytesIO object at 0x000001C49547F100>
[WARN] Failed to download DDG image for car: cannot identify image file <_io.BytesIO object at 0x000001C49547FD80>
[DONE] car: raw_count=3304

[Crawl] label=helicopter, source=naver, current_raw=3000, next_raw_goal=3150

$ C:\Users\Admin\AppData\Local\Programs\Python\Python310\python.exe scripts/crawl_images.py --labels helicopter --sources naver --limit-per-label 3150
_________________________________
Current web-browser version:	148.0.7778.168
Current chrome-driver version:	148.0.7778.167
_________________________________
Collecting links... civilian helicopter from naver
Scrolling down
Scraping links
Collect links done. Site: naver, Keyword: civilian helicopter, Total: 258
Downloading images from collected links... civilian helicopter from naver
Downloading civilian helicopter from naver: 1 / 60
Downloading civilian helicopter from naver: 2 / 60
Downloading civilian helicopter from naver: 3 / 60
Downloading civilian helicopter from naver: 4 / 60
Downloading civilian helicopter from naver: 5 / 60
Downloading civilian helicopter from naver: 6 / 60
Downloading civilian helicopter from naver: 7 / 60
Downloading civilian helicopter from naver: 8 / 60
Downloading civilian helicopter from naver: 9 / 60
Downloading civilian helicopter from naver: 10 / 60
Downloading civilian helicopter from naver: 11 / 60
Downloading civilian helicopter from naver: 12 / 60
Downloading civilian helicopter from naver: 13 / 60
Downloading civilian helicopter from naver: 14 / 60
Downloading civilian helicopter from naver: 15 / 60
Downloading civilian helicopter from naver: 16 / 60
Downloading civilian helicopter from naver: 17 / 60
Downloading civilian helicopter from naver: 18 / 60
Downloading civilian helicopter from naver: 19 / 60
Downloading civilian helicopter from naver: 20 / 60
Downloading civilian helicopter from naver: 21 / 60
Downloading civilian helicopter from naver: 22 / 60
Downloading civilian helicopter from naver: 23 / 60
Downloading civilian helicopter from naver: 24 / 60
Downloading civilian helicopter from naver: 25 / 60
Downloading civilian helicopter from naver: 26 / 60
Downloading civilian helicopter from naver: 27 / 60
Downloading civilian helicopter from naver: 28 / 60
Downloading civilian helicopter from naver: 29 / 60
Downloading civilian helicopter from naver: 30 / 60
Downloading civilian helicopter from naver: 31 / 60
Downloading civilian helicopter from naver: 32 / 60
Downloading civilian helicopter from naver: 33 / 60
Downloading civilian helicopter from naver: 34 / 60
Downloading civilian helicopter from naver: 35 / 60
Downloading civilian helicopter from naver: 36 / 60
Downloading civilian helicopter from naver: 37 / 60
Downloading civilian helicopter from naver: 38 / 60
Downloading civilian helicopter from naver: 39 / 60
Downloading civilian helicopter from naver: 40 / 60
Downloading civilian helicopter from naver: 41 / 60
Downloading civilian helicopter from naver: 42 / 60
Downloading civilian helicopter from naver: 43 / 60
Downloading civilian helicopter from naver: 44 / 60
Downloading civilian helicopter from naver: 45 / 60
Downloading civilian helicopter from naver: 46 / 60
Downloading civilian helicopter from naver: 47 / 60
Downloading civilian helicopter from naver: 48 / 60
Downloading civilian helicopter from naver: 49 / 60
Downloading civilian helicopter from naver: 50 / 60
Downloading civilian helicopter from naver: 51 / 60
Downloading civilian helicopter from naver: 52 / 60
Downloading civilian helicopter from naver: 53 / 60
Downloading civilian helicopter from naver: 54 / 60
Downloading civilian helicopter from naver: 55 / 60
Downloading civilian helicopter from naver: 56 / 60
Downloading civilian helicopter from naver: 57 / 60
Downloading civilian helicopter from naver: 58 / 60
Downloading civilian helicopter from naver: 59 / 60
Downloading civilian helicopter from naver: 60 / 60
Done naver : civilian helicopter
_________________________________
Current web-browser version:	148.0.7778.168
Current chrome-driver version:	148.0.7778.167
_________________________________
Collecting links... helicopter landing from naver
Scrolling down
Scraping links
Collect links done. Site: naver, Keyword: helicopter landing, Total: 490
Downloading images from collected links... helicopter landing from naver
Downloading helicopter landing from naver: 1 / 60
Downloading helicopter landing from naver: 2 / 60
Downloading helicopter landing from naver: 3 / 60
Downloading helicopter landing from naver: 4 / 60
Downloading helicopter landing from naver: 5 / 60
Downloading helicopter landing from naver: 6 / 60
Downloading helicopter landing from naver: 7 / 60
Downloading helicopter landing from naver: 8 / 60
Downloading helicopter landing from naver: 9 / 60
Downloading helicopter landing from naver: 10 / 60
Downloading helicopter landing from naver: 11 / 60
Downloading helicopter landing from naver: 12 / 60
Downloading helicopter landing from naver: 13 / 60
Downloading helicopter landing from naver: 14 / 60
Downloading helicopter landing from naver: 15 / 60
Downloading helicopter landing from naver: 16 / 60
Downloading helicopter landing from naver: 17 / 60
Downloading helicopter landing from naver: 18 / 60
Downloading helicopter landing from naver: 19 / 60
Downloading helicopter landing from naver: 20 / 60
Downloading helicopter landing from naver: 21 / 60
Downloading helicopter landing from naver: 22 / 60
Downloading helicopter landing from naver: 23 / 60
Downloading helicopter landing from naver: 24 / 60
Downloading helicopter landing from naver: 25 / 60
Downloading helicopter landing from naver: 26 / 60
Downloading helicopter landing from naver: 27 / 60
Downloading helicopter landing from naver: 28 / 60
Downloading helicopter landing from naver: 29 / 60
Downloading helicopter landing from naver: 30 / 60
Downloading helicopter landing from naver: 31 / 60
Downloading helicopter landing from naver: 32 / 60
Downloading helicopter landing from naver: 33 / 60
Downloading helicopter landing from naver: 34 / 60
Downloading helicopter landing from naver: 35 / 60
Downloading helicopter landing from naver: 36 / 60
Downloading helicopter landing from naver: 37 / 60
Downloading helicopter landing from naver: 38 / 60
Downloading helicopter landing from naver: 39 / 60
Downloading helicopter landing from naver: 40 / 60
Downloading helicopter landing from naver: 41 / 60
Downloading helicopter landing from naver: 42 / 60
Downloading helicopter landing from naver: 43 / 60
Downloading helicopter landing from naver: 44 / 60
Downloading helicopter landing from naver: 45 / 60
Downloading helicopter landing from naver: 46 / 60
Downloading helicopter landing from naver: 47 / 60
Downloading helicopter landing from naver: 48 / 60
Downloading helicopter landing from naver: 49 / 60
Downloading helicopter landing from naver: 50 / 60
Downloading helicopter landing from naver: 51 / 60
Downloading helicopter landing from naver: 52 / 60
Downloading helicopter landing from naver: 53 / 60
Downloading helicopter landing from naver: 54 / 60
Downloading helicopter landing from naver: 55 / 60
Downloading helicopter landing from naver: 56 / 60
Downloading helicopter landing from naver: 57 / 60
Downloading helicopter landing from naver: 58 / 60
Downloading helicopter landing from naver: 59 / 60
Downloading helicopter landing from naver: 60 / 60
Done naver : helicopter landing
_________________________________
Current web-browser version:	148.0.7778.168
Current chrome-driver version:	148.0.7778.167
_________________________________
Collecting links... police helicopter from naver
Scrolling down
Scraping links
Collect links done. Site: naver, Keyword: police helicopter, Total: 485
Downloading images from collected links... police helicopter from naver
Downloading police helicopter from naver: 1 / 60
Downloading police helicopter from naver: 2 / 60
Downloading police helicopter from naver: 3 / 60
Downloading police helicopter from naver: 4 / 60
Downloading police helicopter from naver: 5 / 60
Downloading police helicopter from naver: 6 / 60
Downloading police helicopter from naver: 7 / 60
Downloading police helicopter from naver: 8 / 60
Downloading police helicopter from naver: 9 / 60
Downloading police helicopter from naver: 10 / 60
Downloading police helicopter from naver: 11 / 60
Downloading police helicopter from naver: 12 / 60
Downloading police helicopter from naver: 13 / 60
Options - skip:False, threads:4, google:False, naver:True, full_resolution:False, face:False, no_gui:False, limit:60, _proxy_list:['']
12 keywords found: ['civilian helicopter', 'helicopter', 'helicopter flying', 'helicopter ground', 'helicopter landing', 'helicopter photo', 'military helicopter', 'modern helicopter', 'police helicopter', 'real helicopter', 'rescue helicopter', 'transport helicopter']
Task ended. Pool join.
Data imbalance checking...
dir: download/civilian helicopter, file_count: 61
dir: download/helicopter, file_count: 61
dir: download/helicopter flying, file_count: 61
dir: download/helicopter ground, file_count: 61
dir: download/helicopter landing, file_count: 61
dir: download/helicopter photo, file_count: 61
dir: download/military helicopter, file_count: 61
dir: download/modern helicopter, file_count: 61
dir: download/police helicopter, file_count: 61
dir: download/real helicopter, file_count: 61
dir: download/rescue helicopter, file_count: 61
dir: download/transport helicopter, file_count: 61
Data imbalance not detected.
End Program
Project root: D:\Workspace\Nam4\KHDL\vehicle-classification\traffic_vehicle_classification
Selected sources: naver
Target raw images per label: 3150
[START] helicopter: current=3000, target=3150
[AutoCrawler] helicopter: crawling from naver
[DONE] helicopter: raw_count=3150

[Crawl] label=helicopter, source=duckduckgo, current_raw=3150, next_raw_goal=3300

$ C:\Users\Admin\AppData\Local\Programs\Python\Python310\python.exe scripts/crawl_images.py --labels helicopter --sources duckduckgo --limit-per-label 3300
Project root: D:\Workspace\Nam4\KHDL\vehicle-classification\traffic_vehicle_classification
Selected sources: duckduckgo
Target raw images per label: 3300
[START] helicopter: current=3150, target=3300
[DuckDuckGo] helicopter: keyword='cargo helicopter', remaining=150
[WARN] Failed to download DDG image for helicopter: 403 Client Error: Forbidden for url: https://media.defense.gov/2023/Apr/12/2003198343/1920/1080/0/230411-Z-KZ880-774.JPG
[WARN] Failed to download DDG image for helicopter: HTTPSConnectionPool(host='armedforces.eu', port=443): Max retries exceeded with url: /Images/Helicopters/CH-47.jpg (Caused by SSLError(SSLCertVerificationError(1, '[SSL: CERTIFICATE_VERIFY_FAILED] certificate verify failed: certificate has expired (_ssl.c:1007)')))
[WARN] Failed to download DDG image for helicopter: 403 Client Error: Forbidden for url: https://www.militaryfactory.com/aircraft/imgs/lrg/boeing-vertol-ch47-chinook-tandem-rotor-heavy-lift-transport-helicopter.jpg
[DuckDuckGo] helicopter: keyword='helicopter side view', remaining=118
[DuckDuckGo] helicopter: keyword='helicopter front view', remaining=117
[DuckDuckGo] helicopter: keyword='utility helicopter', remaining=116
[WARN] Failed to download DDG image for helicopter: 403 Client Error: Forbidden for url: https://helicopted.com/wp-content/uploads/2025/01/Utility-Helicopters-Explained-Versatility-in-the-Skies.webp
[WARN] Failed to download DDG image for helicopter: HTTPSConnectionPool(host='thumbs.dreamstime.com', port=443): Read timed out. (read timeout=15)
[WARN] Failed to download DDG image for helicopter: HTTPSConnectionPool(host='thumbs.dreamstime.com', port=443): Read timed out. (read timeout=15)
[WARN] Failed to download DDG image for helicopter: HTTPSConnectionPool(host='www.3dmolier-studio.com', port=443): Read timed out. (read timeout=15)
[DuckDuckGo] helicopter: keyword='private helicopter', remaining=85
[WARN] Failed to download DDG image for helicopter: 403 Client Error: Forbidden for url: https://helicopted.com/wp-content/uploads/2025/01/Top-Luxury-Helicopters-of-the-Year-Innovations-in-Airborne-Elegance.webp
[WARN] Failed to download DDG image for helicopter: 404 Client Error: Not Found for url: https://www.icarusjet.com/wp-content/uploads/2023/07/private-helicopters.jpg
[WARN] Failed to download DDG image for helicopter: 403 Client Error: Forbidden for url: https://s1.cdn.autoevolution.com/images/news/gallery/groundbreaking-665k-luxury-private-helicopter-boasts-cutting-edge-composite-technology_3.jpg
[WARN] Failed to download DDG image for helicopter: 403 Client Error: Forbidden for url: https://www.fairlifts.com/wp-content/uploads/2025/01/most-expensive-private-helicopters.jpg
[WARN] Failed to download DDG image for helicopter: 403 Client Error: Forbidden for url: https://s1.cdn.autoevolution.com/images/news/hill-s-hx50-personal-helicopter-is-finally-here-take-a-look-at-the-wonder-they-pulled-off-226903-7.jpg
[WARN] Failed to download DDG image for helicopter: 404 Client Error: Not Found for url: https://i.ytimg.com/vi/L_nlay3Knjw/maxresdefault.jpg
[WARN] Failed to download DDG image for helicopter: 403 Client Error: Forbidden for url: https://s1.cdn.autoevolution.com/images/news/gallery/hill-s-hx50-personal-helicopter-is-finally-here-take-a-look-at-the-wonder-they-pulled-off_3.jpg
[DuckDuckGo] helicopter: keyword='helicopter airport', remaining=57
[WARN] Failed to download DDG image for helicopter: 403 Client Error: Forbidden for url: https://www.politico.com/dims4/default/resize/630/quality/90/format/webp?url=https://static.politico.com/45/e4/b3064a5a41bca6ee73df0ad50765/aircraft-down-58242.jpg
[WARN] Failed to download DDG image for helicopter: 403 Client Error: Forbidden for url: https://rescueradar.co.uk/map/detail/2026/05/14/376127/air-ambulance-helicopter-g-crwl-to-cornwall-airport-newquay_590x300_9999.webp
[WARN] Failed to download DDG image for helicopter: 403 Client Error: Forbidden for url: https://rescueradar.co.uk/map/detail/2026/05/15/377088/coastguard-helicopter-g-mcgo-to-carlisle-lake-district-airport_590x300_9999.webp
[DuckDuckGo] helicopter: keyword='medical helicopter', remaining=25
[WARN] Failed to download DDG image for helicopter: 403 Client Error: Forbidden for url: https://p7.hiclipart.com/preview/770/1/214/national-shrine-of-our-lady-of-fatima-our-lady-of-fatima-university-quezon-city-educational-institution-olfu-logo.jpg
[DuckDuckGo] helicopter: keyword='coast guard helicopter', remaining=25
[WARN] Failed to download DDG image for helicopter: 403 Client Error: Forbidden for url: https://chuckhillscgblog.net/wp-content/uploads/2024/08/mh60t_cgas-ventura.png
[DONE] helicopter: raw_count=3300

[Crawl] label=minibus, source=naver, current_raw=3000, next_raw_goal=3150

$ C:\Users\Admin\AppData\Local\Programs\Python\Python310\python.exe scripts/crawl_images.py --labels minibus --sources naver --limit-per-label 3150
_________________________________
Current web-browser version:	148.0.7778.168
Current chrome-driver version:	148.0.7778.167
_________________________________
Collecting links... commuter minibus from naver
Scrolling down
Scraping links
Collect links done. Site: naver, Keyword: commuter minibus, Total: 4
Downloading images from collected links... commuter minibus from naver
Downloading commuter minibus from naver: 1 / 60
Downloading commuter minibus from naver: 2 / 60
Downloading commuter minibus from naver: 3 / 60
Downloading commuter minibus from naver: 4 / 60
Done naver : commuter minibus
_________________________________
Current web-browser version:	148.0.7778.168
Current chrome-driver version:	148.0.7778.167
_________________________________
Collecting links... minibus parked from naver
Scrolling down
Scraping links
Collect links done. Site: naver, Keyword: minibus parked, Total: 56
Downloading images from collected links... minibus parked from naver
Downloading minibus parked from naver: 1 / 60
Downloading minibus parked from naver: 2 / 60
Downloading minibus parked from naver: 3 / 60
Downloading minibus parked from naver: 4 / 60
Downloading minibus parked from naver: 5 / 60
Downloading minibus parked from naver: 6 / 60
Downloading minibus parked from naver: 7 / 60
Downloading minibus parked from naver: 8 / 60
Downloading minibus parked from naver: 9 / 60
Downloading minibus parked from naver: 10 / 60
Downloading minibus parked from naver: 11 / 60
Downloading minibus parked from naver: 12 / 60
Downloading minibus parked from naver: 13 / 60
Downloading minibus parked from naver: 14 / 60
Downloading minibus parked from naver: 15 / 60
Downloading minibus parked from naver: 16 / 60
Downloading minibus parked from naver: 17 / 60
Downloading minibus parked from naver: 18 / 60
Downloading minibus parked from naver: 19 / 60
Downloading minibus parked from naver: 20 / 60
Downloading minibus parked from naver: 21 / 60
Downloading minibus parked from naver: 22 / 60
Downloading minibus parked from naver: 23 / 60
Downloading minibus parked from naver: 24 / 60
Downloading minibus parked from naver: 25 / 60
Downloading minibus parked from naver: 26 / 60
Downloading minibus parked from naver: 27 / 60
Downloading minibus parked from naver: 28 / 60
Downloading minibus parked from naver: 29 / 60
Downloading minibus parked from naver: 30 / 60
Downloading minibus parked from naver: 31 / 60
Downloading minibus parked from naver: 32 / 60
Downloading minibus parked from naver: 33 / 60
Downloading minibus parked from naver: 34 / 60
Downloading minibus parked from naver: 35 / 60
Downloading minibus parked from naver: 36 / 60
Downloading minibus parked from naver: 37 / 60
Downloading minibus parked from naver: 38 / 60
Downloading minibus parked from naver: 39 / 60
Downloading minibus parked from naver: 40 / 60
Downloading minibus parked from naver: 41 / 60
Downloading minibus parked from naver: 42 / 60
Downloading minibus parked from naver: 43 / 60
Downloading minibus parked from naver: 44 / 60
Downloading minibus parked from naver: 45 / 60
Downloading minibus parked from naver: 46 / 60
Downloading minibus parked from naver: 47 / 60
Downloading minibus parked from naver: 48 / 60
Downloading minibus parked from naver: 49 / 60
Downloading minibus parked from naver: 50 / 60
Downloading minibus parked from naver: 51 / 60
Downloading minibus parked from naver: 52 / 60
Downloading minibus parked from naver: 53 / 60
Downloading minibus parked from naver: 54 / 60
Downloading minibus parked from naver: 55 / 60
Downloading minibus parked from naver: 56 / 60
Done naver : minibus parked
_________________________________
Current web-browser version:	148.0.7778.168
Current chrome-driver version:	148.0.7778.167
_________________________________
Collecting links... shuttle minibus from naver
Scrolling down
Scraping links
Collect links done. Site: naver, Keyword: shuttle minibus, Total: 100
Downloading images from collected links... shuttle minibus from naver
Downloading shuttle minibus from naver: 1 / 60
Downloading shuttle minibus from naver: 2 / 60
Downloading shuttle minibus from naver: 3 / 60
Downloading shuttle minibus from naver: 4 / 60
Downloading shuttle minibus from naver: 5 / 60
Downloading shuttle minibus from naver: 6 / 60
Downloading shuttle minibus from naver: 7 / 60
Downloading shuttle minibus from naver: 8 / 60
Downloading shuttle minibus from naver: 9 / 60
Downloading shuttle minibus from naver: 10 / 60
Downloading shuttle minibus from naver: 11 / 60
Downloading shuttle minibus from naver: 12 / 60
Downloading shuttle minibus from naver: 13 / 60
Downloading shuttle minibus from naver: 14 / 60
Downloading shuttle minibus from naver: 15 / 60
Downloading shuttle minibus from naver: 16 / 60
Downloading shuttle minibus from naver: 17 / 60
Downloading shuttle minibus from naver: 18 / 60
Downloading shuttle minibus from naver: 19 / 60
Downloading shuttle minibus from naver: 20 / 60
Downloading shuttle minibus from naver: 21 / 60
Downloading shuttle minibus from naver: 22 / 60
Downloading shuttle minibus from naver: 23 / 60
Downloading shuttle minibus from naver: 24 / 60
Downloading shuttle minibus from naver: 25 / 60
Downloading shuttle minibus from naver: 26 / 60
Downloading shuttle minibus from naver: 27 / 60
Downloading shuttle minibus from naver: 28 / 60
Downloading shuttle minibus from naver: 29 / 60
Downloading shuttle minibus from naver: 30 / 60
Downloading shuttle minibus from naver: 31 / 60
Downloading shuttle minibus from naver: 32 / 60
Downloading shuttle minibus from naver: 33 / 60
Downloading shuttle minibus from naver: 34 / 60
Downloading shuttle minibus from naver: 35 / 60
Downloading shuttle minibus from naver: 36 / 60
Downloading shuttle minibus from naver: 37 / 60
Downloading shuttle minibus from naver: 38 / 60
Downloading shuttle minibus from naver: 39 / 60
Downloading shuttle minibus from naver: 40 / 60
Downloading shuttle minibus from naver: 41 / 60
Downloading shuttle minibus from naver: 42 / 60
Downloading shuttle minibus from naver: 43 / 60
Downloading shuttle minibus from naver: 44 / 60
Downloading shuttle minibus from naver: 45 / 60
Downloading shuttle minibus from naver: 46 / 60
Downloading shuttle minibus from naver: 47 / 60
Downloading shuttle minibus from naver: 48 / 60
Downloading shuttle minibus from naver: 49 / 60
Downloading shuttle minibus from naver: 50 / 60
Downloading shuttle minibus from naver: 51 / 60
Downloading shuttle minibus from naver: 52 / 60
Downloading shuttle minibus from naver: 53 / 60
Downloading shuttle minibus from naver: 54 / 60
Downloading shuttle minibus from naver: 55 / 60
Downloading shuttle minibus from naver: 56 / 60
Downloading shuttle minibus from naver: 57 / 60
Downloading shuttle minibus from naver: 58 / 60
Downloading shuttle minibus from naver: 59 / 60
Downloading shuttle minibus from naver: 60 / 60
Done naver : shuttle minibus
Options - skip:False, threads:4, google:False, naver:True, full_resolution:False, face:False, no_gui:False, limit:60, _proxy_list:['']
12 keywords found: ['commuter minibus', 'mini bus', 'minibus', 'minibus on road', 'minibus parked', 'minibus photo', 'minibus side view', 'passenger minibus', 'shuttle minibus', 'small bus', 'van minibus', 'white minibus']
Task ended. Pool join.
Data imbalance checking...
dir: download/commuter minibus, file_count: 5
dir: download/mini bus, file_count: 61
dir: download/minibus, file_count: 61
dir: download/minibus on road, file_count: 61
dir: download/minibus parked, file_count: 57
dir: download/minibus photo, file_count: 61
dir: download/minibus side view, file_count: 61
dir: download/passenger minibus, file_count: 61
dir: download/shuttle minibus, file_count: 61
dir: download/small bus, file_count: 61
dir: download/van minibus, file_count: 61
dir: download/white minibus, file_count: 61
Data imbalance detected.
Below keywords have smaller than 50% of average file count.
I recommend you to remove these directories and re-download for that keyword.
_________________________________
Too small file count directories:
dir: download/commuter minibus, file_count: 5
Remove directories above? (y/n)
End Program
Project root: D:\Workspace\Nam4\KHDL\vehicle-classification\traffic_vehicle_classification
Selected sources: naver
Target raw images per label: 3150
[START] minibus: current=3000, target=3150
[AutoCrawler] minibus: crawling from naver
[DONE] minibus: raw_count=3150

[Crawl] label=minibus, source=duckduckgo, current_raw=3150, next_raw_goal=3300

$ C:\Users\Admin\AppData\Local\Programs\Python\Python310\python.exe scripts/crawl_images.py --labels minibus --sources duckduckgo --limit-per-label 3300
Project root: D:\Workspace\Nam4\KHDL\vehicle-classification\traffic_vehicle_classification
Selected sources: duckduckgo
Target raw images per label: 3300
[START] minibus: current=3150, target=3300
[DuckDuckGo] minibus: keyword='microbus vehicle', remaining=150
[WARN] Failed to download DDG image for minibus: 403 Client Error: Forbidden for url: http://car-from-uk.com/ebay/carphotos/full/ebay391107.jpg
[WARN] Failed to download DDG image for minibus: HTTPSConnectionPool(host='www.conceptcarz.com', port=443): Max retries exceeded with url: /images/Volkswagen/vw_microbus_HR_manu-r2.jpg (Caused by ConnectTimeoutError(<HTTPSConnection(host='www.conceptcarz.com', port=443) at 0x1ef9a616800>, 'Connection to www.conceptcarz.com timed out. (connect timeout=15)'))
[WARN] Failed to download DDG image for minibus: 404 Client Error: Not Found for url: https://www.namcars.net/image/1998-Volkswagen-MICROBUS-2.3I-2147483698-5314379_1.jpg
[WARN] Failed to download DDG image for minibus: 404 Client Error: Not Found for url: https://www.shebarentacar.com/wp-content/uploads/2020/11/sheba-rent-a-car_micro-bus-1536x878.jpg
[WARN] Failed to download DDG image for minibus: HTTPSConnectionPool(host='media.cbs8.com', port=443): Max retries exceeded with url: /assets/KFMB/images/7da357d5-7144-4c0b-8e4a-2ee53c9fb481/20241231T004104/7da357d5-7144-4c0b-8e4a-2ee53c9fb481_1140x641.jpg (Caused by NameResolutionError("HTTPSConnection(host='media.cbs8.com', port=443): Failed to resolve 'media.cbs8.com' ([Errno 11001] getaddrinfo failed)"))
[WARN] Failed to download DDG image for minibus: 403 Client Error: Forbidden for url: https://photos.webuycars.co.za/photobooth/516709854/Feed/5167098540.jpeg
[WARN] Failed to download DDG image for minibus: 403 Client Error: Forbidden for url: https://eu.amcdn.co.za/cars/vw-microbus-1998-id-65723167-type-main.jpg?width=400
[WARN] Failed to download DDG image for minibus: 403 Client Error: Forbidden for url: https://images.hgmsites.net/hug/volkswagen-id-buzz-cargo-concept_100671414_h.jpg
[WARN] Failed to download DDG image for minibus: 403 Client Error: Forbidden for url: https://images.rawpixel.com/image_social_landscape/cHJpdmF0ZS9sci9pbWFnZXMvd2Vic2l0ZS8yMDIzLTA5L3Jhd3BpeGVsb2ZmaWNlOV9tZWRpdW1fc2hvdF9waG90b2dyYXBoX2FfYmxhbmtfd2hpdGVfbWluaV9idXNfdl80MjA4ODFjNi0wODlmLTQ4ZjktOThhMS03ZWJlNzZjYjU1MmYtcm02OTMtbW9ja3VwXzEuanBn.jpg
[WARN] Failed to download DDG image for minibus: 403 Client Error: Forbidden for url: https://www.stuff.tv/wp-content/uploads/sites/2/2022/01/vw-microbus-1.jpg
[WARN] Failed to download DDG image for minibus: HTTPSConnectionPool(host='picolio.auto123.com', port=443): Max retries exceeded with url: /auto123tv/images/cd/il/Volkswagen-Microbus-1962-02.JPG (Caused by ConnectTimeoutError(<HTTPSConnection(host='picolio.auto123.com', port=443) at 0x1ef9b636ad0>, 'Connection to picolio.auto123.com timed out. (connect timeout=15)'))
[WARN] Failed to download DDG image for minibus: 403 Client Error: Forbidden for url: https://images.hgmsites.net/hug/volkswagen_100588438_h.jpg
[WARN] Failed to download DDG image for minibus: HTTPSConnectionPool(host='www.conceptcarz.com', port=443): Max retries exceeded with url: /images/articleimages/vw-23-window-microbus-car-classic-1024.jpg (Caused by ConnectTimeoutError(<HTTPSConnection(host='www.conceptcarz.com', port=443) at 0x1ef9b636980>, 'Connection to www.conceptcarz.com timed out. (connect timeout=15)'))
[WARN] Failed to download DDG image for minibus: HTTPSConnectionPool(host='picolio.auto123.com', port=443): Max retries exceeded with url: /auto123-media/articles/2019/4/65786/Volkswagen-Microbus-1962-12fr.JPG (Caused by ConnectTimeoutError(<HTTPSConnection(host='picolio.auto123.com', port=443) at 0x1ef9b636a70>, 'Connection to picolio.auto123.com timed out. (connect timeout=15)'))
[WARN] Failed to download DDG image for minibus: HTTPSConnectionPool(host='www.conceptcarz.com', port=443): Max retries exceeded with url: /images/Volkswagen/64_VW_21Window_Deluxe_Microbus_DV-06-RMM-01.jpg (Caused by ConnectTimeoutError(<HTTPSConnection(host='www.conceptcarz.com', port=443) at 0x1ef9b637b50>, 'Connection to www.conceptcarz.com timed out. (connect timeout=15)'))
[WARN] Failed to download DDG image for minibus: HTTPSConnectionPool(host='www.conceptcarz.com', port=443): Max retries exceeded with url: /images/Volkswagen/64-VW_Type-2_microbus-dv-23-bq-1-800.jpg (Caused by ConnectTimeoutError(<HTTPSConnection(host='www.conceptcarz.com', port=443) at 0x1ef9b6375e0>, 'Connection to www.conceptcarz.com timed out. (connect timeout=15)'))
[WARN] Failed to download DDG image for minibus: HTTPSConnectionPool(host='www.conceptcarz.com', port=443): Max retries exceeded with url: /images/Volkswagen/66_VW_Deluxe_Microbus_DV-06-PBI_01-800.jpg (Caused by ConnectTimeoutError(<HTTPSConnection(host='www.conceptcarz.com', port=443) at 0x1ef9b59d270>, 'Connection to www.conceptcarz.com timed out. (connect timeout=15)'))
[WARN] Failed to download DDG image for minibus: 403 Client Error: Forbidden for url: https://www.barrett-jackson.com/_next/image?url=https://BarrettJacksonCDN.azureedge.net/staging/carlist/items/fullsize/cars/218326/218326_Rear_3-4_Web.jpg&w=2048&q=75
[WARN] Failed to download DDG image for minibus: 403 Client Error: Forbidden for url: https://www.barrett-jackson.com/_next/image?url=https://BarrettJacksonCDN.azureedge.net/staging/carlist/items/fullsize/cars/271332/271332_Front_3-4_Web.jpg&w=2048&q=75
[WARN] Failed to download DDG image for minibus: 403 Client Error: Forbidden for url: https://www.barrett-jackson.com/_next/image?url=https://BarrettJacksonCDN.azureedge.net/staging/carlist/items/fullsize/cars/212345/212345_Rear_3-4_Web.jpg&w=2048&q=75
[WARN] Failed to download DDG image for minibus: 403 Client Error: Forbidden for url: https://www.barrett-jackson.com/_next/image?url=https://BarrettJacksonCDN.azureedge.net/staging/carlist/items/fullsize/cars/210875/210875_Rear_3-4_Web.jpg&w=2048&q=75
[WARN] Failed to download DDG image for minibus: HTTPSConnectionPool(host='www.conceptcarz.com', port=443): Max retries exceeded with url: /images/Volkswagen/64_vw-deluxe-microbus-dv-18-rma-03-800.jpg (Caused by ConnectTimeoutError(<HTTPSConnection(host='www.conceptcarz.com', port=443) at 0x1ef9b66c5e0>, 'Connection to www.conceptcarz.com timed out. (connect timeout=15)'))
[WARN] Failed to download DDG image for minibus: 404 Client Error: Not Found for url: https://davidsclassiccars.com/images/full/1964-volkswagen-21-window-deluxe-microbus-5.jpg
[WARN] Failed to download DDG image for minibus: 403 Client Error: Forbidden for url: https://eu.amcdn.co.za/cars/vw-microbus-1998-id-63967913-type-main.jpg?width=400
[WARN] Failed to download DDG image for minibus: 404 Client Error: Not Found for url: https://www.namcars.net/image/1998-Volkswagen-MICROBUS-2.3I-2147483698-5314379_2.jpg
[DuckDuckGo] minibus: keyword='minibus highway', remaining=95
[DuckDuckGo] minibus: keyword='hotel minibus', remaining=60
[WARN] Failed to download DDG image for minibus: 403 Client Error: Forbidden for url: https://commercial.mobilityworks.com/wp-content/uploads/2019/11/hotel-shuttle-new-768x463.jpg
[WARN] Failed to download DDG image for minibus: 403 Client Error: Forbidden for url: https://taxihoteles.com/wp-content/uploads/2020/12/MINI-BUS.jpg
[WARN] Failed to download DDG image for minibus: 403 Client Error: Forbidden for url: https://www.model1.com/locations/portland-or/corporate/images/hotelcasinobanner.webp
[WARN] Failed to download DDG image for minibus: cannot identify image file <_io.BytesIO object at 0x000001EF9B6572E0>
[WARN] Failed to download DDG image for minibus: 403 Client Error: Forbidden for url: https://bostoncoachway.com/wp-content/uploads/2025/09/shuttle-bus-airport-service.webp
[WARN] Failed to download DDG image for minibus: 403 Client Error: Forbidden for url: https://www.platinumvipchauffeurs.co.uk/executivetravel_files/small-199.jpg
[WARN] Failed to download DDG image for minibus: 404 Client Error: Not Found for url: https://www.touristtransportfiji.com/library/Fleet/VIP+Interior.JPG
[DuckDuckGo] minibus: keyword='minibus passenger van', remaining=32
[WARN] Failed to download DDG image for minibus: 410 Client Error: Gone for url: https://www.truck1.eu/img/Bus_TOYOTA_HiAce_small_mini_bus_van-xxl-36907/36907_6899477982233.jpg
[WARN] Failed to download DDG image for minibus: 410 Client Error: Gone for url: https://www.truck1.eu/img/Bus_TOYOTA_Hiace_mini_van_passenger_mini_bus-xxl-36907/36907_8138169802996.jpg
[WARN] Failed to download DDG image for minibus: 403 Client Error: Forbidden for url: https://northwestrentals.co.nz/wp-content/uploads/2024/02/Ursula3.jpg
[WARN] Failed to download DDG image for minibus: 403 Client Error: Forbidden for url: https://luxuryvansmelbourne.com.au/wp-content/uploads/2025/04/luxury-vans-melbourne-0466800100-1.png
[WARN] Failed to download DDG image for minibus: 410 Client Error: Gone for url: https://www.truck1.eu/img/Bus_TOYOTA_Hiace_mini_van_small_passenger_van_city_bus-xxl-36907/36907_4366235172.jpg
[WARN] Failed to download DDG image for minibus: 410 Client Error: Gone for url: https://www.truck1.eu/img/Bus_TOYOTA_Hiace_mini_van_small_passenger_van_city_bus-xxl-36907/36907_7416226230.jpg
[WARN] Failed to download DDG image for minibus: 410 Client Error: Gone for url: https://www.truck1.eu/img/Bus_TOYOTA_HiAce_small_mini_bus_van-xxl-36907/36907_9570296377214.jpg
[WARN] Failed to download DDG image for minibus: 403 Client Error: Forbidden for url: https://northwestrentals.co.nz/wp-content/uploads/2024/02/Ursula5.jpg
[WARN] Failed to download DDG image for minibus: 410 Client Error: Gone for url: https://www.truck1.eu/img/Bus_TOYOTA_HiAce_small_mini_bus_van-xxl-36907/36907_4950362083773.jpg
[DuckDuckGo] minibus: keyword='airport minibus', remaining=6
[DuckDuckGo] minibus: keyword='minibus vehicle', remaining=5
[DONE] minibus: raw_count=3300

[Crawl] label=motorcycle, source=naver, current_raw=3000, next_raw_goal=3150

$ C:\Users\Admin\AppData\Local\Programs\Python\Python310\python.exe scripts/crawl_images.py --labels motorcycle --sources naver --limit-per-label 3150
_________________________________
Current web-browser version:	148.0.7778.168
Current chrome-driver version:	148.0.7778.167
_________________________________
Collecting links... motorcycle on road from naver
Scrolling down
Scraping links
Collect links done. Site: naver, Keyword: motorcycle on road, Total: 488
Downloading images from collected links... motorcycle on road from naver
Downloading motorcycle on road from naver: 1 / 60
Downloading motorcycle on road from naver: 2 / 60
Downloading motorcycle on road from naver: 3 / 60
Downloading motorcycle on road from naver: 4 / 60
Downloading motorcycle on road from naver: 5 / 60
Downloading motorcycle on road from naver: 6 / 60
Downloading motorcycle on road from naver: 7 / 60
Downloading motorcycle on road from naver: 8 / 60
Downloading motorcycle on road from naver: 9 / 60
Downloading motorcycle on road from naver: 10 / 60
Downloading motorcycle on road from naver: 11 / 60
Downloading motorcycle on road from naver: 12 / 60
Downloading motorcycle on road from naver: 13 / 60
Downloading motorcycle on road from naver: 14 / 60
Downloading motorcycle on road from naver: 15 / 60
Downloading motorcycle on road from naver: 16 / 60
Downloading motorcycle on road from naver: 17 / 60
Downloading motorcycle on road from naver: 18 / 60
Downloading motorcycle on road from naver: 19 / 60
Downloading motorcycle on road from naver: 20 / 60
Downloading motorcycle on road from naver: 21 / 60
Downloading motorcycle on road from naver: 22 / 60
Downloading motorcycle on road from naver: 23 / 60
Downloading motorcycle on road from naver: 24 / 60
Downloading motorcycle on road from naver: 25 / 60
Downloading motorcycle on road from naver: 26 / 60
Downloading motorcycle on road from naver: 27 / 60
Downloading motorcycle on road from naver: 28 / 60
Downloading motorcycle on road from naver: 29 / 60
Downloading motorcycle on road from naver: 30 / 60
Downloading motorcycle on road from naver: 31 / 60
Downloading motorcycle on road from naver: 32 / 60
Downloading motorcycle on road from naver: 33 / 60
Downloading motorcycle on road from naver: 34 / 60
Downloading motorcycle on road from naver: 35 / 60
Downloading motorcycle on road from naver: 36 / 60
Downloading motorcycle on road from naver: 37 / 60
Downloading motorcycle on road from naver: 38 / 60
Downloading motorcycle on road from naver: 39 / 60
Downloading motorcycle on road from naver: 40 / 60
Downloading motorcycle on road from naver: 41 / 60
Downloading motorcycle on road from naver: 42 / 60
Downloading motorcycle on road from naver: 43 / 60
Downloading motorcycle on road from naver: 44 / 60
Downloading motorcycle on road from naver: 45 / 60
Downloading motorcycle on road from naver: 46 / 60
Downloading motorcycle on road from naver: 47 / 60
Downloading motorcycle on road from naver: 48 / 60
Downloading motorcycle on road from naver: 49 / 60
Downloading motorcycle on road from naver: 50 / 60
Downloading motorcycle on road from naver: 51 / 60
Downloading motorcycle on road from naver: 52 / 60
Downloading motorcycle on road from naver: 53 / 60
Downloading motorcycle on road from naver: 54 / 60
Downloading motorcycle on road from naver: 55 / 60
Downloading motorcycle on road from naver: 56 / 60
Downloading motorcycle on road from naver: 57 / 60
Downloading motorcycle on road from naver: 58 / 60
Downloading motorcycle on road from naver: 59 / 60
Downloading motorcycle on road from naver: 60 / 60
Done naver : motorcycle on road
_________________________________
Current web-browser version:	148.0.7778.168
Current chrome-driver version:	148.0.7778.167
_________________________________
Collecting links... motorcycle side view from naver
Scrolling down
Scraping links
Collect links done. Site: naver, Keyword: motorcycle side view, Total: 494
Downloading images from collected links... motorcycle side view from naver
Downloading motorcycle side view from naver: 1 / 60
Renamed extension jpg -> png
Downloading motorcycle side view from naver: 2 / 60
Downloading motorcycle side view from naver: 3 / 60
Downloading motorcycle side view from naver: 4 / 60
Downloading motorcycle side view from naver: 5 / 60
Downloading motorcycle side view from naver: 6 / 60
Downloading motorcycle side view from naver: 7 / 60
Downloading motorcycle side view from naver: 8 / 60
Downloading motorcycle side view from naver: 9 / 60
Downloading motorcycle side view from naver: 10 / 60
Downloading motorcycle side view from naver: 11 / 60
Downloading motorcycle side view from naver: 12 / 60
Downloading motorcycle side view from naver: 13 / 60
Downloading motorcycle side view from naver: 14 / 60
Downloading motorcycle side view from naver: 15 / 60
Downloading motorcycle side view from naver: 16 / 60
Downloading motorcycle side view from naver: 17 / 60
Downloading motorcycle side view from naver: 18 / 60
Downloading motorcycle side view from naver: 19 / 60
Downloading motorcycle side view from naver: 20 / 60
Downloading motorcycle side view from naver: 21 / 60
Downloading motorcycle side view from naver: 22 / 60
Downloading motorcycle side view from naver: 23 / 60
Downloading motorcycle side view from naver: 24 / 60
Downloading motorcycle side view from naver: 25 / 60
Downloading motorcycle side view from naver: 26 / 60
Downloading motorcycle side view from naver: 27 / 60
Downloading motorcycle side view from naver: 28 / 60
Downloading motorcycle side view from naver: 29 / 60
Downloading motorcycle side view from naver: 30 / 60
Downloading motorcycle side view from naver: 31 / 60
Downloading motorcycle side view from naver: 32 / 60
Downloading motorcycle side view from naver: 33 / 60
Downloading motorcycle side view from naver: 34 / 60
Downloading motorcycle side view from naver: 35 / 60
Downloading motorcycle side view from naver: 36 / 60
Downloading motorcycle side view from naver: 37 / 60
Downloading motorcycle side view from naver: 38 / 60
Downloading motorcycle side view from naver: 39 / 60
Downloading motorcycle side view from naver: 40 / 60
Downloading motorcycle side view from naver: 41 / 60
Downloading motorcycle side view from naver: 42 / 60
Downloading motorcycle side view from naver: 43 / 60
Downloading motorcycle side view from naver: 44 / 60
Downloading motorcycle side view from naver: 45 / 60
Downloading motorcycle side view from naver: 46 / 60
Downloading motorcycle side view from naver: 47 / 60
Downloading motorcycle side view from naver: 48 / 60
Downloading motorcycle side view from naver: 49 / 60
Downloading motorcycle side view from naver: 50 / 60
Downloading motorcycle side view from naver: 51 / 60
Downloading motorcycle side view from naver: 52 / 60
Downloading motorcycle side view from naver: 53 / 60
Downloading motorcycle side view from naver: 54 / 60
Downloading motorcycle side view from naver: 55 / 60
Downloading motorcycle side view from naver: 56 / 60
Downloading motorcycle side view from naver: 57 / 60
Downloading motorcycle side view from naver: 58 / 60
Downloading motorcycle side view from naver: 59 / 60
Downloading motorcycle side view from naver: 60 / 60
Done naver : motorcycle side view
_________________________________
Current web-browser version:	148.0.7778.168
Current chrome-driver version:	148.0.7778.167
_________________________________
Collecting links... sport motorcycle from naver
Scrolling down
Scraping links
Collect links done. Site: naver, Keyword: sport motorcycle, Total: 492
Downloading images from collected links... sport motorcycle from naver
Downloading sport motorcycle from naver: 1 / 60
Downloading sport motorcycle from naver: 2 / 60
Downloading sport motorcycle from naver: 3 / 60
Downloading sport motorcycle from naver: 4 / 60
Downloading sport motorcycle from naver: 5 / 60
Downloading sport motorcycle from naver: 6 / 60
Downloading sport motorcycle from naver: 7 / 60
Downloading sport motorcycle from naver: 8 / 60
Downloading sport motorcycle from naver: 9 / 60
Downloading sport motorcycle from naver: 10 / 60
Downloading sport motorcycle from naver: 11 / 60
Options - skip:False, threads:4, google:False, naver:True, full_resolution:False, face:False, no_gui:False, limit:60, _proxy_list:['']
12 keywords found: ['motor scooter', 'motorbike', 'motorcycle', 'motorcycle on road', 'motorcycle outdoor', 'motorcycle photo', 'motorcycle side view', 'scooter motorcycle', 'scooter on road', 'sport motorcycle', 'street motorcycle', 'touring motorcycle']
Task ended. Pool join.
Data imbalance checking...
dir: download/motor scooter, file_count: 61
dir: download/motorbike, file_count: 61
dir: download/motorcycle, file_count: 61
dir: download/motorcycle on road, file_count: 61
dir: download/motorcycle outdoor, file_count: 61
dir: download/motorcycle photo, file_count: 61
dir: download/motorcycle side view, file_count: 61
dir: download/scooter motorcycle, file_count: 61
dir: download/scooter on road, file_count: 61
dir: download/sport motorcycle, file_count: 61
dir: download/street motorcycle, file_count: 61
dir: download/touring motorcycle, file_count: 61
Data imbalance not detected.
End Program
Project root: D:\Workspace\Nam4\KHDL\vehicle-classification\traffic_vehicle_classification
Selected sources: naver
Target raw images per label: 3150
[START] motorcycle: current=3000, target=3150
[AutoCrawler] motorcycle: crawling from naver
[DONE] motorcycle: raw_count=3150

[Crawl] label=motorcycle, source=duckduckgo, current_raw=3150, next_raw_goal=3300

$ C:\Users\Admin\AppData\Local\Programs\Python\Python310\python.exe scripts/crawl_images.py --labels motorcycle --sources duckduckgo --limit-per-label 3300
